temperatura,pressao,posicao_valvula,vazao_massica
21.0635,5.3818,0.8205,0.4264
26.6596,6.6453,0.5679,0.3688
21.7032,6.0734,0.7994,0.4744
26.2767,4.9209,0.1093,0.0509
23.2287,6.119,0.6951,0.4148
21.8196,3.5916,0.3432,0.1119
24.7682,7.2989,0.3479,0.2509
24.7797,1.9242,0.6786,0.0962
25.7375,5.4191,0.7815,0.4061
23.8215,2.959,0.9483,0.2432
25.0143,5.9514,0.5258,0.3034
20.5841,7.8931,0.0034,0.0027
22.8817,4.131,0.7579,0.2908
21.7899,6.623,0.4814,0.314
27.358,3.9157,0.1131,0.0405
28.782,4.2485,0.8514,0.3341
28.2067,1.8336,0.8332,0.1089
23.1754,7.475,0.8551,0.6343
28.0226,2.2069,0.4308,0.0744
21.9236,6.1383,0.0904,0.0543
24.6306,6.3922,0.8987,0.5612
28.7545,7.826,0.9414,0.7269
22.6333,5.4854,0.3543,0.1876
24.1982,6.3567,0.7709,0.4789
26.1526,7.3921,0.5772,0.421
20.1701,2.1196,0.7113,0.1174
26.801,6.049,0.6739,0.3947
29.8053,3.6714,0.9233,0.3049
27.7634,4.8841,0.8795,0.4053
22.9155,7.2972,0.4973,0.3596
24.7625,6.5564,0.899,0.5771
20.6078,7.0993,0.6452,0.4547
24.4559,6.2868,0.4866,0.2985
29.5344,4.9414,0.9129,0.4251
24.8341,6.3061,0.9157,0.5632
23.601,6.2431,0.7842,0.4781
25.6869,3.2927,0.3858,0.1126
21.6909,3.2016,0.4035,0.1145
22.7771,2.6841,0.26,0.059
23.3479,4.3077,0.4415,0.1777
24.1266,3.8519,0.5002,0.1765
21.3372,3.4499,0.1973,0.0614
25.4399,7.5136,0.4008,0.2979
27.5645,7.3235,0.8179,0.5892
27.7967,2.8203,0.3408,0.0817
22.7279,5.0084,0.6381,0.3051
24.2842,6.8523,0.1174,0.0791
20.7621,5.9266,0.871,0.5039
20.1512,6.6777,0.4077,0.2691
27.8192,7.7678,0.7099,0.5446
28.3744,4.2392,0.7268,0.2847
25.4746,6.898,0.7943,0.5382
24.4233,2.5369,0.1495,0.0314
23.972,7.591,0.5133,0.3866
28.7459,2.3563,0.9453,0.1785
22.1685,4.5934,0.0022,0.001
23.1454,6.3544,0.4465,0.2777
20.294,2.8442,0.2006,0.0492
22.7701,7.0026,0.6613,0.4575
26.889,3.7146,0.8296,0.2792
20.9843,6.7775,0.4099,0.2745
27.8431,2.4998,0.4903,0.1004
20.7909,6.0978,0.2316,0.1383
29.9822,6.6577,0.4976,0.322
23.9279,6.849,0.9838,0.6631
22.6318,2.692,0.5257,0.1197
21.0278,2.0541,0.584,0.092
21.1187,2.9886,0.545,0.1422
22.1423,1.4543,0.2708,0.0235
20.5068,2.7332,0.8859,0.2065
29.7463,5.4912,0.033,0.0173
27.0558,5.9916,0.714,0.4137
22.0782,7.9202,0.7998,0.6326
22.9571,5.8181,0.4794,0.2708
22.0032,1.4633,0.6654,0.0585
20.8371,6.3531,0.5892,0.3679
20.9088,5.2949,0.3113,0.1589
26.362,7.8911,0.4143,0.3241
20.1472,4.0147,0.3721,0.1388
23.776,4.1723,0.6161,0.2388
20.2844,2.8134,0.6463,0.1564
25.6148,1.4674,0.1989,0.0175
23.8432,7.5466,0.3694,0.2766
26.9402,5.9338,0.2948,0.169
29.6043,5.5193,0.8356,0.4402
20.4115,1.5871,0.9029,0.0934
29.2234,7.7774,0.9636,0.7385
29.4366,1.3143,0.0989,0.0067
28.65,2.4427,0.3346,0.0664
23.0714,3.988,0.6964,0.2564
20.6408,3.4576,0.4618,0.1442
23.7625,7.2138,0.1547,0.1103
21.339,5.9632,0.9959,0.5795
26.4788,4.2408,0.1121,0.0441
27.8106,2.7548,0.1482,0.0345
23.9249,5.1957,0.0036,0.0018
28.677,2.8706,0.4442,0.1088
21.3431,5.363,0.5469,0.283
29.294,2.9418,0.2251,0.0568
20.7578,5.5362,0.1445,0.0776
28.5106,4.5936,0.7033,0.302
24.217,6.394,0.0829,0.0518
29.0396,4.1672,0.9087,0.3486
28.2479,5.0504,0.1267,0.0606
21.737,7.3116,0.0295,0.0214
24.6546,3.6393,0.5078,0.1674
28.4085,5.9375,0.9233,0.5284
26.0064,2.7164,0.0345,0.0079
29.7634,2.3564,0.143,0.027
24.5678,6.4588,0.7819,0.4939
29.8156,4.0669,0.4015,0.1496
21.4898,6.2937,0.868,0.5358
27.2043,4.3135,0.0314,0.0126
27.8493,1.2889,0.6014,0.0388
27.0905,2.3024,0.5248,0.0963
20.6727,7.7623,0.5764,0.4472
25.2517,2.2877,0.3492,0.0637
27.4811,2.6622,0.796,0.1773
23.3535,4.5163,0.8511,0.3615
26.28,5.3703,0.958,0.4923
28.9362,2.8881,0.2432,0.06
21.3454,4.4685,0.4461,0.1878
26.5605,5.339,0.8653,0.4416
26.8158,6.6069,0.7331,0.4729
25.3003,4.9209,0.8936,0.4171
21.9394,7.3309,0.4171,0.3037
28.9425,5.5176,0.4152,0.2189
21.0891,5.3506,0.411,0.2122
28.6602,2.933,0.8761,0.2204
27.1283,3.2966,0.381,0.111
29.5605,1.8718,0.4196,0.0565
26.3572,3.8423,0.6094,0.2136
25.0764,2.7141,0.938,0.215
27.2754,2.4252,0.3669,0.0722
25.4782,4.5726,0.4726,0.2029
27.1319,4.0929,0.4162,0.1568
23.3984,5.3708,0.4437,0.2292
29.2294,6.3307,0.9876,0.6056
20.5911,7.4597,0.8018,0.5961
29.8392,3.0284,0.2481,0.0648
28.8054,2.4174,0.9778,0.1912
26.9794,7.4027,0.6869,0.501
28.8495,6.0199,0.7895,0.4584
27.5674,4.4249,0.7223,0.2976
27.1429,2.7611,0.4136,0.0966
29.6937,6.4964,0.4588,0.2892
23.0179,1.2417,0.4924,0.0288
26.3238,3.3794,0.958,0.2881
29.2918,5.136,0.2375,0.1155
23.3796,7.4637,0.2473,0.1831
23.3519,5.3126,0.0188,0.0096
21.826,5.018,0.319,0.1531
27.7168,6.1758,0.9726,0.5819
27.6314,1.9112,0.0681,0.0095
25.2053,3.0404,0.3976,0.1052
26.9683,1.3978,0.9963,0.0787
28.1222,7.6632,0.3022,0.2284
20.9976,1.5631,0.8238,0.0827
20.7913,5.7389,0.6818,0.3807
27.7194,6.4347,0.9731,0.6089
21.2687,4.6553,0.0951,0.042
27.7428,1.6499,0.8206,0.0899
25.1628,3.9072,0.0439,0.0157
29.8754,3.4471,0.033,0.0101
27.0888,7.0573,0.8681,0.6013
25.9417,5.9991,0.9696,0.5636
23.8798,3.5574,0.5922,0.1903
24.6416,3.888,0.2913,0.1038
25.7742,4.7614,0.7583,0.3407
25.9965,2.8437,0.8796,0.2138
21.114,6.7736,0.6301,0.4216
27.1466,5.1208,0.3177,0.1546
22.7485,7.9491,0.5926,0.47
23.9869,6.0132,0.6054,0.3539
22.6997,1.7529,0.8927,0.1094
29.008,2.7723,0.245,0.0574
20.1878,2.9558,0.6422,0.1655
25.6812,7.493,0.1569,0.1162
20.6482,3.0727,0.9624,0.2601
25.7219,3.7804,0.9481,0.3264
27.867,5.3205,0.0796,0.0404
20.5746,3.8456,0.6143,0.2176
22.3166,7.5286,0.5839,0.4372
25.4504,1.9243,0.1569,0.0222
27.5959,7.885,0.664,0.5179
26.4751,4.3191,0.7126,0.2861
20.0288,3.6081,0.8996,0.2959
22.5723,4.5064,0.5178,0.2197
23.5675,4.4989,0.5477,0.2316
20.2461,6.1344,0.6,0.3608
22.0281,4.0727,0.0154,0.0058
27.2993,1.9022,0.1967,0.0273
26.0686,5.1786,0.7901,0.39
23.4845,3.1926,0.1395,0.0393
25.7321,5.8003,0.0093,0.0052
28.865,6.0212,0.9966,0.5788
25.5423,5.6329,0.8449,0.4584
26.0001,2.6559,0.5769,0.1284
29.7998,2.8263,0.0143,0.0034
21.1585,7.9939,0.8556,0.6845
29.6693,2.1435,0.8123,0.1341
26.4163,5.0703,0.685,0.33
24.5537,4.5595,0.4621,0.1981
21.7503,5.3039,0.1297,0.0662
24.2345,4.9478,0.7113,0.3346
25.8069,6.9773,0.352,0.2413
29.8231,3.4272,0.2824,0.0859
29.3013,6.7609,0.0898,0.0592
23.9103,2.6917,0.1895,0.0431
28.8273,5.9673,0.0332,0.0191
21.0356,6.0708,0.7703,0.4574
27.5164,2.2764,0.4438,0.0801
24.2608,2.3883,0.7528,0.1459
28.9114,6.5811,0.4514,0.289
22.036,3.8101,0.4455,0.1557
28.07,6.7838,0.424,0.2809
21.7799,5.6528,0.9167,0.5025
28.7361,4.1454,0.1355,0.0517
23.8944,6.503,0.5712,0.3639
24.9428,3.9832,0.414,0.1517
29.0691,4.8344,0.1803,0.082
23.9412,3.5871,0.4937,0.1602
26.5202,7.1579,0.675,0.4752
21.3616,3.4332,0.627,0.1938
27.9836,5.3144,0.8032,0.4068
26.1487,7.1048,0.6428,0.4492
20.2292,7.159,0.9046,0.6437
21.2834,5.7627,0.1105,0.0619
26.4541,7.2533,0.2065,0.1475
20.0063,3.0739,0.6462,0.1749
29.2607,3.743,0.8793,0.2974
28.3874,7.2899,0.0647,0.0463
25.7833,5.637,0.7805,0.4237
24.7818,5.4585,0.143,0.075
20.1855,2.5023,0.0603,0.0125
25.9011,2.9263,0.9455,0.2383
21.1941,3.9337,0.1949,0.0708
25.9036,4.6196,0.844,0.3663
23.7852,4.1736,0.2305,0.0894
24.5809,3.1383,0.3882,0.107
20.6973,1.494,0.7049,0.0648
26.2888,7.9595,0.8526,0.6731
27.8066,5.0541,0.0173,0.0083
24.6429,4.4747,0.7401,0.3104
23.8975,2.1129,0.6052,0.0988
27.6557,5.6327,0.7625,0.4122
27.1889,3.5025,0.0344,0.0108
22.6205,6.5629,0.5869,0.3785
26.9017,3.3051,0.2952,0.0864
27.0415,4.0297,0.6281,0.2325
26.5277,5.7342,0.7395,0.4086
28.4648,5.4254,0.7137,0.3696
29.1546,6.5996,0.4915,0.3154
23.3167,5.8407,0.9987,0.5661
28.981,4.7726,0.826,0.3701
26.0763,3.2081,0.9997,0.2824
29.5442,5.6889,0.8696,0.4739
28.846,6.1669,0.8084,0.482
25.0481,6.9464,0.9547,0.6522
24.4972,7.9913,0.2122,0.1688
26.9819,6.4468,0.0446,0.028
20.4694,3.1838,0.0759,0.0215
27.2428,7.4046,0.4089,0.2982
26.3589,5.3854,0.7495,0.3863
27.5071,4.3713,0.4729,0.1922
22.4981,4.2002,0.8464,0.3313
22.0794,3.9564,0.4538,0.1658
22.3798,2.4582,0.0873,0.0176
28.2646,5.4375,0.8847,0.4595
23.0457,6.9645,0.4637,0.3188
24.6125,7.0947,0.6564,0.4592
21.026,3.5443,0.4796,0.1541
20.5361,5.2708,0.7773,0.395
29.41,2.4799,0.3964,0.0801
25.3205,3.9401,0.9577,0.3463
20.5757,6.1227,0.3909,0.2345
21.4331,6.7875,0.879,0.5892
29.2696,6.7869,0.3878,0.2565
26.4778,6.5582,0.9788,0.6267
27.0495,5.07,0.3496,0.1683
26.7639,4.677,0.2532,0.1113
24.7594,1.7883,0.0296,0.0037
27.6185,4.5124,0.4519,0.1904
24.7669,5.4411,0.3759,0.1965
22.4772,5.7156,0.7849,0.435
20.419,2.1345,0.8922,0.1487
22.3503,4.9172,0.9979,0.4677
22.721,2.568,0.7181,0.1538
21.3535,4.9689,0.7682,0.3649
20.6824,3.0989,0.0836,0.0228
22.1713,6.4522,0.5156,0.3266
26.4748,2.234,0.9966,0.1755
21.5467,7.6642,0.0045,0.0034
22.8774,6.4037,0.0028,0.0018
27.002,2.6207,0.5914,0.1291
28.0188,4.5911,0.8431,0.3621
27.9326,3.3126,0.7482,0.2191
24.6027,6.8062,0.6916,0.4625
22.5327,1.844,0.0171,0.0023
22.1645,6.5336,0.2907,0.1867
29.1881,1.2947,0.9336,0.0609
24.6274,7.2482,0.0017,0.0012
22.3408,5.0427,0.0866,0.0418
20.4127,4.3437,0.3997,0.1632
27.6589,7.191,0.272,0.1921
27.2402,7.4407,0.0482,0.0354
22.5844,5.0672,0.241,0.1168
20.5952,4.7717,0.3301,0.15
20.6857,5.8119,0.6721,0.3806
26.0212,1.6545,0.6201,0.0685
27.9944,1.8156,0.1237,0.0159
20.9558,3.9006,0.4552,0.1639
24.0825,7.6422,0.2903,0.2202
28.2493,1.3588,0.9242,0.0682
22.7495,7.2322,0.2346,0.1681
20.0592,2.0878,0.7193,0.1162
24.885,5.3622,0.1011,0.052
20.2276,7.842,0.0613,0.0482
23.8528,7.2882,0.1532,0.1104
24.9635,5.229,0.4227,0.2113
25.7716,4.0815,0.7859,0.2959
25.8478,3.0229,0.953,0.2502
25.8954,3.9305,0.5701,0.2054
27.8291,4.6791,0.0161,0.0071
25.7894,4.9361,0.5439,0.2545
25.278,5.1413,0.3336,0.1636
22.7644,7.3124,0.0336,0.0244
21.0113,6.64,0.3832,0.251
28.4354,4.6214,0.059,0.0255
22.7138,7.3561,0.0239,0.0174
25.4341,1.2347,0.7052,0.0403
28.2407,7.3125,0.198,0.1423
21.7274,7.763,0.3229,0.2501
28.3841,6.7432,0.0651,0.0428
29.3658,2.7256,0.368,0.0842
21.0553,7.8076,0.5963,0.4652
26.2778,1.6477,0.7087,0.0777
29.1593,6.615,0.0595,0.0383
24.8719,4.7947,0.2696,0.1223
23.0784,6.037,0.9914,0.5831
25.0109,2.5988,0.5432,0.1177
24.2665,5.143,0.8675,0.4262
24.9914,5.0108,0.4949,0.2359
28.0177,5.2496,0.551,0.2753
28.6387,3.8202,0.8148,0.2826
21.7897,4.638,0.7361,0.3232
22.8589,7.4965,0.6487,0.483
24.4713,6.4566,0.7524,0.4752
20.2299,7.8799,0.3866,0.305
28.9245,6.9438,0.8232,0.5586
21.5365,2.6107,0.7778,0.1705
20.3932,1.3809,0.8831,0.0686
22.7079,7.0667,0.2302,0.1608
23.5286,5.7836,0.9043,0.5069
20.0311,5.266,0.1543,0.0784
24.1778,3.2166,0.3302,0.0939
20.0219,1.8961,0.4698,0.0656
22.1085,6.5696,0.2954,0.1909
20.2667,5.0104,0.3409,0.1637
25.5558,5.8412,0.891,0.5032
29.2879,4.3188,0.7066,0.2824
27.458,3.4688,0.5723,0.1773
29.0488,3.7827,0.9606,0.3291
28.6901,3.2805,0.5677,0.164
24.5022,6.8557,0.2768,0.1866
25.4444,2.3237,0.0878,0.0164
20.6311,4.1602,0.057,0.0221
27.3492,7.1153,0.6135,0.4285
20.2602,1.6039,0.2523,0.0266
26.916,5.0955,0.4685,0.2268
27.3832,2.7326,0.3482,0.0802
23.3592,6.8629,0.7731,0.5228
22.958,5.7387,0.5362,0.2983
29.8823,6.9349,0.9364,0.6334
24.6321,4.8388,0.3254,0.1492
22.0656,5.8317,0.7939,0.4502
27.6953,1.9076,0.909,0.1266
29.4863,5.0078,0.6595,0.3118
22.5985,5.8798,0.7244,0.4142
28.0548,5.3898,0.2967,0.1526
28.9176,3.3165,0.5959,0.1744
23.5621,1.3185,0.1509,0.0104
22.881,4.1127,0.4623,0.1765
24.886,5.4462,0.4701,0.246
25.6373,6.0574,0.8367,0.4918
28.6769,1.6943,0.1583,0.0181
20.6238,6.0131,0.3647,0.2144
23.2418,3.2041,0.0527,0.0149
22.8739,6.2409,0.598,0.3649
22.4968,3.4107,0.0643,0.0197
23.7266,7.8758,0.0023,0.0018
28.7804,5.0853,0.378,0.182
29.1909,5.4751,0.146,0.0763
26.9149,1.3983,0.8383,0.0663
23.8047,4.5062,0.2368,0.1003
28.3038,5.3586,0.0052,0.0026
29.8723,1.7711,0.4612,0.0568
23.6789,4.7285,0.6206,0.2776
28.1548,5.3567,0.7822,0.3996
21.2015,7.1031,0.4778,0.3366
24.7513,6.3467,0.5281,0.3272
23.6787,7.5795,0.8342,0.6276
20.6643,2.2254,0.1045,0.0185
25.8323,4.5517,0.9312,0.3975
26.1902,4.4663,0.7866,0.3283
24.5637,3.3278,0.119,0.0352
22.3361,4.8629,0.0977,0.0452
21.6948,3.7754,0.0961,0.0332
22.4712,3.0987,0.8015,0.2182
28.6531,1.6233,0.4581,0.0487
27.9868,4.5599,0.1467,0.0625
21.7954,1.2886,0.3336,0.0217
28.9549,7.0037,0.1851,0.1268
22.381,6.2922,0.0219,0.0135
20.53,3.3697,0.4657,0.141
26.2704,3.3418,0.3402,0.101
28.7691,6.9514,0.6849,0.4654
28.3806,7.369,0.7317,0.5299
22.7201,2.3635,0.4863,0.0932
28.7731,5.8614,0.4677,0.2637
22.0332,1.7079,0.7845,0.0922
26.259,4.937,0.4922,0.2302
24.9674,6.9432,0.0202,0.0138
24.5865,1.673,0.4608,0.052
24.3795,7.8813,0.9294,0.7284
22.942,4.3758,0.2927,0.12
23.3684,1.6006,0.8265,0.0864
22.2003,3.2304,0.1854,0.0532
22.1387,3.6739,0.3392,0.1136
24.8687,2.0399,0.8772,0.1359
22.653,4.306,0.2441,0.0983
27.8109,1.4866,0.4924,0.0443
23.6362,5.388,0.3564,0.1847
29.8664,4.9075,0.6941,0.3205
20.7044,2.1734,0.4545,0.0777
23.9784,6.387,0.2248,0.1404
25.0859,7.8075,0.7877,0.6104
22.3678,7.1183,0.3455,0.2434
20.1168,2.7052,0.7813,0.1799
23.7075,2.7883,0.6248,0.1486
20.1991,3.6971,0.9349,0.3164
23.6749,3.9306,0.1759,0.0636
27.6103,3.6315,0.3182,0.1041
21.5087,1.2091,0.8825,0.0475
25.8779,6.5208,0.1505,0.0959
25.8306,5.2389,0.9519,0.4762
28.8362,5.7206,0.3804,0.2088
22.4042,3.1772,0.7794,0.2189
26.8108,5.6253,0.5984,0.3235
20.7557,1.3514,0.383,0.0283
28.0671,4.092,0.2872,0.1081
20.4585,2.006,0.3529,0.0537
24.4868,2.6411,0.238,0.0527
28.2598,1.3625,0.9678,0.0719
27.9033,1.2921,0.5583,0.0363
22.4672,3.1227,0.8596,0.2363
25.0808,7.2772,0.9546,0.6858
29.4923,1.8322,0.0679,0.0088
29.4728,5.7233,0.7269,0.3988
22.3005,4.6112,0.7507,0.3271
22.8119,7.2643,0.8294,0.597
28.9241,2.4614,0.2879,0.0577
29.2562,4.8444,0.8388,0.3821
24.0086,5.4416,0.6803,0.3561
23.6803,6.2723,0.6948,0.4257
27.6665,4.2784,0.824,0.3266
26.5374,6.9529,0.7008,0.4781
21.0984,4.777,0.7169,0.3259
27.8228,5.2403,0.1063,0.053
21.5194,3.1105,0.7477,0.2049
22.0649,6.1986,0.5877,0.3564
22.3092,7.5695,0.3273,0.2465
26.228,4.9038,0.8054,0.3739
23.1374,7.0691,0.5438,0.3798
29.1786,2.4405,0.5594,0.1107
24.2615,7.2376,0.8241,0.5894
24.9736,7.2708,0.0705,0.0506
21.9592,7.7002,0.3053,0.2343
21.108,3.4477,0.3716,0.1155
24.0099,7.8376,0.4875,0.38
27.0855,7.6289,0.2576,0.194
23.3549,4.4757,0.4644,0.1953
24.7273,2.3452,0.4807,0.0908
27.1055,2.3366,0.1422,0.0266
21.1391,5.0809,0.7795,0.3798
23.8324,1.5352,0.5056,0.0488
28.8685,6.1916,0.6495,0.389
23.8104,2.4731,0.9879,0.2009
27.3649,7.9711,0.2902,0.2291
29.3329,2.6004,0.7054,0.1519
29.637,1.9755,0.0871,0.0128
23.5478,7.1497,0.8521,0.6021
24.6213,6.3103,0.6811,0.4194
21.8809,5.1274,0.9835,0.4835
27.2967,7.1355,0.1254,0.0879
26.5147,5.2646,0.6543,0.3288
29.6871,3.1412,0.1176,0.0322
21.523,1.3627,0.3149,0.0237
22.2566,3.7633,0.3873,0.1334
26.9952,7.5281,0.668,0.4962
21.6854,5.621,0.0781,0.0426
20.4151,4.0996,0.1506,0.0575
25.6763,6.2221,0.9626,0.5826
22.5237,7.336,0.3681,0.2679
28.1051,2.7417,0.677,0.1565
29.7773,1.4113,0.4319,0.0347
24.4013,6.1448,0.0727,0.0435
29.2636,6.5214,0.4366,0.2765
23.1021,1.2155,0.6433,0.0351
27.0231,1.7007,0.2618,0.0303
21.7272,7.9758,0.2622,0.209
26.8639,5.0066,0.6047,0.287
26.957,3.6322,0.3799,0.1245
26.9573,2.0077,0.748,0.1127
24.9823,7.8648,0.7336,0.5731
23.934,7.0625,0.3084,0.2149
25.4354,7.581,0.3157,0.2369
23.3032,6.9441,0.73,0.5
22.4713,2.7764,0.3279,0.0777
24.2372,3.5095,0.2097,0.0663
29.2889,7.6654,0.4852,0.3661
29.5119,2.6868,0.7336,0.1648
22.8301,1.7618,0.5071,0.0627
21.0456,7.1457,0.7288,0.5169
20.6046,3.3123,0.9184,0.2722
20.9778,3.9657,0.9202,0.3378
20.8146,4.2752,0.5047,0.2022
29.8604,1.555,0.1989,0.0195
26.4663,4.3316,0.8612,0.3469
29.175,7.0334,0.2781,0.1913
26.5143,6.6867,0.9689,0.6336
22.8165,2.6514,0.578,0.129
25.8847,5.7504,0.5377,0.2983
27.2595,7.8119,0.2873,0.2219
26.5944,7.0574,0.0754,0.0523
24.8904,5.6231,0.8034,0.4355
27.1474,2.3514,0.9283,0.1753
22.7111,1.3685,0.2704,0.0205
27.0174,2.2952,0.7312,0.1336
28.5364,5.1651,0.3528,0.173
29.4464,4.0083,0.6663,0.2442
27.7193,2.8258,0.6232,0.1498
22.4418,2.871,0.0592,0.0146
28.8533,2.0374,0.2453,0.0377
28.8609,5.4288,0.9102,0.4714
27.4883,2.0713,0.4058,0.064
22.872,2.7769,0.4266,0.1011
27.4692,4.957,0.5177,0.2427
26.5445,2.811,0.1303,0.0312
28.9746,2.3549,0.9322,0.1759
23.6803,5.6867,0.6615,0.3639
22.9913,1.442,0.6845,0.0583
28.6448,4.0006,0.71,0.2599
29.3975,4.6098,0.8248,0.3551
26.7871,5.8989,0.571,0.3254
29.3163,3.3755,0.0823,0.0246
26.5342,4.9932,0.9434,0.4467
25.7873,5.912,0.0583,0.0334
26.4451,1.2815,0.8893,0.0566
22.161,3.8469,0.0278,0.0098
20.54,2.7296,0.8074,0.1879
24.7033,2.2821,0.2676,0.0487
20.9262,5.278,0.9535,0.485
28.1688,2.3469,0.9594,0.1804
27.8764,6.1038,0.6333,0.374
20.1944,2.0639,0.1502,0.0239
29.9257,5.8913,0.5577,0.3157
22.3349,4.5238,0.2087,0.089
20.0468,1.2135,0.0116,0.0006
26.6707,4.3375,0.8844,0.3567
27.8746,5.7903,0.464,0.2585
26.7923,2.947,0.0245,0.0062
20.1094,7.9805,0.6183,0.4947
24.407,5.041,0.7863,0.3777
25.2433,6.249,0.4366,0.2657
29.8805,2.2542,0.4816,0.0854
25.2338,2.3878,0.3191,0.0617
28.1884,7.3328,0.8154,0.5876
25.6045,4.1138,0.7707,0.2929
28.0075,2.8284,0.7614,0.1831
27.1972,5.2183,0.6432,0.3196
29.6934,7.4242,0.0221,0.0161
29.7137,3.9986,0.8729,0.3188
21.4196,1.8023,0.1349,0.0174
24.8241,4.5351,0.9478,0.4035
20.8931,5.7802,0.0632,0.0356
26.8396,3.4311,0.7573,0.2318
23.8043,1.6308,0.9672,0.1045
27.9845,2.2662,0.4077,0.0731
28.7023,5.9261,0.6628,0.3783
25.3913,4.4193,0.5524,0.2281
28.3871,3.1324,0.4505,0.1231
22.5558,3.3692,0.0502,0.0151
25.8585,4.1029,0.0193,0.0073
28.3759,6.0548,0.9541,0.558
25.5941,7.7409,0.3458,0.2653
25.8849,6.0899,0.1803,0.1066
26.5469,6.5726,0.1799,0.1154
25.4356,3.9229,0.5543,0.1994
24.0292,7.2916,0.9547,0.6885
23.6637,3.0304,0.3346,0.0884
28.6405,1.7413,0.7824,0.0939
26.1977,6.9819,0.3289,0.2255
25.1148,1.7349,0.7901,0.0948
20.5261,6.3143,0.7377,0.4577
26.5205,4.2506,0.583,0.2298
23.2275,7.3299,0.0737,0.0535
25.9791,4.2008,0.9341,0.3635
25.4864,3.9768,0.3605,0.1318
28.0075,1.934,0.7605,0.1081
20.627,7.0865,0.7343,0.5164
22.0336,3.1835,0.3381,0.0952
23.3092,6.3878,0.6762,0.4229
27.9832,4.2903,0.5755,0.2287
22.3212,2.1413,0.9377,0.1565
23.864,1.3632,0.2082,0.0156
25.0087,3.3152,0.5249,0.1546
28.8325,1.4811,0.7454,0.0665
25.696,7.0474,0.335,0.2322
24.1231,2.4779,0.9033,0.184
20.4569,6.3806,0.057,0.0358
28.0073,1.9398,0.4468,0.0638
21.3435,4.3373,0.7742,0.3151
20.6236,6.1166,0.6783,0.4064
22.3284,2.5474,0.5021,0.1064
22.7577,6.9007,0.3922,0.267
20.7348,1.5738,0.4446,0.0452
28.4395,1.9252,0.0636,0.009
27.7558,1.587,0.8315,0.0849
27.1179,6.8181,0.2443,0.163
23.2908,6.6302,0.0429,0.028
20.34,1.7256,0.162,0.0194
20.4144,6.0832,0.5825,0.347
23.5317,7.442,0.0898,0.0663
28.5081,5.7151,0.9015,0.4946
27.4428,2.1343,0.5313,0.0875
23.5231,7.5394,0.8507,0.6365
29.2787,4.7888,0.322,0.1448
24.6944,7.524,0.8897,0.663
28.4387,5.8377,0.5921,0.3326
29.0401,2.0069,0.1128,0.0169
24.9892,2.2385,0.6064,0.1073
28.7325,5.4955,0.8708,0.4573
20.3303,6.9687,0.4792,0.3311
27.9017,3.3875,0.4298,0.1293
22.373,5.9917,0.0698,0.0407
22.5112,6.7393,0.4477,0.2973
21.2256,7.2045,0.1019,0.0729
24.003,3.841,0.8426,0.2964
28.5328,3.0159,0.86,0.2241
25.2489,1.4742,0.5195,0.0462
24.5403,1.6058,0.7379,0.0774
22.7361,4.2732,0.4243,0.1693
20.1049,1.5711,0.4591,0.0466
20.918,7.4332,0.8674,0.6421
24.1817,2.4014,0.591,0.1154
22.1747,4.1112,0.1816,0.0694
28.9776,2.6483,0.2921,0.0644
27.31,6.31,0.1921,0.1177
27.8159,5.465,0.1163,0.0608
21.6957,5.3532,0.6257,0.3229
29.8035,4.9593,0.9088,0.4247
23.7939,4.2346,0.1777,0.0701
22.9931,5.063,0.5741,0.2777
23.3638,2.6262,0.0485,0.0107
24.0989,7.3679,0.8307,0.6058
29.3133,5.6177,0.1906,0.1025
24.3469,3.6025,0.4194,0.1367
25.1758,6.8616,0.5134,0.346
22.2753,5.6491,0.4879,0.267
27.3849,1.3902,0.4344,0.0339
29.3936,6.202,0.1867,0.1119
29.3013,6.6774,0.7108,0.462
24.9486,1.7681,0.2506,0.0311
26.9957,2.0245,0.3696,0.0564
20.4808,1.2105,0.5022,0.0272
20.2251,6.2158,0.7865,0.4799
26.1346,1.3003,0.3248,0.0215
20.9918,7.2355,0.2804,0.2016
26.4246,5.6755,0.0564,0.0308
26.9173,2.6743,0.694,0.1556
25.9595,6.4555,0.3046,0.1919
27.5402,6.8476,0.8543,0.5722
24.6662,7.0735,0.574,0.4002
21.9355,3.3602,0.5032,0.1514
23.1191,2.8189,0.0156,0.0038
22.5098,4.1672,0.5228,0.2027
22.3907,7.7427,0.2012,0.1553
24.8405,1.513,0.0496,0.0047
24.3451,4.6196,0.864,0.376
26.1096,1.8774,0.676,0.0921
29.8802,3.2175,0.9922,0.2795
20.1715,7.7807,0.029,0.0226
23.9563,5.7263,0.9597,0.5317
20.8237,6.2305,0.4632,0.2831
29.8374,1.6161,0.689,0.0725
29.827,2.9317,0.6859,0.1721
24.2576,7.3456,0.4641,0.3372
21.1716,3.3864,0.5566,0.1693
23.004,6.6864,0.7142,0.4697
22.9717,5.0544,0.6871,0.3318
27.3616,2.1314,0.0305,0.005
23.27,3.0087,0.6517,0.1708
20.127,5.9305,0.9263,0.5369
27.7457,2.8083,0.9817,0.2341
20.1654,6.4397,0.6667,0.4229
22.1533,2.9232,0.4938,0.1251
29.5653,5.3308,0.3672,0.1861
29.3151,4.298,0.6134,0.2438
25.9104,5.4334,0.5439,0.2833
25.2724,2.9615,0.1321,0.0338
20.9977,6.835,0.5016,0.339
21.3622,7.7841,0.5924,0.4605
23.4745,5.673,0.8604,0.4721
25.9171,5.1618,0.5748,0.2828
21.6482,1.2346,0.7638,0.0439
25.2747,3.801,0.8388,0.2908
26.98,3.4541,0.4378,0.1351
20.116,6.7926,0.0057,0.0038
25.6227,3.6175,0.6187,0.2022
21.6418,2.9896,0.0401,0.0105
25.2069,6.8252,0.6437,0.4313
22.1704,3.1581,0.299,0.0834
28.8958,2.2051,0.3338,0.0575
26.6825,7.0791,0.3024,0.2103
23.8058,2.319,0.1957,0.0365
25.4752,5.7978,0.8086,0.453
28.6111,2.047,0.9762,0.151
24.5222,7.4801,0.2977,0.2205
28.5635,2.8173,0.1258,0.0301
25.8541,3.4073,0.7765,0.2361
27.3487,5.5964,0.9065,0.4868
28.4655,3.9794,0.5057,0.1841
29.0263,2.3942,0.6072,0.1172
25.9052,4.4188,0.799,0.3296
26.6929,4.6798,0.9091,0.3999
22.3853,3.3089,0.1465,0.0432
22.5612,6.3954,0.6966,0.4368
26.2399,3.1514,0.291,0.0804
21.1186,5.2265,0.6535,0.3287
29.3437,4.8848,0.6844,0.3147
27.2822,3.9309,0.2801,0.1007
26.9098,5.0552,0.2315,0.111
29.8817,2.3315,0.7225,0.1342
29.2924,7.3152,0.7337,0.5264
21.9786,7.0521,0.6961,0.4859
25.7742,6.9813,0.3907,0.2681
26.409,2.8598,0.2714,0.0664
27.713,7.745,0.5675,0.4341
20.8054,6.6853,0.3429,0.2263
23.5223,1.3643,0.1499,0.0113
23.6083,2.264,0.3777,0.0681
23.1561,5.5212,0.4804,0.2559
29.736,4.2556,0.9306,0.3653
20.4101,5.2743,0.3047,0.155
22.9043,7.931,0.544,0.4303
28.6569,5.5815,0.6918,0.3696
24.0249,5.818,0.8321,0.4691
20.9446,6.053,0.4365,0.2584
29.483,3.0659,0.9881,0.2624
27.5861,7.3449,0.5738,0.4146
27.7543,1.9666,0.8244,0.1203
29.6481,2.3016,0.3975,0.0726
26.4853,7.5659,0.4785,0.3576
21.1624,1.8079,0.599,0.0775
22.9886,3.1365,0.6962,0.1922
21.1334,4.9434,0.4496,0.2124
27.8905,6.951,0.0218,0.0149
27.7171,4.1672,0.2891,0.1111
29.7464,4.6428,0.5595,0.2427
21.0996,5.3249,0.0556,0.0286
21.2199,3.4726,0.1102,0.0345
22.7442,6.6333,0.2818,0.1838
28.818,6.8578,0.2589,0.1733
27.6652,2.2786,0.3733,0.0674
25.5937,6.8094,0.2483,0.1659
22.1957,3.0893,0.9244,0.2509
20.9102,7.1758,0.4118,0.2934
29.6671,7.8169,0.8545,0.658
22.0454,7.7815,0.66,0.5123
28.3229,1.4043,0.1471,0.0117
21.9469,3.752,0.8846,0.3037
26.6162,2.6581,0.0683,0.0152
26.5133,3.7445,0.2145,0.0729
22.2834,7.1429,0.5107,0.3613
29.7385,3.6892,0.4779,0.1587
28.0271,7.21,0.3707,0.2623
21.2069,2.1712,0.5853,0.0999
23.3375,3.2555,0.9514,0.2748
29.8577,2.6634,0.7544,0.1674
24.5318,5.3793,0.0372,0.0192
29.976,5.787,0.8873,0.4924
20.2431,4.0432,0.1703,0.064
22.9732,3.454,0.4104,0.1275
28.952,2.422,0.4061,0.0796
28.4375,3.9379,0.7892,0.2837
23.8627,7.0362,0.4929,0.3422
20.5608,5.3395,0.6962,0.3589
29.9497,7.5564,0.4462,0.3312
21.408,6.1773,0.7914,0.4787
20.1204,3.7395,0.5202,0.1785
25.4544,2.5624,0.5885,0.1251
21.825,2.7449,0.6358,0.1487
21.6277,4.3086,0.8613,0.3477
21.7398,2.5902,0.7335,0.1591
20.1847,5.7356,0.3976,0.2221
22.687,3.7374,0.4771,0.1629
21.1422,6.7306,0.6426,0.427
29.3907,5.516,0.2625,0.1383
24.9725,4.7008,0.5746,0.2548
25.9639,6.2771,0.3786,0.2313
23.0028,3.9199,0.931,0.336
28.1285,7.8226,0.5862,0.4529
27.1934,4.7174,0.488,0.2165
28.2858,5.9774,0.0571,0.0329
21.3261,1.8265,0.4758,0.0625
27.9648,6.1193,0.2731,0.1617
26.8874,5.4342,0.9397,0.4888
23.5575,7.7306,0.0952,0.0731
20.6367,2.6975,0.7686,0.1761
27.2478,6.6839,0.1177,0.0768
28.6681,1.5667,0.8554,0.0852
28.8398,5.373,0.8237,0.4218
21.5415,6.5992,0.3162,0.2055
24.5281,4.7847,0.2934,0.1329
21.4423,7.6441,0.564,0.4298
29.2061,7.0352,0.6922,0.4761
23.7393,2.2109,0.0761,0.0133
22.5784,3.1715,0.7374,0.2066
20.173,1.4424,0.3648,0.0312
22.3658,6.8256,0.8167,0.5499
29.7137,4.5245,0.2141,0.0902
28.3045,4.2985,0.9493,0.3779
22.3149,3.411,0.8426,0.258
26.8389,5.6541,0.3068,0.1668
29.3667,5.791,0.5086,0.2827
24.0464,7.2553,0.3663,0.2628
27.0644,4.6725,0.5037,0.221
26.1939,2.9316,0.8154,0.2059
28.98,2.6432,0.3496,0.077
29.0867,5.7018,0.8545,0.4671
25.415,1.2826,0.7634,0.0488
22.6948,4.1299,0.1643,0.063
25.9608,5.9478,0.8727,0.5025
20.4832,7.7053,0.8361,0.6438
23.509,7.6596,0.8758,0.6666
23.0702,7.175,0.8744,0.6207
20.4376,7.3598,0.4946,0.3625
26.3968,4.3818,0.294,0.12
25.462,4.7663,0.8644,0.389
27.477,6.646,0.0696,0.0452
27.0147,1.4682,0.7719,0.0678
25.5532,2.3295,0.4687,0.0876
22.0104,6.8911,0.1159,0.0789
23.5513,2.2041,0.5527,0.096
25.3845,4.7248,0.5337,0.2378
27.4312,6.9275,0.3428,0.2326
25.6583,2.5259,0.2889,0.0602
23.1796,2.9171,0.4987,0.1258
23.7847,2.4481,0.2396,0.0481
21.1869,1.4574,0.109,0.0095
25.2948,5.4596,0.5653,0.2964
26.4133,1.7516,0.0881,0.0107
28.292,6.3793,0.7623,0.4721
26.4699,4.8381,0.0815,0.0372
26.3325,6.5754,0.2265,0.1454
25.4339,6.452,0.4291,0.2703
27.4272,6.1799,0.3679,0.2204
26.8456,7.2104,0.3716,0.2635
21.3824,7.9805,0.5005,0.3995
26.9046,2.8087,0.7394,0.1766
27.9626,7.4295,0.4028,0.2945
24.6381,2.8281,0.3171,0.0767
24.7129,4.9556,0.5294,0.2493
28.0252,2.1444,0.5518,0.0914
28.1992,3.5838,0.6718,0.2161
24.2233,5.9054,0.6404,0.3669
24.8422,4.2121,0.8545,0.3342
28.5903,2.6766,0.1161,0.026
26.6954,7.7056,0.0751,0.0572
29.5595,4.4744,0.6382,0.2655
28.8102,5.7702,0.53,0.2937
21.0885,3.0725,0.1342,0.0362
20.3832,5.3038,0.9912,0.5074
24.7318,7.2641,0.5465,0.3921
27.5493,4.622,0.2901,0.1256
23.6245,7.2058,0.3519,0.2507
27.7566,7.8518,0.6332,0.4915
20.9819,6.7322,0.5029,0.3344
29.5561,3.3565,0.5606,0.1663
23.5271,3.5364,0.3697,0.118
28.3727,7.2257,0.8429,0.5976
22.1764,1.2664,0.1473,0.0091
29.5668,7.5274,0.6279,0.4643
20.436,5.8342,0.2566,0.146
29.0405,5.8746,0.4266,0.2411
24.661,2.1104,0.0002,0.0
22.3635,1.296,0.1838,0.0122
20.0905,1.94,0.2967,0.043
21.0849,3.4153,0.7269,0.2234
21.5666,4.6605,0.802,0.3542
22.6612,7.3117,0.8773,0.636
23.5926,3.4255,0.6131,0.1883
20.4444,5.7617,0.5872,0.3295
27.8691,3.81,0.4562,0.1579
20.2028,6.7317,0.9323,0.6207
23.2052,1.3205,0.5892,0.0409
27.0086,3.6842,0.8882,0.2959
25.0691,7.6329,0.8716,0.6592
29.1667,7.2454,0.7193,0.5108
21.1156,2.59,0.2164,0.047
25.2973,4.5877,0.9632,0.4152
21.1854,2.6973,0.792,0.1813
25.7595,5.4287,0.6062,0.3156
21.507,2.1892,0.5621,0.097
27.4217,6.8527,0.0161,0.0108
27.091,3.4441,0.331,0.1017
28.4891,1.7461,0.7675,0.0926
22.1562,4.3301,0.0126,0.0051
29.0095,6.6624,0.3134,0.2032
21.6162,3.8455,0.5825,0.206
22.7635,6.7772,0.5471,0.3653
23.2271,3.4967,0.1943,0.0612
23.4124,3.4838,0.6743,0.2114
28.7525,4.1574,0.5821,0.2228
27.2769,1.7365,0.7721,0.0925
20.7794,4.3482,0.842,0.344
22.5154,5.0423,0.4156,0.2003
22.7677,4.51,0.278,0.118
22.6492,3.6571,0.5502,0.1831
26.5493,6.4048,0.6443,0.402
26.4272,6.7138,0.0306,0.0201
24.5497,7.5854,0.4441,0.334
24.205,2.4887,0.0949,0.0194
25.1218,4.2151,0.5841,0.2285
24.928,5.7268,0.1026,0.0568
28.8139,2.4915,0.9057,0.1844
23.3134,3.5255,0.3009,0.0957
22.7527,6.3261,0.3852,0.2386
21.162,1.9771,0.4021,0.0598
29.1677,3.8803,0.297,0.1048
24.5613,7.0141,0.3343,0.231
24.5799,6.3239,0.1991,0.1229
26.4845,2.7507,0.2477,0.0576
29.2879,6.9481,0.1554,0.1054
22.8391,6.1883,0.6846,0.4139
25.9279,7.9436,0.6578,0.5185
21.1773,2.9123,0.0039,0.001
29.4888,2.6651,0.0232,0.0051
29.2899,6.3027,0.238,0.1452
25.8723,4.8201,0.0065,0.003
23.1742,5.975,0.924,0.5372
29.7056,3.8072,0.2587,0.0892
27.9705,7.0636,0.8847,0.6124
24.3585,3.1544,0.1152,0.032
29.254,5.1627,0.7329,0.3586
25.5458,3.4939,0.1632,0.0512
25.2206,4.5624,0.5511,0.2361
26.1789,2.1725,0.8712,0.1475
27.969,5.4042,0.0137,0.0071
20.3932,5.0202,0.7511,0.3615
24.0079,2.1516,0.7558,0.1267
20.4098,1.7903,0.7815,0.0996
20.7048,6.2434,0.5011,0.307
24.4794,1.4798,0.6812,0.0611
24.3087,2.4886,0.0254,0.0052
26.0851,1.3516,0.5531,0.0405
20.6264,6.3322,0.9949,0.6191
21.1517,6.337,0.8413,0.5235
20.6313,5.6183,0.2195,0.1197
29.738,1.8558,0.6994,0.093
25.9971,1.685,0.5356,0.0611
23.4491,7.6517,0.5319,0.4045
28.3276,2.1005,0.1495,0.024
23.0783,3.4281,0.8132,0.2502
29.6373,1.2832,0.9078,0.0577
24.787,1.4614,0.7359,0.0643
25.3419,5.4734,0.4448,0.2339
29.544,1.6054,0.8566,0.0891
29.4834,6.6916,0.515,0.3354
22.6834,6.2618,0.2314,0.1418
21.2613,3.3219,0.0045,0.0013
25.6087,6.1729,0.1421,0.0853
27.311,2.1797,0.9807,0.1665
27.5777,1.277,0.5191,0.0327
27.3723,1.2401,0.1227,0.0071
27.924,4.6892,0.8848,0.3893
24.4792,7.9475,0.9439,0.7463
23.3172,6.4658,0.8912,0.5648
28.6735,7.6004,0.2794,0.2091
25.9015,2.1215,0.4382,0.0717
24.9094,3.4726,0.3247,0.1012
24.9248,6.6155,0.5541,0.3591
20.2312,7.3787,0.7127,0.524
22.2411,6.5696,0.7199,0.4651
24.1876,6.8863,0.9871,0.669
20.2837,6.2442,0.5078,0.3114
21.447,3.658,0.8889,0.2964
26.5377,6.5435,0.5748,0.3671
26.3821,6.6392,0.5051,0.3278
29.7488,7.7152,0.2542,0.193
29.288,3.2501,0.0977,0.0279
21.4808,7.5439,0.0289,0.0217
28.5552,4.3215,0.9694,0.3881
27.1596,3.9423,0.8829,0.3185
29.2736,5.1402,0.9021,0.4392
22.7886,6.0356,0.517,0.3041
25.9114,2.7735,0.6954,0.1637
28.605,7.8982,0.7953,0.6203
29.9119,7.5666,0.7852,0.5836
28.4261,1.6307,0.3564,0.0382
24.1698,6.9198,0.6326,0.431
23.6904,5.9022,0.1535,0.088
25.8212,5.3443,0.4249,0.2173
20.9051,7.0203,0.9808,0.6826
28.7105,2.3677,0.3209,0.061
26.5476,3.1733,0.8392,0.2337
21.0554,5.1838,0.8582,0.4277
28.6038,3.8042,0.3574,0.1233
29.3687,2.8514,0.7752,0.188
23.1239,6.4313,0.6515,0.4106
27.3574,7.9142,0.0789,0.0618
20.2431,6.6123,0.0054,0.0035
23.9061,5.4543,0.004,0.0021
29.2607,6.6327,0.2818,0.1818
24.7458,3.8569,0.6157,0.2174
24.1063,5.4324,0.1158,0.0605
22.2317,3.7215,0.1845,0.0627
27.7168,4.2883,0.8902,0.3537
25.8769,1.2795,0.3489,0.0222
22.3631,3.0785,0.8814,0.2381
25.497,3.8784,0.0101,0.0036
26.8674,4.1935,0.9781,0.3793
27.6629,5.8794,0.0861,0.0488
29.4276,1.8551,0.8938,0.1188
24.5249,7.4791,0.3938,0.2916
25.9155,5.6864,0.6189,0.3391
26.2127,5.5727,0.1278,0.0684
21.7111,7.8394,0.1698,0.1329
22.7747,7.5212,0.5689,0.4251
28.1874,6.5115,0.0971,0.0615
22.0014,7.8733,0.3865,0.3038
26.9991,6.604,0.1079,0.0695
26.591,2.4435,0.8017,0.1596
25.6086,2.4268,0.6082,0.1202
20.3425,5.4893,0.3611,0.1921
27.95,2.3959,0.61,0.118
23.7804,1.5962,0.3192,0.0332
21.0467,5.1126,0.7997,0.3924
22.6865,6.9319,0.7059,0.483
22.5297,7.9145,0.3423,0.2703
29.1365,1.2293,0.6881,0.0386
28.043,3.299,0.2965,0.0864
28.6642,5.784,0.5865,0.326
23.2781,7.6559,0.5773,0.4394
20.33,7.2543,0.2006,0.1448
29.5196,1.6914,0.6206,0.0708
27.579,5.248,0.1343,0.0671
21.0524,7.788,0.5316,0.4136
21.6701,2.8514,0.9277,0.2279
21.1407,2.7815,0.9924,0.2364
28.1417,3.8186,0.8448,0.2931
22.8118,6.1379,0.7075,0.4239
23.9059,3.1962,0.5971,0.1685
27.8965,7.9159,0.5545,0.4341
24.819,7.169,0.6287,0.4446
20.3669,5.6861,0.806,0.4458
20.423,4.7374,0.5741,0.2588
24.7745,2.6947,0.3453,0.0785
24.2411,7.9422,0.0395,0.0312
25.4272,2.1791,0.9951,0.1694
22.9104,2.9128,0.8936,0.225
20.0587,1.323,0.8893,0.0623
28.0211,3.9744,0.7072,0.2572
25.2935,7.1748,0.1296,0.0917
28.6135,6.9367,0.257,0.1743
22.1847,4.4492,0.4517,0.189
23.1785,7.7663,0.2649,0.2048
23.02,5.8995,0.4412,0.253
23.4425,6.6778,0.5317,0.3489
29.8855,5.8865,0.2497,0.1412
26.752,1.8442,0.3034,0.0401
22.6545,5.5525,0.7864,0.422
20.9423,2.7069,0.4924,0.1133
22.0959,7.6871,0.7076,0.542
29.2092,6.5541,0.5237,0.3336
22.8295,5.3292,0.6135,0.3144
21.2793,2.3791,0.3554,0.0689
23.2286,1.5802,0.6622,0.0676
26.3899,3.5508,0.6614,0.2111
22.5109,5.759,0.7398,0.4135
20.8159,7.1938,0.9472,0.6769
26.3038,4.1852,0.3271,0.1267
21.2822,2.1566,0.4721,0.0798
28.6314,5.5157,0.5653,0.2981
22.9079,7.7902,0.2575,0.1998
26.3869,6.9984,0.0862,0.0593
26.9166,1.8309,0.8565,0.1119
21.9664,3.914,0.2006,0.0724
29.629,6.1569,0.6481,0.3852
24.4444,6.2323,0.9173,0.5574
20.4962,5.0398,0.7243,0.3501
27.7861,6.8032,0.2419,0.1608
24.2162,1.5356,0.287,0.0277
22.6924,2.8847,0.9177,0.2284
24.8924,6.222,0.5677,0.344
21.3689,3.9623,0.9009,0.3301
22.3654,3.5369,0.5265,0.1684
27.6211,1.8745,0.0118,0.0016
23.7629,5.9282,0.8154,0.4695
25.1624,3.28,0.9423,0.2739
22.3028,5.2879,0.9849,0.5008
22.777,1.6487,0.8854,0.0977
27.0917,7.9209,0.2013,0.1579
23.1223,4.4579,0.5692,0.2383
21.2756,2.6226,0.3142,0.0693
24.5987,7.593,0.3786,0.285
22.3043,6.8766,0.7173,0.487
20.0897,1.9315,0.4298,0.0618
29.2232,5.6947,0.3387,0.1849
28.9641,4.1738,0.7356,0.2827
26.8732,3.4562,0.6353,0.1962
21.9476,6.5088,0.3618,0.2315
24.5862,6.9585,0.322,0.2206
25.0334,6.414,0.0656,0.0411
26.7599,7.6702,0.156,0.1183
23.1867,7.7837,0.7978,0.6182
22.7064,7.7307,0.6766,0.5209
22.4767,3.1057,0.8075,0.2205
21.2365,1.559,0.2342,0.0234
24.8666,7.4343,0.2297,0.1689
28.4511,7.7617,0.1677,0.1284
21.3043,7.5683,0.9568,0.7216
21.8226,4.7943,0.0859,0.0392
25.6167,5.4961,0.0971,0.0512
24.7414,4.4068,0.8597,0.3543
27.8752,3.2798,0.5875,0.17
21.9889,4.0247,0.7029,0.262
29.5229,1.9244,0.8876,0.1249
24.5081,7.2259,0.7979,0.5694
27.2677,5.0928,0.5845,0.2826
22.7688,1.5314,0.2297,0.0221
23.2546,5.7208,0.5228,0.2897
23.3983,5.3465,0.2536,0.1303
22.9516,6.1141,0.3844,0.2293
20.5822,7.222,0.4093,0.2938
20.2254,6.6523,0.6186,0.4065
20.5667,2.2319,0.8518,0.1513
22.3362,4.6511,0.4208,0.1852
24.7965,6.8625,0.5705,0.3848
28.3991,6.737,0.6291,0.4134
28.0546,4.6981,0.8362,0.3686
25.7673,7.4491,0.6781,0.499
22.8445,2.0838,0.1421,0.0228
27.3816,3.473,0.703,0.2181
20.3419,1.2453,0.1835,0.0109
27.439,3.9037,0.219,0.0781
20.8689,4.0293,0.1614,0.0604
21.951,1.4702,0.1174,0.0104
27.953,3.1502,0.255,0.0702
27.0585,3.5902,0.4428,0.1431
27.9734,6.438,0.5052,0.3162
24.3374,6.1041,0.9073,0.539
24.1474,4.6472,0.1128,0.0494
24.4122,3.9315,0.6104,0.2205
25.4978,7.6093,0.1917,0.1444
27.8619,1.7794,0.2684,0.0334
21.9316,5.0499,0.8481,0.4098
24.4948,7.0427,0.5919,0.4108
23.7426,7.3705,0.9995,0.7296
20.422,6.1686,0.0523,0.0317
22.5799,1.7247,0.3654,0.0436
29.3261,7.6188,0.7406,0.555
29.9541,6.0784,0.2465,0.1444
28.5764,2.913,0.539,0.1345
21.8678,4.9257,0.1943,0.0913
22.302,3.3165,0.8601,0.2546
23.3471,4.8101,0.6321,0.2885
26.2278,3.8663,0.9806,0.3463
25.7217,1.9766,0.2918,0.043
28.9001,6.8436,0.9303,0.6213
22.1529,6.3477,0.5083,0.3163
22.1107,1.3878,0.2933,0.023
22.5114,1.9404,0.1641,0.0237
23.0912,4.588,0.8061,0.3488
23.372,4.8193,0.9514,0.4351
21.6413,3.1689,0.2297,0.0644
21.3778,6.3162,0.2117,0.1312
22.0941,5.1093,0.2588,0.1267
29.0637,3.1822,0.6109,0.17
25.8201,1.2951,0.1759,0.0115
25.168,6.4153,0.9419,0.59
28.5636,3.0213,0.6268,0.1637
23.0541,4.1374,0.5479,0.2105
29.1358,5.8067,0.655,0.3653
21.1846,4.5582,0.7751,0.334
28.1109,6.4948,0.3598,0.2273
21.3312,6.7602,0.0795,0.0531
25.9148,2.7383,0.161,0.0373
20.0144,6.237,0.8921,0.5466
23.8159,5.8882,0.7412,0.4236
23.4369,5.7999,0.9266,0.5211
25.7858,3.0654,0.1879,0.0502
20.0888,6.6217,0.2831,0.1851
29.9786,6.2739,0.7027,0.4262
29.6542,6.0966,0.9206,0.5413
29.3364,1.3664,0.1964,0.0147
28.9071,4.2108,0.4524,0.1757
24.4391,2.7337,0.0507,0.0118
23.639,2.3545,0.5914,0.1125
27.6142,7.1359,0.3426,0.2399
22.4425,7.519,0.9879,0.7385
24.9407,6.4388,0.1665,0.1047
23.4995,6.1722,0.4518,0.272
22.3237,5.3752,0.486,0.2517
28.9377,4.9463,0.649,0.3028
23.222,5.2565,0.7668,0.3867
23.2008,4.4197,0.6633,0.275
26.2263,3.2001,0.381,0.1072
27.441,5.4194,0.1852,0.0959
25.927,1.5613,0.5773,0.0574
21.9698,4.385,0.3993,0.1644
21.2832,2.7601,0.9947,0.2345
28.5382,7.4592,0.8747,0.6416
20.6271,3.7788,0.3336,0.1158
28.7731,4.534,0.4059,0.1716
27.4215,3.0252,0.9798,0.2568
24.4343,2.1604,0.9387,0.1581
21.062,7.9554,0.7709,0.6137
27.3042,1.9154,0.8834,0.1239
22.714,4.057,0.6699,0.2518
29.7801,6.3668,0.603,0.3717
21.4828,7.492,0.1993,0.1486
27.716,2.8323,0.5769,0.1391
27.7659,4.2993,0.2605,0.1038
24.6661,2.2489,0.4573,0.0815
28.0168,7.4472,0.9863,0.7229
29.5628,2.3208,0.3153,0.0582
22.9792,6.0988,0.6766,0.4025
20.3086,1.5869,0.6752,0.0698
20.8729,5.1212,0.1068,0.0525
28.3415,6.5986,0.8735,0.5613
21.017,4.8437,0.1401,0.0647
23.0666,5.6802,0.7856,0.432
26.2129,3.2702,0.4826,0.1395
26.0434,2.8049,0.1864,0.0445
23.9998,2.1844,0.0516,0.0088
29.9909,3.5536,0.656,0.2083
25.0654,2.1262,0.0186,0.0031
24.5685,2.1082,0.2188,0.0356
24.7621,6.5778,0.5178,0.3336
24.8416,5.2708,0.3382,0.1706
26.1202,7.8168,0.6126,0.4745
25.9997,4.1928,0.5711,0.2218
22.508,7.2748,0.5286,0.3813
24.8036,5.8692,0.6559,0.3729
20.9217,1.9795,0.5215,0.0777
24.075,6.0852,0.896,0.5307
28.3825,4.4532,0.8536,0.3539
23.3675,1.9989,0.1995,0.0301
27.8619,6.2028,0.5642,0.3391
22.1264,4.9013,0.9145,0.4272
21.9226,3.3954,0.2192,0.0668
24.3313,5.006,0.0086,0.0041
24.7936,6.7391,0.6749,0.4464
24.2546,3.4601,0.8755,0.2719
28.1659,4.9506,0.8077,0.3777
23.8761,3.7242,0.5343,0.1812
21.2145,7.4322,0.9482,0.7014
28.415,4.4232,0.5552,0.2284
22.9727,1.6977,0.195,0.0226
27.6791,5.5345,0.1349,0.0715
21.2921,4.7853,0.6935,0.3157
23.1982,6.2804,0.6328,0.3886
23.2413,4.3909,0.7918,0.3258
26.7297,6.4393,0.7959,0.4993
29.4346,3.8711,0.0895,0.0315
21.8042,5.7938,0.9392,0.529
21.9144,2.2176,0.3652,0.0641
21.834,3.8007,0.8976,0.313
26.0626,1.9348,0.0965,0.0138
29.7631,5.6328,0.5232,0.2819
25.4518,1.3279,0.4466,0.0313
23.652,2.7811,0.6812,0.1615
22.3013,3.9152,0.5639,0.2035
29.5547,5.4095,0.8004,0.4124
26.1783,3.1924,0.254,0.0713
27.1296,4.7674,0.4436,0.1991
28.4542,3.8736,0.0367,0.0129
20.7769,3.9108,0.5098,0.1842
24.6542,6.2007,0.7068,0.427
21.434,2.1903,0.0409,0.0071
29.5847,7.7851,0.7154,0.5486
25.1173,7.975,0.6139,0.4867
27.4571,3.0314,0.3233,0.0849
28.625,5.1138,0.5478,0.2655
26.9725,3.4847,0.5747,0.1792
23.8057,5.3088,0.9127,0.465
22.4531,5.0748,0.0339,0.0165
22.3615,6.3582,0.5933,0.3698
21.2484,4.8419,0.0754,0.0348
20.2839,4.3496,0.4454,0.1822
25.6897,4.8611,0.4355,0.2004
23.828,5.67,0.1599,0.0876
21.4304,7.362,0.2413,0.1766
22.7149,1.8245,0.0323,0.0042
21.1607,2.2779,0.1333,0.0243
20.8885,1.3905,0.8536,0.0673
26.6307,4.3939,0.2616,0.1071
29.485,2.2817,0.6117,0.1104
26.192,6.2507,0.0096,0.0059
28.469,6.8665,0.7201,0.483
26.6435,6.308,0.6671,0.4092
20.4307,6.7921,0.5393,0.3624
25.0893,5.7532,0.4087,0.2272
28.8627,6.6622,0.1042,0.0676
23.2201,4.0566,0.7521,0.2824
21.6922,4.7604,0.7422,0.3357
22.8392,3.0564,0.8781,0.2349
24.7327,7.0105,0.3336,0.2303
28.1857,2.8513,0.075,0.0182
21.1357,2.5999,0.8191,0.1788
28.1258,4.1047,0.8083,0.3052
27.9338,5.3051,0.4232,0.2139
29.1841,1.4762,0.0721,0.0064
20.9532,4.7036,0.7502,0.3351
23.7754,6.4756,0.4976,0.3156
25.064,3.7085,0.9526,0.3209
25.4468,5.0831,0.1515,0.0733
20.2101,6.7374,0.1689,0.1125
25.3407,4.7593,0.7556,0.3396
26.6324,2.7793,0.6226,0.1468
24.7153,6.6744,0.7838,0.513
22.8644,4.3953,0.5932,0.2445
22.4618,4.7852,0.1757,0.0798
26.2898,7.0068,0.0486,0.0335
27.2857,2.6328,0.852,0.1871
25.2204,3.3118,0.7777,0.2287
22.4123,5.8876,0.6346,0.3635
25.5476,4.4448,0.6127,0.2546
27.5332,4.2901,0.2802,0.1114
27.8333,6.3821,0.7562,0.4689
29.561,2.8155,0.1186,0.0283
27.1154,5.9461,0.8971,0.5154
29.5381,7.0387,0.7148,0.4917
25.3686,3.4999,0.395,0.1241
25.4408,1.6566,0.8,0.0886
29.3241,3.3717,0.4366,0.1303
23.4012,6.7456,0.6258,0.4153
25.8286,3.8345,0.9574,0.3351
29.6109,1.7735,0.9704,0.1199
21.863,4.8326,0.7105,0.3268
22.3733,6.3778,0.8012,0.501
26.4832,6.6468,0.0133,0.0086
26.1239,5.6722,0.3669,0.2004
29.55,1.8666,0.7927,0.1064
20.5505,1.2072,0.443,0.0237
29.4938,2.5646,0.5135,0.1085
26.8979,6.5489,0.0837,0.0535
28.3332,6.7889,0.9761,0.6469
24.3169,5.4951,0.0659,0.0349
29.9628,3.4111,0.4877,0.1475
22.0014,4.6041,0.4303,0.1873
29.4035,6.6122,0.8437,0.5424
26.2307,4.4387,0.5208,0.2159
22.5671,4.2978,0.691,0.2777
28.4774,2.8167,0.8965,0.2143
20.4049,3.2853,0.9708,0.285
29.4034,1.6494,0.0404,0.0044
27.3108,5.4641,0.3515,0.1838
26.001,5.3108,0.2117,0.1075
29.5256,3.074,0.7997,0.213
27.8522,3.1339,0.9856,0.2697
23.9816,7.8349,0.4131,0.3219
20.3578,3.5672,0.8398,0.2723
27.7578,1.5333,0.9531,0.0912
20.5897,5.02,0.9652,0.4644
27.8952,7.4259,0.9611,0.7024
23.3354,6.1524,0.8225,0.4937
28.593,3.439,0.8964,0.2743
26.8018,4.9263,0.0559,0.0261
27.0625,7.0458,0.0511,0.0353
28.4761,1.7906,0.5194,0.0653
22.6718,3.3701,0.8471,0.2555
20.432,7.1108,0.2588,0.1828
27.1053,2.893,0.5624,0.1394
25.2195,4.8251,0.7252,0.3311
26.5021,2.6522,0.3609,0.0801
26.6932,1.4198,0.001,0.0001
25.5825,7.8515,0.3785,0.2948
29.2943,1.9462,0.4115,0.0589
25.7936,4.6143,0.0359,0.0155
20.9373,1.8243,0.7078,0.0929
20.4166,3.9704,0.6017,0.2214
26.2358,3.8672,0.9189,0.3246
28.9543,4.038,0.5109,0.189
20.4175,4.9899,0.6649,0.3178
24.8148,7.4418,0.4141,0.3049
26.2768,4.1372,0.5704,0.218
27.4426,5.1457,0.3453,0.1688
20.5601,7.5186,0.8153,0.6113
22.7702,3.9101,0.3814,0.1373
22.582,5.3533,0.9106,0.4692
26.0465,7.6772,0.3933,0.2988
20.4368,3.8481,0.7753,0.275
26.7661,7.1376,0.4992,0.3502
26.8442,7.5885,0.1972,0.1478
21.0194,5.7936,0.8787,0.4956
22.8942,6.3812,0.7549,0.4719
26.402,5.5766,0.2183,0.117
25.3443,3.9288,0.797,0.2872
24.088,2.0727,0.1758,0.0279
29.9651,4.7599,0.9386,0.4186
24.2327,5.3593,0.8764,0.4509
22.1078,4.8416,0.6795,0.3131
20.5672,7.9476,0.3063,0.2438
20.8096,6.3334,0.1388,0.0864
29.2316,1.9296,0.6276,0.0887
27.0858,1.4986,0.2829,0.0259
22.9837,6.6189,0.685,0.4456
23.1279,2.06,0.8592,0.1354
23.4568,2.6357,0.4898,0.1084
24.3788,7.6814,0.7687,0.586
29.1917,2.3569,0.822,0.1552
27.3313,4.414,0.1336,0.0549
24.2487,6.8781,0.4452,0.3013
29.7262,7.8191,0.9367,0.7214
26.0112,1.9952,0.3984,0.0596
26.9622,5.2531,0.0131,0.0065
23.271,6.6621,0.4212,0.2758
24.2945,3.8801,0.0247,0.0088
25.6833,3.1816,0.7604,0.2127
29.023,1.6496,0.6551,0.0716
24.7366,2.4132,0.7656,0.1504
28.8494,6.35,0.2652,0.1633
24.5092,2.4455,0.6978,0.1396
28.7963,6.5777,0.454,0.2905
22.7648,6.0499,0.9352,0.5516
23.0011,7.4297,0.4502,0.3319
29.7838,6.8785,0.532,0.3568
25.8544,4.9446,0.3708,0.1738
29.4584,1.8832,0.5688,0.0774
21.5353,2.02,0.8021,0.1231
25.9054,7.6016,0.2211,0.1662
20.0086,1.2207,0.949,0.0528
20.511,5.8782,0.6499,0.3728
28.1875,5.7552,0.7462,0.4128
25.4766,2.6223,0.539,0.1181
29.3333,6.8964,0.5456,0.3672
27.1922,2.5994,0.6756,0.1459
21.7913,7.7585,0.6861,0.531
22.7406,5.1038,0.4002,0.1955
28.6009,5.1769,0.6775,0.3329
20.9965,2.0171,0.9281,0.1423
23.861,3.5193,0.8492,0.2693
24.4015,4.0071,0.249,0.092
21.9426,4.3943,0.7239,0.2987
28.3547,5.4122,0.4054,0.2094
28.9878,6.5737,0.462,0.2953
22.372,4.0322,0.677,0.2528
28.4783,3.9778,0.5315,0.1933
25.0798,6.1462,0.6467,0.3866
22.7119,4.2361,0.3726,0.1472
20.0425,3.2258,0.0146,0.0042
27.2048,5.1256,0.427,0.208
27.0102,3.3494,0.0086,0.0026
23.7383,1.6442,0.3036,0.0333
28.3006,6.065,0.8071,0.4729
21.3282,4.9331,0.6386,0.3009
21.8119,3.3626,0.9007,0.2713
23.2457,6.3081,0.9,0.5553
26.0093,4.4593,0.6231,0.2597
27.5657,5.9912,0.1594,0.0923
20.7604,6.9083,0.9712,0.6643
25.6267,2.7401,0.8425,0.1954
28.381,6.9539,0.5287,0.3596
26.1171,4.5077,0.5407,0.2281
20.6823,7.9639,0.4808,0.3835
28.7488,6.0472,0.7369,0.4301
29.0907,3.647,0.2062,0.0676
26.126,5.5691,0.3431,0.1836
24.4963,1.3116,0.772,0.0525
22.4093,2.385,0.4204,0.0816
26.5083,4.8281,0.6367,0.2903
29.9108,2.1828,0.1779,0.0301
29.4151,3.2847,0.7847,0.2269
24.8295,3.3927,0.7354,0.2228
21.6643,4.2454,0.728,0.2889
24.191,7.4019,0.512,0.3752
20.057,4.5627,0.4245,0.1835
28.794,5.3229,0.1279,0.0648
21.9577,5.5318,0.5552,0.2971
25.3943,2.7427,0.916,0.2127
28.1338,1.8335,0.4207,0.055
26.2729,3.7059,0.3381,0.1136
25.9129,6.9897,0.1604,0.1101
24.2789,6.8325,0.7935,0.5332
27.9632,2.2098,0.291,0.0503
23.698,1.514,0.3487,0.0328
28.5976,6.5686,0.9766,0.6242
22.6918,5.0049,0.1569,0.0749
27.8719,3.9854,0.5138,0.1875
21.4992,3.9429,0.1337,0.0487
25.3118,7.724,0.314,0.2404
24.2536,3.7885,0.4085,0.1413
29.1886,6.2453,0.23,0.139
21.6887,5.5472,0.8212,0.4409
27.9701,4.4503,0.718,0.2976
22.0847,4.6467,0.5548,0.244
29.581,2.5649,0.9074,0.1918
24.7303,5.6337,0.7505,0.4078
20.7714,1.3286,0.511,0.0362
23.7437,2.3055,0.6966,0.1287
27.534,1.8912,0.8286,0.1139
25.2751,6.3253,0.5244,0.3234
27.4344,7.7897,0.4275,0.3292
20.8932,7.3484,0.8784,0.6422
24.0768,5.8439,0.1478,0.0837
21.8534,5.2616,0.5852,0.2962
26.0881,1.8006,0.4532,0.0577
24.472,5.3022,0.415,0.2109
24.9914,6.6901,0.0137,0.009
28.3238,2.8445,0.7434,0.18
24.9742,1.2005,0.9734,0.0508
26.8732,3.9375,0.2032,0.0732
26.4636,6.3558,0.4241,0.2624
29.9645,6.236,0.4075,0.2455
21.1711,2.4191,0.2547,0.0505
24.0702,1.2561,0.2472,0.0149
24.3952,2.8964,0.2644,0.0659
22.7748,2.9759,0.9242,0.2391
28.716,6.0993,0.1454,0.0857
22.2827,7.569,0.6403,0.4822
22.652,7.5725,0.3551,0.2674
29.0271,6.4524,0.4406,0.276
23.6518,3.8187,0.3154,0.1103
21.1733,2.0777,0.4917,0.0787
26.3694,6.2167,0.8774,0.53
25.7592,2.7387,0.032,0.0074
20.9686,7.4349,0.3943,0.2919
25.8473,7.4518,0.7875,0.5796
23.3871,7.2099,0.6323,0.451
24.4509,5.7304,0.0908,0.0503
20.6167,4.371,0.557,0.229
22.5902,3.719,0.4789,0.1626
29.1622,6.0444,0.4554,0.2655
21.0305,6.7171,0.8782,0.5824
25.1998,1.4806,0.1187,0.0106
25.3382,6.4853,0.4811,0.3049
24.6961,1.2954,0.8679,0.0571
26.4759,3.7338,0.2276,0.0771
21.8211,2.9413,0.6385,0.1631
27.8711,7.7928,0.1048,0.0806
24.1468,7.4593,0.3795,0.2804
24.4424,5.4794,0.6701,0.3532
20.7212,5.8298,0.2912,0.1655
22.3059,5.1745,0.2126,0.1055
21.9098,5.3504,0.026,0.0134
27.8844,4.9397,0.8527,0.3979
27.5774,1.47,0.3743,0.0329
22.2685,4.8163,0.6129,0.2806
28.8404,3.7954,0.2257,0.0776
21.3689,2.1977,0.0352,0.0061
26.19,5.2258,0.3481,0.1736
23.2503,3.8161,0.7699,0.2691
24.8609,3.6815,0.1955,0.0653
29.8511,7.7024,0.5013,0.3798
27.9585,2.326,0.7809,0.1451
20.3871,5.299,0.2727,0.1394
20.8361,6.8009,0.9744,0.6552
29.3294,3.5352,0.0503,0.0159
25.125,5.2563,0.2257,0.1135
20.4777,6.6461,0.1335,0.0876
23.9299,3.8281,0.7203,0.2524
29.3642,6.9755,0.1875,0.1278
21.4663,2.2641,0.5784,0.1046
21.7974,6.8161,0.188,0.1265
21.0416,5.6146,0.1907,0.1039
21.3126,4.1979,0.5247,0.2056
27.1511,7.2312,0.1758,0.125
23.557,1.6516,0.496,0.0548
27.0484,2.9259,0.5105,0.1284
29.6238,4.4723,0.0196,0.0081
27.3277,3.3173,0.1505,0.0442
26.1528,4.3789,0.549,0.224
20.1054,3.693,0.6756,0.2284
23.0037,5.0098,0.3064,0.1465
29.706,6.4287,0.4932,0.3073
21.466,4.3543,0.7244,0.2961
20.7788,1.6696,0.4603,0.0521
23.8859,7.9816,0.5021,0.3992
27.6986,3.9556,0.7703,0.2787
20.8338,1.7213,0.4519,0.0539
27.469,4.5253,0.2173,0.0919
24.8522,7.8747,0.667,0.5219
21.2417,5.0606,0.2024,0.0981
28.1435,4.8395,0.9613,0.4382
27.7936,4.8836,0.9857,0.4542
22.7736,6.9258,0.3382,0.2312
28.5926,2.5738,0.9124,0.1941
22.1953,4.2361,0.7254,0.2869
29.3857,3.0163,0.5824,0.1516
26.4754,7.1445,0.3407,0.2394
23.0699,7.9296,0.4547,0.3595
22.3218,6.4823,0.0279,0.0177
22.525,3.9934,0.0854,0.0315
23.128,1.9007,0.7541,0.1052
24.0837,3.9424,0.232,0.0841
21.2073,5.3998,0.8345,0.4352
24.9504,4.8018,0.1367,0.0621
20.208,1.6106,0.8789,0.0934
21.4823,4.1159,0.5837,0.2235
24.8564,1.4127,0.619,0.0503
26.1675,2.7309,0.2159,0.0498
25.7729,6.3379,0.0135,0.0083
23.4306,7.9009,0.8311,0.6541
20.8139,7.2301,0.6603,0.4744
26.1959,1.7254,0.7763,0.0921
24.9159,5.2872,0.5017,0.254
20.2033,4.2078,0.2649,0.1043
26.073,7.0446,0.1693,0.1173
24.3645,6.0389,0.6835,0.4012
29.6689,2.6553,0.6152,0.136
28.905,5.4645,0.468,0.2441
22.1212,7.8761,0.5716,0.4494
29.708,7.5868,0.443,0.3303
28.4256,7.2388,0.621,0.4411
28.9886,5.2242,0.79,0.3919
28.1725,2.9575,0.5372,0.1367
26.1775,1.9279,0.0123,0.0017
20.7697,5.6296,0.4514,0.2468
24.0132,1.5642,0.5945,0.0595
26.5739,4.5024,0.2921,0.123
21.3088,3.1441,0.0515,0.0143
21.6961,7.4737,0.2776,0.2064
21.595,3.6419,0.2187,0.0725
26.319,7.0792,0.6159,0.4286
29.2372,1.8588,0.3032,0.0404
21.5279,4.3152,0.6597,0.2668
28.5128,3.5895,0.253,0.0815
26.4757,7.9796,0.33,0.2612
29.3139,2.7709,0.374,0.0874
22.4732,6.8126,0.6233,0.4187
29.5049,1.6555,0.7109,0.0781
22.9417,5.6806,0.28,0.154
20.3171,4.8149,0.9834,0.4516
29.9848,1.4548,0.6609,0.0567
24.3045,6.0251,0.8341,0.4885
22.9649,3.5235,0.8232,0.2619
24.8136,7.4686,0.8272,0.6114
27.5444,3.4041,0.7529,0.228
22.7341,6.6767,0.6044,0.3971
27.9756,2.6755,0.2829,0.0634
25.9072,7.0233,0.6181,0.4267
20.8202,1.8332,0.0198,0.0026
27.4305,3.1403,0.8868,0.2434
28.483,3.0804,0.4979,0.1332
21.399,6.127,0.035,0.021
23.6989,3.2562,0.83,0.2397
28.4678,5.8325,0.2118,0.1188
24.9816,3.7232,0.7183,0.2432
21.753,7.8408,0.3388,0.2652
29.5675,1.3277,0.2681,0.0187
27.4784,6.0321,0.3279,0.1912
28.9243,4.864,0.8155,0.3734
26.6025,4.6651,0.6462,0.2833
26.4136,5.2723,0.8155,0.4105
24.7326,7.3318,0.6198,0.4491
20.0544,1.5786,0.3083,0.0316
28.3448,2.5777,0.4395,0.0937
24.3022,5.5436,0.376,0.2008
20.5052,7.5635,0.9756,0.7363
22.1702,2.4164,0.73,0.1443
21.5275,2.4528,0.8818,0.178
27.3928,5.9987,0.8019,0.4649
20.7172,6.9101,0.3983,0.2726
28.0594,2.4871,0.408,0.083
25.2689,7.2519,0.0038,0.0027
27.0134,1.6961,0.1679,0.0193
29.8774,1.4503,0.0279,0.0024
23.5032,1.4967,0.6818,0.0626
22.8343,1.967,0.9825,0.1446
22.7227,3.2484,0.6046,0.1744
29.0476,7.7349,0.0508,0.0387
27.8396,5.5092,0.8027,0.4233
26.2736,5.5799,0.4593,0.2463
25.0781,1.8081,0.7086,0.091
25.5243,1.255,0.3618,0.0217
28.28,6.9541,0.4983,0.339
29.7203,3.6248,0.1885,0.0613
29.0265,3.1194,0.4617,0.1254
20.329,6.1088,0.9868,0.5907
28.0201,4.0669,0.8477,0.3167
21.4503,3.9688,0.6516,0.2392
25.9224,7.4315,0.0552,0.0405
27.2494,5.9863,0.9866,0.5709
27.3543,6.148,0.225,0.134
24.4085,1.7368,0.3427,0.0412
21.4997,7.5679,0.9938,0.7493
21.7348,5.9297,0.6753,0.3903
20.5681,5.9802,0.7435,0.4346
29.8273,2.1988,0.2863,0.049
24.4634,2.9976,0.1962,0.0511
24.1962,2.8667,0.7245,0.1784
20.5313,6.8734,0.6286,0.4278
21.905,4.5199,0.8846,0.3771
24.1251,5.846,0.2238,0.1268
29.3623,6.4561,0.3031,0.1899
24.3253,7.2656,0.5275,0.3788
20.6681,2.9481,0.8727,0.224
24.8234,7.1982,0.1914,0.136
29.4889,2.2055,0.6277,0.108
28.289,2.3108,0.9739,0.1792
26.1828,4.7791,0.1383,0.0624
29.0532,1.2393,0.8171,0.047
27.2833,3.0527,0.1618,0.0429
21.8397,4.1842,0.7638,0.2979
26.9146,4.9094,0.4477,0.2078
23.605,2.678,0.8074,0.1824
28.3381,6.8322,0.2263,0.151
27.1835,2.0301,0.9513,0.1457
27.8312,7.0079,0.0358,0.0246
26.9355,2.3057,0.7244,0.1332
27.7201,2.7456,0.7919,0.1835
22.0285,1.5571,0.6642,0.0661
21.1346,7.5373,0.2551,0.1916
26.6525,2.091,0.4398,0.0704
23.5049,7.3576,0.5532,0.4032
23.2979,7.9603,0.0059,0.0047
28.0442,1.7169,0.6387,0.0749
23.5775,3.2867,0.4496,0.1314
24.7278,6.7219,0.3582,0.2362
23.9493,3.2998,0.1268,0.0372
22.7412,3.8238,0.0637,0.0223
27.5845,4.0638,0.6773,0.253
23.1292,7.8098,0.6521,0.5071
26.9508,1.9877,0.3434,0.051
26.3039,5.1376,0.2501,0.1223
23.5589,7.4607,0.4704,0.348
25.4846,5.3817,0.0788,0.0406
26.4378,3.2499,0.8682,0.249
24.1303,3.7797,0.0021,0.0007
28.6155,6.9809,0.0477,0.0326
20.7132,5.4,0.318,0.166
22.5908,2.4963,0.9354,0.193
21.5366,4.5114,0.6952,0.2959
23.1277,1.9617,0.5786,0.0848
20.1393,3.1897,0.0659,0.0187
27.1606,7.0492,0.7267,0.5027
23.5619,7.6919,0.3367,0.2574
21.6095,3.9624,0.0558,0.0205
24.3184,7.7281,0.224,0.1719
25.6716,4.7958,0.7171,0.3249
20.8033,4.4586,0.4254,0.1789
24.7886,4.1478,0.3011,0.1157
27.6343,4.1951,0.7062,0.2736
29.924,7.5825,0.0404,0.0301
21.3527,1.6298,0.6709,0.0727
21.2494,5.4148,0.4612,0.2412
20.9107,7.8621,0.8558,0.6728
22.5671,6.2892,0.7459,0.4592
23.4997,2.2212,0.0102,0.0018
23.4425,3.7671,0.6129,0.2109
21.1509,6.8227,0.9203,0.6206
20.7081,1.4553,0.3145,0.0274
20.3164,4.6797,0.7697,0.3423
26.3378,3.0196,0.2088,0.0547
23.895,7.9008,0.5332,0.4193
25.1794,3.0847,0.0163,0.0044
24.4768,3.5555,0.2537,0.0814
23.478,7.0971,0.1558,0.1093
21.6375,4.0508,0.8191,0.3079
29.7851,2.7197,0.5247,0.1197
29.9829,6.9729,0.1239,0.0843
26.7742,6.1991,0.8983,0.5405
22.0358,5.4904,0.3331,0.1767
20.5948,5.4506,0.1476,0.0779
21.4738,1.3549,0.6679,0.0495
24.522,4.2921,0.8564,0.3425
27.3143,6.7966,0.9777,0.6499
28.5504,7.9221,0.5722,0.4478
26.2184,3.1205,0.2664,0.0727
27.0554,6.8976,0.7258,0.4904
21.6405,4.9084,0.0328,0.0154
24.3751,5.4224,0.1374,0.0716
29.3722,7.2572,0.8598,0.6115
25.4286,7.018,0.3185,0.2199
24.7037,6.9309,0.2896,0.1975
29.5351,7.7903,0.5748,0.4411
23.2678,7.4156,0.9555,0.7027
26.3472,3.8474,0.366,0.1285
28.5824,7.5969,0.6003,0.4491
22.6665,2.9145,0.2176,0.0549
24.276,5.375,0.2199,0.1135
28.4288,1.2032,0.7534,0.0394
25.8216,7.407,0.7724,0.5649
27.5529,3.1945,0.2144,0.0601
27.5886,1.2866,0.5901,0.0379
23.6121,4.1105,0.5327,0.203
22.4383,7.3636,0.347,0.2536
24.2838,4.6089,0.0645,0.028
20.245,1.9589,0.2098,0.0308
24.2723,2.6241,0.673,0.1479
20.3444,5.3158,0.6308,0.3237
24.1107,7.9605,0.6533,0.5177
25.0458,5.1607,0.7044,0.347
27.5726,2.1835,0.1905,0.0324
20.7795,4.1657,0.9926,0.3859
24.451,3.3634,0.3215,0.0965
24.6638,2.486,0.9869,0.2017
21.714,3.8803,0.1739,0.0621
24.5178,6.9794,0.4856,0.3337
21.9797,1.3669,0.4266,0.0323
21.9523,4.9059,0.6873,0.3215
28.9701,3.6644,0.9783,0.3228
29.2177,2.3786,0.7607,0.1454
27.6116,5.3747,0.8448,0.4336
24.8628,7.3042,0.6203,0.4476
24.4137,4.6836,0.7782,0.3439
23.1982,6.7109,0.9123,0.6022
20.6212,3.1742,0.8537,0.2402
21.7566,7.6484,0.99,0.7546
24.2838,6.8129,0.825,0.5526
22.3474,2.5618,0.9567,0.2043
23.52,3.221,0.2203,0.0628
29.5816,1.9524,0.1195,0.0172
23.8395,7.9438,0.6939,0.549
21.0179,3.5913,0.0796,0.026
21.1387,1.6646,0.3118,0.0351
20.0476,7.8079,0.9735,0.7609
29.0621,4.4906,0.6904,0.2886
21.2843,6.7392,0.6848,0.4556
21.9988,6.7037,0.6754,0.4462
21.0847,3.908,0.6668,0.2406
26.3837,6.7317,0.5059,0.3333
26.9942,3.4616,0.999,0.309
29.626,7.0501,0.9201,0.6339
20.2018,5.2013,0.5452,0.2732
29.2172,7.917,0.512,0.4
29.5381,3.6782,0.034,0.0113
25.7595,7.7424,0.203,0.1557
21.4865,3.0538,0.6909,0.185
26.4121,7.4995,0.3025,0.224
24.7972,7.4784,0.2075,0.1536
24.7183,3.1657,0.4548,0.1267
24.5747,4.502,0.89,0.376
27.3799,1.5876,0.0908,0.0093
29.897,6.2169,0.9847,0.5913
20.6006,1.2962,0.9403,0.0624
21.8937,3.6493,0.298,0.099
25.0946,2.558,0.8677,0.1841
24.814,6.6627,0.0766,0.0501
21.1159,6.8008,0.3511,0.236
26.7398,6.3333,0.5278,0.3252
25.2895,7.936,0.0995,0.0784
22.2341,2.657,0.2633,0.059
25.4743,3.2811,0.5167,0.1502
27.5583,1.3986,0.0518,0.0041
24.7362,3.279,0.149,0.0433
24.0375,5.0812,0.5065,0.2456
26.7354,6.6167,0.6488,0.4192
28.716,7.7936,0.8191,0.6297
23.3363,7.1529,0.9886,0.6991
25.056,6.6773,0.5903,0.3863
20.3943,3.7528,0.7348,0.253
23.3684,6.2734,0.5942,0.3643
28.8125,6.2047,0.9291,0.5578
27.1844,6.2168,0.1998,0.1205
28.4963,7.6383,0.8698,0.6546
28.8518,5.5447,0.5639,0.299
28.897,7.8858,0.865,0.6732
23.511,5.8417,0.0041,0.0023
21.9381,6.3796,0.3283,0.2055
26.2968,5.0862,0.1248,0.0604
22.4235,3.248,0.7691,0.2219
28.6638,1.4343,0.1298,0.0108
29.3964,2.1649,0.4798,0.0804
26.4802,5.9946,0.3231,0.1875
20.7822,5.3224,0.0857,0.044
22.9411,6.3169,0.5413,0.3346
23.1401,6.7648,0.5311,0.3537
28.1633,4.2096,0.2049,0.0796
29.832,2.8909,0.9211,0.2271
21.5127,6.6601,0.0236,0.0155
24.2115,2.2974,0.0155,0.0029
26.6456,4.3029,0.8042,0.3214
28.0612,6.7708,0.3852,0.2547
29.0148,5.3723,0.0603,0.0308
21.6626,1.434,0.6993,0.059
28.3359,5.5833,0.3685,0.1971
24.4169,1.3801,0.8226,0.0634
27.9596,2.8981,0.2979,0.0739
23.4832,2.3417,0.8505,0.1607
23.3375,6.7911,0.0854,0.0571
26.9025,7.3472,0.0177,0.0128
24.3826,6.4618,0.278,0.1758
22.8788,4.6008,0.7403,0.3215
25.8082,3.4966,0.7899,0.2478
23.141,6.7206,0.2487,0.1644
23.7367,4.2397,0.3625,0.1431
24.935,7.8831,0.5486,0.4297
21.3884,5.4276,0.8139,0.4267
23.5428,1.7081,0.5172,0.0606
26.3293,7.008,0.7196,0.4953
25.5471,2.7469,0.2911,0.0677
21.8189,4.47,0.4667,0.1965
25.2104,4.1642,0.7202,0.2778
25.0009,7.2876,0.9971,0.7175
22.407,2.6091,0.5653,0.1237
29.4141,4.9716,0.3364,0.1577
26.7903,5.1912,0.3651,0.1805
29.5508,5.9421,0.8208,0.4693
28.565,6.844,0.796,0.532
25.3656,7.4899,0.3508,0.2599
25.0755,1.2305,0.9387,0.0531
22.225,6.7237,0.27,0.1789
27.8505,5.1282,0.6513,0.3171
27.1953,5.0508,0.9531,0.4566
24.9189,3.3578,0.1799,0.0538
27.1863,1.497,0.7417,0.0678
20.2222,6.3831,0.6816,0.4282
28.3612,3.4748,0.5993,0.1858
28.1153,3.028,0.2977,0.078
20.2575,5.951,0.8399,0.4886
20.1706,5.3499,0.4789,0.2476
29.2478,5.7952,0.2106,0.1172
25.7963,3.1993,0.0975,0.0275
22.5204,3.3597,0.418,0.1256
23.3366,3.9084,0.3256,0.117
25.8957,1.4795,0.928,0.083
20.9081,3.1882,0.8918,0.2521
28.5263,7.8227,0.2981,0.2302
24.4426,1.7034,0.9083,0.1058
23.6708,1.5902,0.5252,0.0542
28.265,7.846,0.3489,0.2703
23.6252,2.4727,0.33,0.0671
29.6033,5.3004,0.8226,0.4143
21.3884,1.6996,0.2388,0.0279
20.0183,7.8175,0.2756,0.2157
26.9475,7.9048,0.8347,0.6534
27.8078,3.3803,0.644,0.1933
23.499,7.9474,0.9543,0.7557
20.2426,7.2795,0.7263,0.5262
23.5674,7.4483,0.2696,0.1991
20.6459,3.7188,0.5903,0.201
28.5645,5.2136,0.6569,0.3254
21.3755,2.8459,0.706,0.1731
28.7638,6.8831,0.7426,0.4992
29.6313,2.5531,0.5281,0.1109
21.8885,4.2964,0.7383,0.2969
23.8496,2.8149,0.7548,0.1817
22.0616,3.2073,0.2308,0.0656
28.0392,4.7068,0.1943,0.0858
27.7929,4.4302,0.4687,0.1933
26.8886,5.0698,0.2648,0.1275
23.3532,3.4375,0.0695,0.0215
29.9616,6.7047,0.3889,0.2536
20.0032,5.6222,0.996,0.5444
21.8386,5.5182,0.3794,0.2025
21.4361,3.4029,0.207,0.0633
22.0719,7.1882,0.3404,0.2425
29.677,3.916,0.0816,0.0291
21.4354,2.6728,0.4165,0.0942
23.1488,3.7484,0.7357,0.2518
20.3203,2.8711,0.8646,0.2147
23.4544,2.4287,0.8172,0.1622
20.3751,2.984,0.6661,0.1736
25.9983,7.5188,0.095,0.0706
22.1734,5.3777,0.8741,0.453
20.755,3.4801,0.3076,0.0968
24.0626,6.5311,0.7557,0.4836
25.4838,1.2678,0.5273,0.0326
28.3878,2.6118,0.3424,0.0743
21.5721,2.5433,0.0244,0.0052
21.8812,2.5574,0.0402,0.0086
28.2984,4.107,0.6332,0.2391
27.4394,2.0505,0.9636,0.1497
28.9651,7.7514,0.3887,0.2969
27.6724,7.6055,0.2963,0.2223
27.6257,2.9497,0.7501,0.1904
24.8826,2.1509,0.8703,0.1456
22.4535,5.5,0.8287,0.4402
27.1818,7.9662,0.9875,0.7792
26.3006,6.76,0.2072,0.1371
26.734,7.507,0.3978,0.2947
20.2911,3.4877,0.7779,0.2455
27.9725,4.5475,0.5734,0.2436
20.6528,4.7252,0.5443,0.2445
20.1328,1.738,0.7835,0.0951
21.888,6.2143,0.964,0.5864
28.3561,4.001,0.5973,0.2188
22.113,7.9455,0.854,0.6777
28.1428,4.4718,0.707,0.2946
28.6182,5.0723,0.2265,0.1088
24.4017,4.9355,0.4041,0.1895
23.6722,2.8746,0.3358,0.083
25.842,5.1654,0.6121,0.3014
22.2566,7.5268,0.1849,0.1384
23.6182,7.6624,0.7434,0.566
25.4864,5.989,0.7221,0.4193
21.6606,7.9946,0.2729,0.2182
20.5967,2.2189,0.0628,0.0111
23.4619,2.7889,0.8973,0.2136
25.8199,2.2435,0.9897,0.1755
29.5754,5.1534,0.135,0.0659
25.1327,5.2401,0.7803,0.3909
24.5752,3.5889,0.938,0.3042
25.5775,6.2169,0.9884,0.5978
29.2432,4.2427,0.3497,0.1369
29.7319,3.517,0.7424,0.233
25.1267,6.329,0.3581,0.221
29.2484,6.6039,0.6785,0.4357
29.5302,5.8064,0.2277,0.1269
27.344,5.7793,0.707,0.3935
22.543,7.9557,0.3081,0.2447
20.6025,1.6397,0.7015,0.0769
23.7443,5.6703,0.8348,0.4576
21.6749,4.8635,0.2453,0.1137
24.1953,5.5677,0.296,0.1589
25.298,7.4579,0.4664,0.3439
28.9582,2.7702,0.242,0.0566
26.4637,1.3011,0.4066,0.027
27.4818,1.2858,0.1528,0.0098
25.7014,6.3154,0.165,0.1015
20.5352,5.6631,0.0088,0.0048
28.7345,6.6746,0.1192,0.0775
25.834,6.5812,0.4357,0.2804
22.1707,2.578,0.3691,0.0795
29.3217,5.1228,0.0831,0.0403
20.8527,6.953,0.5748,0.3959
28.7485,5.5096,0.5535,0.2915
22.6483,4.7284,0.655,0.2935
20.8571,4.0246,0.5735,0.2142
20.7611,6.6635,0.498,0.3276
26.4456,6.3244,0.7791,0.4794
20.9553,6.509,0.3881,0.2488
29.5983,5.7621,0.9139,0.505
28.1416,4.4166,0.5472,0.2248
25.2736,5.6551,0.6444,0.3513
27.5264,7.2146,0.265,0.1879
25.5508,4.5937,0.2929,0.1264
23.6578,1.6843,0.4639,0.0531
25.0636,4.0449,0.4251,0.1586
27.3303,5.8472,0.4181,0.2357
20.5563,5.5682,0.911,0.4921
24.1388,3.7075,0.9897,0.3338
20.99,4.6194,0.4231,0.1852
26.0931,5.061,0.1839,0.0885
21.8312,3.998,0.3295,0.1219
21.8349,6.1042,0.3724,0.2222
20.4665,3.3949,0.4579,0.1399
24.0472,4.0322,0.2094,0.078
26.389,7.5118,0.236,0.175
20.1407,2.7072,0.3889,0.0896
21.3419,3.2231,0.551,0.1578
25.326,7.8688,0.3668,0.2865
29.2407,2.4149,0.2356,0.046
20.5599,6.7051,0.7481,0.4956
21.0853,1.3759,0.1856,0.0143
23.3863,2.0367,0.3996,0.0619
23.7983,2.3386,0.487,0.0918
27.8405,7.8944,0.4763,0.3718
23.5021,2.9147,0.6991,0.176
22.4401,2.0155,0.4752,0.0726
24.728,6.3035,0.5449,0.3351
27.9903,2.149,0.5843,0.0971
29.2425,1.5419,0.5053,0.0488
28.3619,3.573,0.4374,0.1402
29.1399,6.5898,0.6724,0.4308
26.1079,6.4841,0.4034,0.2552
25.3779,7.1617,0.3493,0.2465
25.8643,6.2319,0.8025,0.4864
21.3933,4.703,0.9789,0.4369
23.9262,1.6515,0.222,0.0245
27.9481,4.3379,0.5711,0.2299
24.6123,6.597,0.1767,0.1142
21.3329,5.3759,0.7469,0.3875
20.7544,3.7402,0.2916,0.1
21.0076,5.4536,0.9143,0.4823
27.6018,2.1172,0.9463,0.1541
26.7209,6.3309,0.5808,0.3577
24.1719,1.7949,0.3396,0.0432
29.9672,2.5252,0.0746,0.0154
29.2395,1.316,0.5961,0.0406
20.1451,4.3588,0.601,0.2465
25.462,4.7297,0.0059,0.0026
21.4531,1.7505,0.5928,0.0727
22.9586,1.2517,0.5035,0.0301
21.1755,6.6643,0.9398,0.6178
25.7197,4.0194,0.1088,0.0403
24.3579,3.6339,0.2533,0.0834
27.3601,5.8968,0.2496,0.142
21.5285,6.3035,0.6351,0.3927
25.6388,2.3231,0.074,0.0138
24.1383,7.7915,0.099,0.0767
27.9891,3.681,0.1367,0.0454
22.5128,5.6316,0.1256,0.0685
21.0686,5.3648,0.9266,0.4799
29.6427,2.7063,0.6811,0.1544
29.2139,7.8629,0.5669,0.4396
23.8567,6.0887,0.6287,0.3727
29.4758,6.0669,0.3285,0.1922
24.8525,3.1409,0.2604,0.0718
26.9836,7.0565,0.4406,0.3052
20.0089,3.0131,0.2995,0.0791
21.3418,3.5233,0.9075,0.2894
21.8239,6.1033,0.9532,0.5686
22.6848,4.7504,0.6624,0.2984
22.2789,7.6123,0.7522,0.57
22.5621,1.9651,0.3724,0.0547
26.2507,1.7023,0.2046,0.0237
22.2863,2.2805,0.8369,0.1527
26.6018,1.8118,0.6518,0.0838
25.8828,6.0232,0.1413,0.0825
29.8656,4.2335,0.794,0.3098
26.023,6.545,0.7497,0.4793
23.14,3.5493,0.7118,0.2283
22.721,3.1941,0.7193,0.2032
28.964,2.9157,0.5434,0.1356
23.6998,4.4406,0.5438,0.2264
26.2547,6.1107,0.9259,0.5489
29.6521,5.5838,0.7771,0.4147
20.3587,4.9957,0.0135,0.0064
25.802,3.6238,0.2598,0.085
26.2134,1.6564,0.3006,0.0333
21.9523,2.7089,0.6476,0.1489
28.8699,5.1366,0.9703,0.4724
27.0444,1.6189,0.6623,0.0702
25.6632,2.4745,0.3709,0.0752
26.5677,6.3454,0.4857,0.2999
27.5838,4.4694,0.9249,0.3855
26.0538,2.5658,0.4783,0.1017
29.9091,7.2921,0.8123,0.5802
29.3213,3.0162,0.2073,0.054
20.2105,1.9267,0.7749,0.111
24.7887,5.3816,0.0704,0.0363
20.2524,2.3717,0.3595,0.0695
29.2863,3.148,0.063,0.0173
26.4349,4.0063,0.0562,0.0207
23.5268,2.3709,0.664,0.1276
29.5987,3.7165,0.1575,0.0528
23.5667,5.7155,0.1001,0.0554
21.9985,6.6076,0.2198,0.143
24.9327,4.8777,0.7173,0.3317
26.9528,7.0805,0.2014,0.1401
20.6816,7.3376,0.026,0.019
25.2023,1.8922,0.5325,0.0735
29.3904,3.45,0.0018,0.0006
23.5559,3.4514,0.1621,0.0502
26.7808,6.6718,0.7956,0.5187
28.3832,1.6016,0.8293,0.086
27.3613,5.9325,0.7112,0.4074
25.7273,3.9015,0.9331,0.3333
29.4434,3.534,0.1067,0.0337
23.4508,1.9513,0.9745,0.1415
24.1332,2.2503,0.3568,0.0637
25.6085,5.6401,0.4208,0.2286
20.7239,7.6597,0.032,0.0245
23.7642,1.8028,0.9654,0.1237
28.9138,6.5353,0.4541,0.2885
26.2887,4.2739,0.0326,0.0129
28.672,5.8909,0.1702,0.0965
25.1842,3.9468,0.2052,0.0744
23.9629,5.8632,0.577,0.3281
27.6576,6.2406,0.2731,0.1653
27.5658,3.6897,0.287,0.0957
26.2213,6.7856,0.1589,0.1057
23.6759,5.6553,0.7031,0.3844
23.1026,5.6785,0.1273,0.07
26.5028,6.353,0.7173,0.4436
22.0284,4.9019,0.9445,0.4413
27.6436,3.7633,0.503,0.1717
22.7252,2.2841,0.734,0.1341
25.787,4.137,0.1481,0.0566
24.291,6.3288,0.3315,0.2049
29.3337,6.0821,0.8428,0.4945
27.6973,7.0731,0.0758,0.0526
21.9625,1.6182,0.4804,0.0513
29.1532,4.92,0.345,0.16
23.4241,1.9621,0.4758,0.0697
24.4836,6.6972,0.1401,0.0921
25.9398,4.6005,0.9567,0.4133
22.8922,4.4981,0.3911,0.1655
24.1383,5.0248,0.4116,0.1971
24.8135,3.2536,0.5573,0.1605
27.4484,5.5833,0.1877,0.1005
22.9293,4.2349,0.4201,0.1659
22.9048,4.633,0.3569,0.1562
25.4712,2.4529,0.863,0.1731
26.6971,4.5626,0.7997,0.3418
29.407,2.0985,0.5651,0.0905
24.0766,7.6498,0.0822,0.0624
29.7426,4.428,0.5676,0.2332
27.286,7.4844,0.0391,0.0288
28.7929,4.7781,0.4269,0.1916
27.6714,2.1754,0.9474,0.1603
24.9097,4.1311,0.6355,0.243
25.7035,5.5697,0.0793,0.0425
22.5691,3.0455,0.4643,0.1237
21.1023,6.7718,0.9933,0.6645
21.4758,7.9798,0.557,0.4445
25.6875,7.18,0.6409,0.4533
23.0014,1.7738,0.2393,0.0299
24.2425,7.3809,0.0614,0.0448
21.1042,2.4607,0.1129,0.0229
26.1384,1.5257,0.1225,0.0116
25.8023,2.3667,0.2611,0.0499
23.1452,2.1887,0.312,0.0537
23.6106,6.8047,0.1613,0.108
26.4494,6.5582,0.4986,0.3193
25.9265,1.3825,0.2827,0.0218
22.9814,5.7857,0.408,0.229
28.3877,4.8173,0.4782,0.2168
25.673,3.5724,0.1069,0.0344
29.3334,4.3211,0.2135,0.0853
29.287,1.8225,0.0066,0.0009
25.9464,1.969,0.6656,0.0976
26.9176,3.3636,0.5341,0.1596
29.9866,2.6416,0.4703,0.1033
21.9023,3.6111,0.8133,0.2669
27.3399,1.3461,0.9496,0.0686
26.7473,3.9087,0.2665,0.0952
29.671,1.8247,0.8805,0.1139
24.0267,4.816,0.0839,0.0383
28.4848,5.6523,0.1586,0.0859
26.2005,3.4361,0.0961,0.0295
26.9736,6.6266,0.5314,0.3438
27.2833,4.8822,0.9908,0.4568
21.0744,2.7497,0.3448,0.0809
24.1118,5.2865,0.4146,0.2101
21.9288,7.5486,0.5524,0.415
28.8965,4.7778,0.6629,0.2974
28.2464,3.7666,0.2684,0.0916
28.3259,5.3485,0.3819,0.1947
21.7607,4.9023,0.8227,0.3846
21.7361,7.8963,0.7773,0.6131
21.4,5.2183,0.7307,0.3667
22.1754,3.5485,0.2437,0.0783
24.8106,6.3793,0.6678,0.416
21.0358,5.0216,0.5114,0.2459
25.3244,2.4879,0.136,0.0278
22.1209,4.841,0.0248,0.0114
26.598,6.4613,0.199,0.1253
29.4242,3.1296,0.6457,0.1759
27.4585,1.8593,0.2691,0.036
28.9415,2.7642,0.1154,0.0269
22.6891,2.2521,0.3914,0.0701
25.6042,5.8298,0.9635,0.5429
29.0661,4.8903,0.9821,0.4523
22.1825,3.4361,0.3032,0.0937
23.6505,6.2615,0.2361,0.1444
28.6713,1.4494,0.2326,0.0198
23.79,3.2048,0.5794,0.1641
24.4824,3.4603,0.5989,0.1859
26.3149,3.2576,0.7702,0.2215
23.9907,4.1909,0.0754,0.0294
26.0679,7.013,0.4867,0.3354
27.5091,3.4812,0.4655,0.1448
29.0316,2.1921,0.8273,0.1412
27.6717,5.9258,0.8279,0.4734
21.1402,5.8295,0.1441,0.0818
27.2916,5.4208,0.6238,0.3234
24.7161,1.5101,0.9461,0.0883
21.7265,6.988,0.9537,0.6595
26.4244,6.9586,0.1906,0.1302
26.226,2.6494,0.9074,0.2012
28.4068,1.6797,0.7934,0.0896
25.2493,3.5501,0.3916,0.1252
24.9236,3.4403,0.8929,0.2751
25.4656,6.0245,0.6823,0.3988
23.5543,6.9239,0.9763,0.6663
23.3943,3.6971,0.5196,0.1749
25.943,1.4155,0.1177,0.0096
23.74,5.891,0.7802,0.4461
25.0359,7.647,0.253,0.1918
22.1333,5.1008,0.1725,0.0843
23.2918,4.9591,0.4625,0.2185
21.8339,2.5226,0.1494,0.0313
21.4223,7.5078,0.6766,0.5058
29.1089,4.2919,0.0143,0.0057
21.8396,5.1175,0.9202,0.4515
29.766,6.1112,0.8164,0.4812
23.389,3.9883,0.5724,0.2106
20.756,2.2105,0.4477,0.0784
22.6168,3.7866,0.4937,0.1712
25.5792,1.4294,0.6023,0.0501
21.6152,7.6313,0.4241,0.3226
20.1961,5.9828,0.0456,0.0267
28.8993,5.7664,0.7745,0.4288
28.0111,2.1264,0.6149,0.1007
25.6534,6.3627,0.7622,0.4728
23.7277,5.4634,0.8249,0.434
26.1534,1.287,0.5036,0.0325
21.3516,5.6247,0.7265,0.3963
27.625,5.3909,0.5824,0.2999
24.5597,1.512,0.695,0.0651
28.5597,5.4828,0.5083,0.2663
22.1105,3.3361,0.1482,0.0442
21.8597,7.2858,0.9308,0.6732
21.7518,1.3426,0.5228,0.0379
29.8077,7.9623,0.2632,0.2067
21.0023,7.1767,0.4679,0.3334
29.5804,6.9478,0.7692,0.5217
26.5379,2.5796,0.8935,0.1912
21.5639,7.75,0.8224,0.636
21.424,7.1609,0.8273,0.5877
20.4092,4.2945,0.3962,0.1596
21.8317,5.3009,0.844,0.4307
29.701,2.9323,0.3451,0.0867
28.915,2.5353,0.7466,0.1556
23.8407,3.5889,0.0919,0.0298
24.6761,2.1831,0.4874,0.0833
25.8585,3.2803,0.1468,0.0426
25.0056,2.2011,0.4854,0.0839
27.2004,4.4398,0.804,0.3328
20.1571,5.7263,0.0967,0.0539
28.7064,4.0315,0.0854,0.0316
23.3312,2.9665,0.142,0.0366
28.1566,4.4926,0.116,0.0486
25.6782,6.3715,0.0231,0.0143
29.522,2.848,0.5125,0.124
20.4706,3.6965,0.6067,0.2052
27.0725,6.8984,0.2747,0.1856
28.1829,4.4234,0.6755,0.2779
21.7386,4.5891,0.6955,0.3017
22.3712,2.3454,0.3359,0.0637
23.8678,3.4828,0.1081,0.0338
29.9924,3.5006,0.5725,0.1786
27.3714,5.3271,0.0885,0.045
27.4379,2.5932,0.5471,0.1177
28.3231,1.4343,0.0521,0.0044
22.3285,6.1946,0.3663,0.2219
20.4025,6.5271,0.1073,0.0691
26.7788,4.2967,0.5344,0.2132
23.6403,4.5444,0.8339,0.3566
21.2484,7.7807,0.8638,0.6712
20.1587,2.5199,0.6705,0.1406
29.9435,5.4609,0.2075,0.108
20.0366,4.7558,0.6363,0.2883
25.5211,2.7408,0.358,0.0831
23.4328,4.026,0.3158,0.1175
22.359,3.1033,0.0446,0.0122
22.4394,1.3541,0.7441,0.055
27.0242,7.1418,0.1328,0.0932
25.7346,5.3392,0.2759,0.141
25.8065,6.4704,0.605,0.3822
22.8172,7.1631,0.8481,0.6012
23.3744,5.4319,0.0856,0.0448
26.7356,6.0436,0.3095,0.1811
22.1069,6.918,0.56,0.3828
26.4761,5.2581,0.4212,0.2114
23.5997,1.8975,0.3321,0.0462
26.8717,7.9415,0.5662,0.4455
26.4193,7.4662,0.2314,0.1705
26.5669,6.3747,0.9796,0.608
20.9449,4.8456,0.8251,0.3812
29.8684,1.8592,0.2546,0.0339
24.2519,4.8902,0.9006,0.4181
27.702,5.9138,0.1984,0.1132
25.5808,3.1772,0.3926,0.1097
21.3255,6.178,0.5592,0.3383
27.2344,5.9809,0.712,0.4116
28.4503,6.462,0.4386,0.2754
22.7018,1.5314,0.1278,0.0123
28.406,2.4034,0.5625,0.1092
20.3487,6.0403,0.261,0.1543
29.3555,2.5154,0.4435,0.0914
23.9401,1.8368,0.0553,0.0073
26.4016,2.2521,0.3635,0.0647
20.8602,4.6115,0.8571,0.3744
25.4459,7.8933,0.7987,0.6258
24.7097,6.5805,0.4267,0.275
24.8787,6.0881,0.0322,0.019
25.1061,7.6257,0.3174,0.2398
24.8195,2.3408,0.0541,0.0102
28.7369,7.0265,0.5178,0.356
21.8111,6.1578,0.7319,0.4409
25.5453,6.3654,0.4331,0.2688
24.1389,7.6339,0.8627,0.6536
25.6942,5.7382,0.8719,0.4827
21.8986,7.4861,0.1619,0.1206
27.7102,5.5118,0.7141,0.3769
24.9366,6.1672,0.7244,0.4348
25.4143,6.4919,0.5047,0.3201
29.7597,6.9005,0.7173,0.4827
28.7724,2.8985,0.4473,0.1108
27.063,3.2339,0.3112,0.0886
20.9391,7.3148,0.166,0.1208
22.3833,4.4113,0.4792,0.1985
22.629,5.1788,0.1227,0.0609
29.3957,4.0839,0.2713,0.1016
24.0853,4.5014,0.1882,0.0795
22.7038,6.654,0.2876,0.1883
24.062,2.5781,0.5928,0.1273
25.9376,2.7557,0.2644,0.0617
27.3123,4.6795,0.4224,0.1856
26.3873,7.9681,0.1747,0.1381
25.4398,6.6365,0.7024,0.4564
25.9774,3.2394,0.1892,0.0541
29.106,6.5418,0.0551,0.0351
26.3947,4.2789,0.5853,0.2325
27.2626,7.096,0.9312,0.6486
21.7971,3.8398,0.7502,0.2648
21.8731,6.0068,0.6181,0.3622
26.1438,1.5444,0.7386,0.0719
23.905,3.8955,0.1758,0.0629
26.4389,1.4154,0.6946,0.0565
28.1164,3.2411,0.3553,0.1013
28.6456,1.8645,0.3471,0.0466
26.1977,4.8426,0.0646,0.0295
23.5799,5.9189,0.2866,0.1648
25.247,1.7369,0.4922,0.0592
21.5738,6.877,0.0376,0.0256
27.3315,6.7475,0.9608,0.6336
28.2676,4.2824,0.7516,0.2979
26.1895,4.6654,0.1248,0.0547
21.2777,3.3685,0.4224,0.1276
29.0821,6.1719,0.9984,0.5956
25.6365,6.2724,0.8549,0.5221
20.1652,5.9831,0.5447,0.3187
20.1121,3.2217,0.313,0.0898
26.3474,3.5535,0.6879,0.2198
27.733,5.3893,0.7215,0.3713
20.6396,4.6538,0.4186,0.1849
20.0495,4.5919,0.3121,0.1359
20.2244,7.3812,0.5788,0.4257
29.0199,7.6729,0.6013,0.4544
21.904,2.1883,0.7046,0.1214
26.2224,2.8788,0.3386,0.0835
28.4293,3.7707,0.0253,0.0086
28.1096,7.9082,0.4792,0.3746
21.9551,5.5067,0.0897,0.0478
26.0829,7.3499,0.8116,0.5884
26.3368,3.696,0.4009,0.1342
24.8993,6.5194,0.0642,0.0409
26.4175,6.1994,0.9615,0.5789
21.8257,6.4971,0.5995,0.3829
27.0727,7.0715,0.0574,0.0399
20.5003,6.1926,0.6133,0.3725
23.5514,6.3629,0.1168,0.0727
29.7934,2.5178,0.4799,0.0989
28.5342,7.3986,0.6717,0.4884
23.7957,3.0962,0.6426,0.1744
20.1237,6.5575,0.2069,0.1339
24.11,1.6655,0.9457,0.106
29.3109,3.0063,0.2635,0.0683
28.1909,5.9752,0.3985,0.2298
26.7825,6.0849,0.5733,0.338
22.0162,5.4792,0.4205,0.2226
22.0512,6.1941,0.5381,0.3261
20.3121,2.7021,0.015,0.0035
20.0934,2.9556,0.5084,0.131
28.8489,7.2881,0.8978,0.642
26.4042,2.2164,0.381,0.0663
27.675,3.8958,0.9852,0.3502
20.7091,5.4877,0.4168,0.2215
28.9157,7.4261,0.3894,0.2841
20.0857,3.0412,0.3576,0.0955
29.0179,6.5558,0.7669,0.4887
24.0669,6.3501,0.0108,0.0067
24.9158,7.0713,0.967,0.6737
24.5304,3.043,0.6317,0.1676
22.8148,3.3618,0.7099,0.2134
26.557,5.0898,0.4297,0.2079
23.5194,4.2233,0.0856,0.0336
26.9896,4.5852,0.191,0.0821
21.9551,6.1054,0.1636,0.0976
29.43,1.3281,0.1023,0.0071
22.5274,2.4097,0.6067,0.1194
24.4206,7.3586,0.5867,0.4271
25.5673,1.2071,0.889,0.0472
22.2304,2.0363,0.7092,0.11
24.5745,1.3613,0.8058,0.0601
23.2354,4.3747,0.5372,0.2201
29.3218,7.7572,0.0365,0.0279
28.3124,2.9032,0.5249,0.1304
20.1684,6.6312,0.9263,0.6067
24.498,4.0315,0.0177,0.0066
20.7112,6.1957,0.2414,0.1466
24.2801,6.6518,0.2901,0.1893
28.779,3.0677,0.5266,0.1401
25.7303,2.3383,0.643,0.1208
22.1627,1.8782,0.0074,0.001
27.0777,5.8826,0.9578,0.5438
20.5637,7.8872,0.9907,0.782
25.7078,7.8757,0.0319,0.0249
26.495,1.7126,0.7131,0.0835
27.3468,1.3698,0.0668,0.005
24.8507,2.973,0.7387,0.1902
27.9708,3.0806,0.942,0.2523
28.4675,1.4682,0.4981,0.0436
20.81,5.9353,0.1108,0.0642
27.0277,5.4023,0.6277,0.3243
27.1603,7.4192,0.1901,0.139
23.2522,5.8631,0.5774,0.3287
22.2739,4.2267,0.168,0.0663
23.4233,7.2797,0.4904,0.3534
24.1183,5.8191,0.9698,0.5468
27.5117,1.9471,0.3192,0.0459
25.5707,6.0774,0.3548,0.2093
24.7126,3.2474,0.5498,0.158
24.3348,1.5955,0.5763,0.0598
23.6536,6.2708,0.6409,0.3926
28.1042,4.9628,0.6132,0.2876
25.2611,2.426,0.62,0.1225
24.4958,7.747,0.3596,0.2766
29.8119,5.892,0.8316,0.4708
20.8487,1.2215,0.6441,0.0359
28.2284,3.2311,0.4588,0.1303
24.7983,6.5158,0.9346,0.5958
28.9063,2.7131,0.0313,0.0071
28.1601,3.6237,0.3933,0.1282
27.0562,4.7163,0.359,0.1592
21.8713,1.6773,0.157,0.0179
26.4572,5.3781,0.9944,0.5117
27.9989,2.3912,0.1257,0.0243
21.0873,6.7451,0.6598,0.4395
20.3605,7.069,0.8994,0.6312
21.4992,1.7923,0.1787,0.0228
26.277,6.484,0.5702,0.3607
25.1641,3.5063,0.6489,0.2044
29.5398,7.3995,0.2324,0.1687
24.8264,3.9121,0.6175,0.2216
20.832,7.4808,0.6343,0.4728
20.863,6.915,0.232,0.1588
23.4646,5.9499,0.4254,0.246
24.9379,5.552,0.5566,0.2975
22.6924,2.7981,0.2342,0.0561
20.2932,2.9624,0.0219,0.0057
20.1273,4.4194,0.9294,0.3872
20.964,5.7591,0.3829,0.2146
24.179,7.7811,0.0865,0.0669
24.2323,3.6235,0.6869,0.2254
22.9948,7.2882,0.6137,0.4432
20.1724,6.079,0.5128,0.3054
20.7834,7.851,0.197,0.1547
25.987,2.0527,0.0971,0.0151
23.4358,4.5185,0.9839,0.4181
27.4199,6.7137,0.3231,0.2119
24.9913,4.9073,0.4415,0.2055
22.8523,3.9191,0.5186,0.1872
28.1492,5.7608,0.8686,0.481
24.8944,1.3486,0.7521,0.0548
26.6371,6.3575,0.6127,0.3791
27.3966,7.4748,0.2655,0.1956
25.4781,2.1105,0.6782,0.1103
25.8055,3.2449,0.6761,0.1937
26.8064,3.4808,0.9729,0.303
24.2996,2.3438,0.4454,0.0841
23.5582,6.6817,0.0469,0.0308
21.2277,5.905,0.2095,0.1206
26.8233,6.7807,0.9275,0.6154
28.1609,4.476,0.5733,0.2391
29.2458,4.8266,0.3908,0.1773
20.0124,6.38,0.059,0.0371
25.116,3.1415,0.0674,0.0186
26.2818,3.8255,0.0131,0.0046
20.9588,1.8811,0.3081,0.0425
23.6073,4.9677,0.9976,0.4719
28.6816,2.7583,0.2759,0.0642
29.6489,7.2282,0.9039,0.6397
24.3345,5.49,0.0692,0.0366
20.3488,6.4608,0.9586,0.6101
28.6035,5.1506,0.4001,0.1955
23.9634,1.5629,0.254,0.0254
24.1789,2.6852,0.5937,0.1344
21.0639,3.7535,0.3128,0.1076
23.1649,5.3639,0.2636,0.136
27.4474,1.4906,0.1634,0.0148
20.1802,4.4885,0.3891,0.165
28.0712,7.2209,0.8101,0.5743
23.512,7.3824,0.5691,0.4163
24.4963,4.3003,0.5749,0.2304
24.8211,6.1625,0.4897,0.2937
21.9462,5.5171,0.8718,0.4651
23.0631,2.0963,0.6948,0.1123
22.9475,7.1851,0.0508,0.0361
29.0171,7.8141,0.5108,0.3936
24.7583,3.0651,0.584,0.1563
20.6663,5.8223,0.4566,0.2591
26.7196,2.1413,0.355,0.0588
23.3673,6.5246,0.7961,0.5095
22.8279,7.2634,0.7808,0.5619
22.1639,6.3362,0.4256,0.2644
23.6631,1.5048,0.5536,0.0514
20.1639,7.5376,0.7223,0.5434
22.5689,3.7143,0.9677,0.328
22.5503,2.9713,0.3295,0.0851
20.5704,4.3052,0.6831,0.276
23.666,5.6936,0.9792,0.5393
25.6365,1.3957,0.3746,0.0296
24.6919,3.2526,0.1821,0.0524
24.8977,4.3606,0.7272,0.296
22.1915,3.8479,0.7376,0.2608
24.1952,2.827,0.2059,0.0498
27.3963,7.3031,0.7801,0.5604
27.5182,5.2941,0.3503,0.1768
21.7662,2.1656,0.1179,0.02
23.3122,6.2734,0.5912,0.3625
21.6384,7.5478,0.2868,0.2155
28.5007,7.7144,0.4795,0.3647
23.7743,5.1902,0.4852,0.241
24.495,4.7367,0.9938,0.4449
21.0938,6.2986,0.5889,0.364
21.8657,3.2452,0.8369,0.2414
29.7327,3.6459,0.0096,0.0032
25.7165,2.7263,0.2734,0.063
29.5819,4.2616,0.4661,0.1833
22.551,2.5135,0.0989,0.0206
21.8847,3.7739,0.6586,0.2277
25.4914,6.7435,0.6884,0.4551
22.1495,6.6155,0.2315,0.1507
20.1049,4.3858,0.3605,0.1489
25.9015,6.9307,0.698,0.475
24.6103,2.2537,0.5709,0.1021
26.376,1.4939,0.0462,0.0042
27.3905,5.1848,0.1499,0.0739
27.4233,2.3446,0.0739,0.0139
27.139,1.4214,0.6437,0.0528
21.4044,7.1034,0.129,0.0909
25.2638,4.9866,0.2696,0.1277
22.7876,5.0671,0.4289,0.2077
28.2537,5.2351,0.352,0.1753
24.4122,1.357,0.0666,0.0049
24.6713,6.8691,0.7447,0.5029
26.8776,2.4371,0.7137,0.1415
20.442,4.3136,0.9437,0.3822
28.2298,5.8748,0.8564,0.4846
22.0533,2.312,0.1681,0.0313
21.7184,4.5294,0.8817,0.3768
21.0887,4.4892,0.6328,0.268
29.9068,5.69,0.4813,0.2622
21.2563,4.9461,0.7598,0.3591
21.7352,7.3298,0.9896,0.7206
23.3649,3.3112,0.5622,0.1658
28.9722,5.1415,0.4977,0.2425
21.2444,6.6513,0.8261,0.5418
21.9368,7.1105,0.6751,0.4755
25.3148,4.1133,0.0332,0.0126
23.3349,2.1432,0.1507,0.0252
26.6237,2.1925,0.0059,0.001
29.2828,6.4454,0.4177,0.2612
27.1243,3.7162,0.1632,0.0549
24.8571,5.147,0.3233,0.1588
20.7099,4.0027,0.5993,0.2225
26.9415,2.5083,0.7617,0.157
24.5303,6.3917,0.8239,0.5146
24.2744,5.1202,0.0184,0.009
27.0097,3.0935,0.7544,0.2034
23.919,2.7165,0.019,0.0044
22.3908,1.7097,0.3038,0.0357
20.7994,3.7389,0.641,0.2196
20.6534,1.2467,0.3991,0.0237
25.2411,6.841,0.7564,0.5081
28.5113,4.4974,0.4158,0.1743
22.0729,3.7558,0.1639,0.0563
21.0002,1.8594,0.0153,0.0021
20.9309,7.2961,0.395,0.2865
20.0499,5.0352,0.9055,0.4375
24.2933,1.4291,0.9386,0.0782
27.2137,5.4009,0.1442,0.0745
21.7017,7.9857,0.0628,0.0501
26.7664,6.764,0.0176,0.0117
25.1958,2.6771,0.6834,0.1539
23.3355,6.5438,0.1477,0.0949
26.7983,3.7595,0.5877,0.2006
26.3787,1.6756,0.2318,0.0262
25.23,5.3923,0.4909,0.2539
21.3996,7.7324,0.8979,0.6929
27.639,2.2982,0.2427,0.0444
27.2012,6.3375,0.5956,0.3669
21.4578,7.1996,0.6561,0.4688
29.2091,4.1067,0.4559,0.1719
22.0324,3.9645,0.608,0.2227
29.1746,7.5186,0.232,0.1715
27.7122,7.8936,0.7003,0.5467
25.8561,5.8931,0.2329,0.1328
22.1109,4.8267,0.6814,0.3128
22.7703,6.1257,0.7402,0.4426
28.6137,4.6234,0.006,0.0026
21.246,5.7917,0.4937,0.2783
23.0386,5.3113,0.6831,0.3487
22.1402,4.9238,0.4762,0.2236
26.8544,2.5318,0.1435,0.0299
26.065,3.7799,0.7637,0.2627
23.59,5.1608,0.4075,0.2012
28.1155,2.6994,0.3682,0.0834
23.3835,2.6032,0.599,0.1304
23.7774,4.0331,0.5992,0.2232
27.3906,5.5231,0.2453,0.1298
26.1868,5.6587,0.8507,0.4634
27.9798,1.5357,0.5776,0.0554
22.1604,1.3926,0.4873,0.0385
21.1657,3.2749,0.124,0.0362
28.7334,5.2937,0.9636,0.4853
22.0414,7.723,0.4314,0.3321
25.3516,6.7675,0.8854,0.5877
20.1744,6.2514,0.8373,0.5142
29.667,2.045,0.2759,0.0425
27.2498,7.5362,0.9779,0.7269
27.049,1.3808,0.4539,0.0349
29.651,4.4602,0.8231,0.3411
28.2668,4.3457,0.8617,0.3474
23.7838,5.494,0.5596,0.2962
25.1252,6.8181,0.8647,0.5788
20.9705,5.89,0.2878,0.1653
27.4026,3.0103,0.5968,0.1554
22.1233,1.9333,0.717,0.1029
28.731,4.6249,0.5912,0.2557
27.002,3.0792,0.0075,0.002
29.8891,4.5554,0.2753,0.1168
29.0788,5.3416,0.0534,0.0272
21.5649,4.2009,0.9703,0.3804
28.24,1.4315,0.9834,0.0817
23.2372,5.6326,0.3766,0.2051
21.8727,4.8092,0.9791,0.4478
21.8677,1.4135,0.8613,0.0704
24.0285,3.762,0.5281,0.1813
28.2114,5.9882,0.0132,0.0076
26.1708,6.7281,0.2608,0.1718
23.4461,5.699,0.769,0.4241
29.418,7.2832,0.1371,0.0978
26.7888,3.8899,0.4417,0.157
24.5801,1.704,0.8485,0.0989
23.6751,5.8509,0.8522,0.4837
20.7469,3.2022,0.3358,0.0955
25.1456,3.6008,0.0257,0.0084
28.2273,4.4433,0.0676,0.028
22.458,6.7344,0.0853,0.0566
23.8387,4.7834,0.6282,0.2846
26.6878,5.8254,0.9902,0.5566
24.0687,3.7484,0.875,0.299
25.4937,4.9966,0.2596,0.1232
24.5432,7.9499,0.2849,0.2253
27.1692,4.6615,0.8035,0.3516
21.2124,7.4815,0.0566,0.0422
24.3359,4.4489,0.9679,0.4035
28.1494,6.1183,0.5445,0.3222
20.3094,6.2269,0.6318,0.3862
20.3609,6.0518,0.1621,0.096
22.6118,5.0029,0.6502,0.3106
24.3778,2.2413,0.2307,0.0409
29.4414,7.3992,0.3477,0.2524
20.9872,7.8913,0.9684,0.7643
20.4155,3.5195,0.5042,0.1609
25.2459,4.9876,0.2474,0.1172
25.8086,7.3877,0.0033,0.0024
21.9704,1.8205,0.2455,0.0321
21.9199,6.6241,0.6798,0.4434
21.7226,1.4118,0.0552,0.0045
29.2099,6.0247,0.872,0.5065
26.8937,2.1363,0.114,0.0188
26.5269,3.7309,0.1955,0.0662
24.1953,2.4616,0.5115,0.1033
21.1846,7.6185,0.7355,0.5588
24.264,4.9917,0.6273,0.2981
24.5144,5.3126,0.0294,0.0149
21.1879,6.0772,0.725,0.4309
27.7966,7.4213,0.3445,0.2516
20.398,6.8729,0.7551,0.514
24.1254,7.5186,0.6044,0.4505
25.5432,1.7694,0.6853,0.0849
28.069,5.3658,0.3073,0.1573
21.0242,5.1467,0.3866,0.1911
25.5346,2.1143,0.4717,0.0769
20.7909,3.4227,0.3918,0.1208
22.9296,6.3502,0.9722,0.6045
25.9082,2.8437,0.4525,0.11
27.4175,2.1981,0.4966,0.0853
23.8117,4.2735,0.8554,0.3408
27.9227,4.3188,0.6702,0.2684
27.5209,5.7946,0.4145,0.2313
26.8316,5.3534,0.9382,0.48
28.8181,3.6437,0.6482,0.2125
28.309,6.9056,0.8871,0.5989
27.2116,4.2155,0.6351,0.2477
23.3006,3.7869,0.0819,0.0284
26.672,3.2138,0.4695,0.1328
28.4418,5.6464,0.3326,0.1801
27.0032,2.8471,0.3634,0.0883
27.5996,6.049,0.5031,0.2943
26.6006,1.7888,0.1696,0.0214
27.2198,1.9137,0.1299,0.0182
21.4037,4.6371,0.9497,0.4171
29.1277,1.3137,0.7517,0.0509
21.106,1.7213,0.7511,0.0896
20.0723,7.7551,0.0532,0.0413
26.7857,5.9858,0.9135,0.5289
20.3212,2.8065,0.2856,0.0689
26.4683,5.6268,0.396,0.2143
27.3995,2.173,0.7524,0.1272
20.4895,5.9164,0.5557,0.3211
21.1817,5.9424,0.75,0.4349
22.2512,6.8083,0.3757,0.2523
27.8397,5.0456,0.2902,0.1387
20.6634,7.4728,0.458,0.3411
22.1926,3.8335,0.4527,0.1594
21.933,6.4771,0.4535,0.2887
29.5032,7.4244,0.9727,0.7088
27.8005,2.9686,0.4925,0.126
24.9942,6.1059,0.0247,0.0147
21.3635,5.1449,0.4094,0.2022
27.5045,7.7471,0.7565,0.579
28.1582,4.3132,0.1338,0.0535
22.1854,2.6067,0.7877,0.1722
22.9945,2.6416,0.3682,0.0818
27.6591,7.1627,0.2481,0.1745
28.074,1.2575,0.7791,0.0469
29.5418,4.3876,0.0063,0.0025
29.6934,2.0281,0.4639,0.0706
24.2947,7.6333,0.7745,0.5866
25.4893,7.4195,0.6024,0.4416
29.6971,7.7867,0.5102,0.3912
22.2777,4.1855,0.1498,0.0584
26.4437,7.5519,0.8867,0.6615
25.6727,2.6639,0.3804,0.085
24.7279,6.4604,0.2452,0.1549
24.308,3.4404,0.9683,0.2986
22.6818,2.9366,0.3692,0.094
24.941,3.9712,0.4105,0.1499
29.8143,2.6443,0.6329,0.1392
21.6374,7.9946,0.0173,0.0138
20.0695,7.0933,0.0413,0.0291
22.5701,7.0795,0.0214,0.015
20.6232,4.4597,0.8821,0.3711
25.1915,5.7653,0.8835,0.4921
25.1695,7.0872,0.702,0.49
25.6549,3.9954,0.6167,0.2266
20.5102,3.8031,0.635,0.2221
26.0506,7.169,0.4142,0.2923
25.0661,6.2812,0.7073,0.433
22.3351,5.8251,0.0174,0.0098
29.33,2.5289,0.5975,0.124
24.8307,1.2341,0.1293,0.0074
23.6847,2.0235,0.9243,0.1417
28.499,4.8732,0.3657,0.1679
24.9525,5.0112,0.6427,0.3063
24.2537,6.2358,0.8311,0.5055
21.546,2.296,0.2113,0.039
26.9728,5.8199,0.2485,0.1395
29.292,5.7492,0.0291,0.016
26.3473,3.1628,0.9976,0.2767
24.2313,4.8352,0.2964,0.1358
27.4577,6.8185,0.0644,0.0429
25.7082,2.7549,0.5929,0.1384
25.7954,2.8224,0.8673,0.2088
25.7446,5.0856,0.8834,0.4275
28.5624,4.4724,0.2107,0.0878
24.1863,1.8614,0.1986,0.0268
25.8591,4.0249,0.1309,0.0485
21.7363,7.603,0.5683,0.4304
21.1783,4.0604,0.9426,0.3555
21.4317,3.3429,0.5919,0.1772
20.7547,6.5683,0.0883,0.0572
29.2687,4.6647,0.954,0.4163
23.5553,1.4823,0.8987,0.081
25.5944,4.0142,0.1401,0.0518
22.4624,1.6072,0.7813,0.0824
23.4767,2.7828,0.802,0.1904
23.6106,4.6298,0.0996,0.0435
29.7294,3.6102,0.2917,0.0945
22.5145,5.218,0.49,0.2454
24.7087,6.4342,0.6821,0.429
21.4507,2.6336,0.2425,0.0538
29.1938,4.5973,0.781,0.3353
29.7349,2.4593,0.6618,0.1322
24.6216,2.2468,0.6344,0.1129
26.1727,2.9661,0.2909,0.0745
21.6208,4.7137,0.694,0.3104
23.544,7.6606,0.3921,0.2985
22.4928,6.889,0.3444,0.2342
29.302,1.9539,0.8156,0.1175
24.2066,1.2006,0.3295,0.0172
29.5065,5.3368,0.9143,0.4641
26.8474,2.7216,0.7774,0.1783
29.5562,7.9489,0.3663,0.2873
21.2699,3.8795,0.9502,0.3397
24.3672,5.0931,0.3944,0.1916
20.6995,5.8257,0.2213,0.1257
27.0343,6.1963,0.826,0.4966
22.5952,2.4598,0.5435,0.1099
26.1695,4.4161,0.4004,0.165
21.5645,1.6111,0.1416,0.015
20.8548,3.1864,0.9284,0.2623
26.994,5.1604,0.453,0.2224
21.7741,5.5364,0.5577,0.2987
21.0391,5.4928,0.5372,0.2856
24.2609,2.9198,0.0877,0.0221
23.7173,3.7478,0.7343,0.2511
27.6824,2.6143,0.4802,0.1044
26.8546,6.3362,0.7927,0.4885
21.8222,2.9396,0.5914,0.1509
27.7831,4.7435,0.2346,0.1046
28.8446,5.9129,0.4771,0.2716
25.0701,6.1367,0.9811,0.5855
25.023,3.6531,0.9529,0.3154
28.4903,5.492,0.0014,0.0007
25.3499,7.7375,0.0526,0.0404
26.374,2.1714,0.8154,0.1379
20.8818,2.319,0.5989,0.1121
26.6715,1.6533,0.6554,0.0722
22.0937,3.7607,0.3996,0.1376
27.9649,6.3419,0.4444,0.2736
20.277,2.9011,0.7763,0.1954
23.9449,6.7235,0.6907,0.4563
27.0476,5.3839,0.6525,0.3359
22.6412,5.0018,0.1269,0.0606
20.1409,4.3706,0.7657,0.315
21.1728,5.3611,0.5047,0.2611
26.7385,3.8581,0.528,0.1859
21.8688,5.9207,0.6563,0.3786
26.004,2.2056,0.8223,0.1423
22.0156,7.7421,0.7982,0.6162
25.901,6.4705,0.594,0.3751
21.2834,2.4043,0.5748,0.113
24.3777,4.2699,0.8463,0.3365
20.131,6.264,0.4691,0.2887
29.1899,3.8095,0.6298,0.2175
22.6681,6.5404,0.5236,0.3364
27.1698,7.1073,0.2291,0.1599
21.9313,3.2571,0.1156,0.0335
25.3663,4.9959,0.8329,0.3954
29.2348,5.578,0.8585,0.458
28.3561,4.0252,0.8118,0.2995
24.6944,3.3075,0.8809,0.2588
28.8934,6.8678,0.1839,0.1233
26.6115,1.5351,0.2157,0.0207
22.0273,3.2721,0.4777,0.1392
20.0937,2.4292,0.8178,0.1633
27.0417,5.1466,0.9017,0.4413
24.0849,7.1973,0.7842,0.5576
23.1178,4.9736,0.8525,0.4041
24.3986,5.2252,0.2456,0.1228
26.146,1.4387,0.1371,0.0116
28.1049,1.3524,0.4719,0.0345
26.793,2.2331,0.3279,0.0577
29.2325,3.7157,0.9278,0.3111
27.4894,3.4966,0.1317,0.0412
29.1323,3.2447,0.6508,0.1854
28.6492,4.0813,0.3082,0.1155
20.115,6.3572,0.7395,0.4626
28.7983,5.1923,0.0227,0.0112
23.1907,5.0389,0.0406,0.0196
24.6798,2.6444,0.7789,0.1728
29.5427,1.2398,0.2917,0.0168
24.306,2.1243,0.3067,0.0504
24.8906,3.6024,0.0219,0.0071
28.2889,4.1894,0.4526,0.1749
25.4371,6.9913,0.5102,0.3508
25.5854,7.9689,0.2838,0.2246
24.0907,6.2512,0.437,0.2666
24.4968,4.1545,0.3299,0.1271
23.3843,7.5515,0.6569,0.4925
24.9529,1.2028,0.3058,0.0161
26.8258,3.9773,0.5378,0.1962
27.1608,3.3804,0.9685,0.291
20.9018,1.8419,0.9631,0.1284
24.5481,7.545,0.0766,0.0573
24.1799,4.6561,0.7973,0.3502
23.1724,4.9936,0.1132,0.0539
20.2977,2.4262,0.2963,0.0591
21.9092,3.0061,0.1997,0.0524
22.4857,6.4152,0.3975,0.2501
26.457,3.3003,0.5655,0.1652
28.8922,3.0591,0.8502,0.2254
27.0449,6.6077,0.7826,0.5047
29.0212,2.585,0.0562,0.012
22.6554,3.8886,0.5731,0.205
21.1099,2.0116,0.5474,0.0836
25.6116,4.0944,0.4377,0.1655
21.2884,4.4352,0.9881,0.4126
29.5274,3.9362,0.6207,0.2227
23.1076,7.5479,0.4406,0.3303
23.7091,2.2917,0.3689,0.0676
28.9013,1.8275,0.8312,0.108
20.6763,3.7338,0.7437,0.2544
21.037,2.1699,0.3786,0.0646
25.734,7.1667,0.4928,0.3478
26.4103,5.6739,0.9336,0.5099
29.3293,3.1129,0.7691,0.2082
23.095,3.3493,0.824,0.2465
21.6293,5.697,0.9665,0.5345
20.0228,7.6827,0.7461,0.5731
23.5537,7.8979,0.3395,0.267
29.6497,1.2142,0.9496,0.0511
22.4909,4.1603,0.1573,0.0609
21.3985,6.9689,0.1016,0.0701
29.6503,4.5056,0.6761,0.2835
23.0232,7.0337,0.662,0.46
27.9749,7.0751,0.9067,0.6288
23.4681,6.2981,0.5445,0.3352
27.7553,4.6657,0.1966,0.086
29.7574,6.2662,0.7215,0.4371
21.9976,3.483,0.9409,0.2956
29.3789,6.2014,0.3471,0.2081
29.2164,3.8132,0.3796,0.1312
24.6718,2.7701,0.6428,0.1514
20.6331,7.6646,0.8012,0.6132
29.726,1.7682,0.6845,0.0841
23.7564,4.8371,0.635,0.2915
22.5562,6.9836,0.7161,0.4942
21.3403,6.7878,0.4841,0.3246
28.1198,5.6864,0.2601,0.142
22.1497,5.9738,0.9862,0.5742
28.7778,3.9412,0.662,0.2381
29.0576,2.2518,0.6661,0.1181
27.4105,5.924,0.1809,0.1035
25.8912,3.7188,0.7157,0.2416
20.4541,1.8377,0.931,0.1238
28.1542,6.9313,0.071,0.0482
28.6062,5.8594,0.4485,0.2529
26.9309,1.5992,0.5085,0.0527
22.5739,7.707,0.5071,0.3891
25.4145,4.3764,0.8384,0.3424
23.1884,4.3667,0.3684,0.1506
26.3635,3.7537,0.5111,0.1743
25.7671,7.7405,0.1894,0.1452
23.1153,5.1601,0.6494,0.3209
21.4964,6.104,0.4143,0.2473
20.2852,3.2128,0.5514,0.1575
23.866,4.8062,0.0058,0.0026
28.6659,5.3235,0.6515,0.3302
20.3049,2.6832,0.2915,0.0664
25.5995,5.5927,0.9135,0.4917
27.7563,1.5704,0.7637,0.0765
23.6488,3.4541,0.0563,0.0175
26.0789,1.2974,0.8476,0.0559
24.7936,5.2541,0.1594,0.0802
28.4207,6.6434,0.7908,0.5118
22.2732,3.2258,0.8919,0.2552
28.9839,1.3124,0.5369,0.0363
22.7139,5.9302,0.6011,0.3469
24.1282,2.2607,0.0534,0.0096
23.6038,6.5911,0.8532,0.5519
21.1174,2.7629,0.5071,0.1197
22.1866,6.8605,0.4437,0.3005
29.0909,2.8815,0.8379,0.206
24.6406,4.7538,0.0744,0.0334
27.3787,1.7764,0.1693,0.0211
28.8064,7.4157,0.6834,0.4979
29.3963,2.7381,0.5078,0.1169
22.747,4.6469,0.7792,0.3423
25.4794,4.7265,0.3337,0.1487
28.6293,2.2568,0.206,0.0367
25.8608,6.9716,0.9356,0.6408
27.2647,7.6685,0.0842,0.0637
29.0194,7.3265,0.0273,0.0196
25.7522,7.6486,0.4641,0.3514
27.1759,1.7387,0.0022,0.0003
29.1802,2.5565,0.679,0.143
25.5293,5.0511,0.8244,0.3961
20.5707,2.0071,0.9642,0.1468
26.2204,4.887,0.055,0.0254
27.7925,3.5835,0.8849,0.2849
23.5561,4.9232,0.7925,0.3712
22.6072,7.1913,0.365,0.26
23.4341,2.1781,0.622,0.1062
25.389,2.7249,0.46,0.1059
20.5108,5.0156,0.4043,0.1944
22.1125,6.2961,0.569,0.351
25.6416,5.7947,0.2567,0.1437
27.8162,7.6349,0.8313,0.626
20.6598,3.4743,0.182,0.0571
23.4909,4.906,0.6198,0.2891
23.7018,3.5854,0.4317,0.14
27.0809,6.9755,0.8036,0.5496
25.4629,7.1699,0.6337,0.4477
26.5465,6.1024,0.0336,0.0199
27.8081,5.2646,0.0397,0.0199
28.5386,4.3001,0.2384,0.0949
28.0996,5.9146,0.1489,0.0849
27.6344,7.4714,0.0349,0.0257
21.01,1.5426,0.1824,0.0179
21.8696,5.5656,0.9818,0.5289
29.0443,3.9199,0.6125,0.2188
22.4363,6.7692,0.8991,0.5999
28.6213,7.9176,0.166,0.1298
29.0444,5.4664,0.7585,0.3957
29.5843,1.4381,0.0632,0.0053
23.9149,7.3048,0.3954,0.2858
24.9177,6.3248,0.3507,0.2164
27.6674,4.0751,0.3851,0.1443
24.7586,3.0478,0.6031,0.1602
25.3882,7.0988,0.6406,0.4478
20.0541,1.4281,0.119,0.01
25.8474,3.7128,0.0092,0.0031
23.7944,4.5751,0.9799,0.4221
27.1921,3.7074,0.6287,0.211
22.4596,5.8936,0.3443,0.1974
29.848,5.7363,0.9975,0.5483
27.7725,4.0396,0.9199,0.3411
27.3774,1.5618,0.0035,0.0003
24.3468,3.8863,0.9737,0.3471
26.2719,6.6448,0.8887,0.5773
25.4234,4.5545,0.4231,0.1808
22.1042,4.7177,0.1338,0.0599
25.768,4.2629,0.6895,0.273
29.756,5.3444,0.4308,0.2189
29.7901,2.4419,0.5845,0.1157
20.2947,6.5064,0.7726,0.4955
29.988,3.302,0.2472,0.0719
20.959,5.778,0.9893,0.5564
25.7208,6.5341,0.9078,0.5796
25.2719,2.7066,0.828,0.1891
24.728,2.4481,0.4184,0.0838
29.4513,7.6405,0.2473,0.1859
24.5141,1.2891,0.1155,0.0075
24.1788,6.1965,0.0845,0.0511
21.4458,3.7372,0.0772,0.0264
21.9213,2.6712,0.1474,0.0333
24.5691,7.2879,0.7147,0.5147
29.2485,3.3701,0.0754,0.0225
28.3435,7.0432,0.9968,0.6875
28.1495,6.9416,0.6689,0.4543
24.65,2.9641,0.9594,0.2462
25.3496,3.4131,0.0515,0.0157
24.0222,5.4023,0.5008,0.2601
26.8341,1.7129,0.5629,0.0659
20.7576,4.4862,0.1556,0.0659
25.6422,2.1363,0.235,0.0389
29.2351,2.3734,0.1296,0.0247
25.3599,4.439,0.389,0.1615
24.1712,5.0059,0.1124,0.0536
22.1707,3.598,0.1748,0.0571
22.7923,2.1395,0.5641,0.094
20.2012,3.2273,0.4036,0.116
20.8825,1.4293,0.1286,0.0108
25.1647,6.7619,0.3582,0.2376
24.5271,3.14,0.6324,0.1744
27.9375,3.3694,0.0498,0.0149
24.729,3.1612,0.7003,0.1947
20.903,3.0563,0.1486,0.0399
28.3778,4.0428,0.0363,0.0135
22.2798,5.3331,0.0044,0.0022
29.8265,3.6719,0.5834,0.1927
20.995,6.1648,0.0898,0.0542
26.4897,4.0461,0.6793,0.2529
24.7804,6.5606,0.566,0.3636
20.3984,5.8784,0.7877,0.4519
25.1938,7.979,0.2167,0.1718
21.828,2.4507,0.0369,0.0074
22.8084,5.2117,0.2447,0.1223
28.0948,2.1216,0.6847,0.1117
22.5872,6.8831,0.3299,0.2241
26.6591,6.2851,0.9871,0.6031
20.4459,3.0575,0.9765,0.2624
29.8658,1.9535,0.2275,0.0327
28.3491,5.2934,0.1031,0.052
22.4514,4.487,0.536,0.2263
20.2053,3.2583,0.1628,0.0473
21.4461,5.4598,0.0559,0.0295
20.057,5.3391,0.6333,0.3268
28.0055,1.2823,0.1913,0.0122
28.7218,5.4764,0.589,0.3081
21.5226,6.3706,0.6434,0.4024
27.5286,6.7099,0.0609,0.0399
23.2001,1.5346,0.2807,0.0271
27.1199,6.589,0.9151,0.5883
25.6853,6.2117,0.8923,0.5391
24.9969,7.8976,0.9314,0.7308
22.998,7.6839,0.977,0.7468
21.4636,3.7346,0.5653,0.1932
25.1229,6.7068,0.717,0.4715
26.4961,1.4568,0.3392,0.0293
24.2919,6.621,0.3703,0.2404
27.8404,2.5254,0.0134,0.0028
29.0806,3.3247,0.8492,0.2493
26.9488,7.4202,0.4713,0.3447
20.6576,1.8878,0.9869,0.1368
28.2141,3.0795,0.0285,0.0076
29.3508,3.8841,0.0813,0.0287
26.3018,7.5149,0.634,0.4705
23.1084,4.9541,0.579,0.2733
27.4846,6.9414,0.746,0.5072
23.8254,5.0751,0.3443,0.1668
23.3078,6.5142,0.7204,0.4603
24.5445,5.1448,0.9479,0.4657
29.5903,3.0627,0.1058,0.0281
23.827,6.9537,0.8,0.5483
23.4961,1.8325,0.769,0.1012
25.4712,5.0406,0.7571,0.3629
21.0589,7.2416,0.6919,0.4978
23.2316,2.3115,0.6246,0.116
21.3499,5.8795,0.8439,0.4835
27.1334,1.2988,0.7152,0.0472
20.1343,4.2506,0.8117,0.3234
28.7629,6.9055,0.1148,0.0774
28.5245,2.3195,0.7948,0.147
21.1533,6.5843,0.4008,0.26
25.5775,7.6386,0.9503,0.7187
28.5639,6.9767,0.8675,0.592
20.1645,6.3487,0.1256,0.0784
24.9283,3.2467,0.673,0.1932
21.6518,2.7953,0.4491,0.1076
25.8385,4.121,0.0333,0.0127
24.4349,1.2274,0.6618,0.0372
21.3737,7.1924,0.5926,0.423
27.2598,6.5982,0.6296,0.4052
29.0053,6.1808,0.4944,0.2954
22.1429,7.8155,0.4871,0.3798
23.9685,5.4048,0.5182,0.2693
26.5335,1.6475,0.97,0.1062
20.7467,6.9113,0.0501,0.0343
21.0572,6.9654,0.2639,0.182
20.8414,4.3046,0.1242,0.0502
21.9997,2.1009,0.8158,0.1326
20.0319,6.9483,0.1101,0.0759
25.3834,6.9993,0.2484,0.171
21.338,7.2932,0.7443,0.5394
29.619,7.0595,0.0949,0.0655
25.409,1.9949,0.63,0.0943
23.1237,6.01,0.5715,0.3344
29.7239,6.76,0.2821,0.1857
22.1921,3.8125,0.5091,0.1781
23.2842,1.808,0.7204,0.0928
22.5449,5.5297,0.5301,0.2832
27.7652,7.4179,0.833,0.6082
20.2601,5.3094,0.565,0.2896
23.5599,1.8392,0.0769,0.0102
22.7714,3.1187,0.2809,0.077
24.2693,4.4198,0.7975,0.33
28.6436,7.7157,0.0463,0.0352
27.9318,2.6372,0.5876,0.1292
22.6512,2.359,0.0382,0.0073
27.7442,5.3088,0.8284,0.4193
20.8135,4.5467,0.803,0.3452
24.9108,7.6249,0.4378,0.3308
23.7144,7.2903,0.8492,0.6127
28.439,2.5034,0.0819,0.0168
27.5502,3.3419,0.4998,0.148
21.1537,6.3507,0.3866,0.2412
28.8866,2.9038,0.0966,0.024
23.8834,6.9468,0.4537,0.3106
22.2411,3.3544,0.0274,0.0082
20.9099,4.0052,0.1826,0.0678
22.9843,7.0996,0.8821,0.6192
25.5534,5.1195,0.9407,0.4588
24.7533,4.9249,0.4886,0.2285
29.9757,1.9273,0.183,0.0258
29.1415,6.6302,0.241,0.1554
26.318,5.5071,0.0506,0.0267
21.7766,2.2704,0.7096,0.1288
20.7451,5.2019,0.3337,0.167
24.4553,4.4545,0.2786,0.1163
26.1631,5.9403,0.2746,0.1579
20.6563,3.4746,0.9848,0.3092
27.3694,6.6867,0.9283,0.6061
26.6647,3.4184,0.2303,0.0702
20.9311,7.7867,0.5917,0.4604
24.33,7.1842,0.6181,0.4385
23.5009,3.225,0.6456,0.1843
20.7742,5.1734,0.7927,0.3944
20.3443,6.8182,0.2309,0.1558
21.8159,3.2566,0.0272,0.0079
23.649,4.1628,0.388,0.15
23.3262,6.7646,0.3046,0.2028
27.1366,5.668,0.3801,0.2071
24.9573,5.3885,0.7249,0.3748
22.3033,4.8298,0.9024,0.4145
22.0405,3.7297,0.7713,0.2629
22.2496,3.6092,0.2018,0.0662
28.9721,7.8049,0.9306,0.7162
25.3333,3.6493,0.033,0.0109
29.6088,6.5779,0.1875,0.1198
21.879,2.5823,0.5563,0.1202
29.1442,1.4229,0.7262,0.0595
20.1676,4.445,0.7805,0.3273
24.9348,4.2331,0.8928,0.3512
22.809,2.9661,0.4698,0.1211
28.5005,2.2331,0.7569,0.1327
28.8109,7.5413,0.6783,0.5033
28.625,2.4089,0.4234,0.0824
23.513,1.2924,0.3829,0.0251
24.4139,4.3353,0.7365,0.298
21.4948,1.7391,0.8798,0.1067
20.8672,3.3209,0.2858,0.0849
22.1629,1.3886,0.225,0.0177
27.9467,4.9449,0.3832,0.179
24.1956,2.6287,0.1529,0.0337
29.7144,4.3135,0.0923,0.0368
23.6092,1.954,0.4466,0.065
21.2403,6.1779,0.7574,0.4583
23.9718,7.7999,0.3421,0.2653
27.6602,1.3991,0.3493,0.0276
22.6748,3.1748,0.6408,0.1797
28.9876,2.2211,0.4919,0.0856
28.2496,6.2472,0.5352,0.324
26.2503,6.2963,0.0705,0.0432
20.3956,1.657,0.2871,0.0321
27.9415,5.5924,0.3237,0.1735
25.6708,7.74,0.8515,0.6531
24.5822,4.6643,0.9645,0.4242
21.2487,7.7227,0.6952,0.5359
26.9117,5.2975,0.2168,0.1096
26.4559,7.6224,0.0183,0.0138
22.5663,4.6409,0.3342,0.1466
26.8712,1.241,0.7044,0.0408
24.2482,3.1622,0.8829,0.2457
26.0157,2.4066,0.9789,0.1911
29.8271,1.6389,0.2512,0.0271
29.8154,4.2963,0.0291,0.0115
26.2667,6.3359,0.2637,0.1627
26.9199,7.2139,0.302,0.2143
21.1404,2.5895,0.6126,0.133
28.6405,1.9051,0.5131,0.0712
24.3251,6.1138,0.9046,0.5383
23.1509,2.0464,0.7564,0.118
28.7782,1.4737,0.8383,0.074
25.6413,6.0321,0.1635,0.0957
23.9747,1.5472,0.5838,0.0572
26.1629,6.1379,0.5115,0.3048
29.9914,5.5582,0.75,0.398
21.4906,3.562,0.217,0.0701
22.6965,4.6772,0.2993,0.1325
21.1842,6.3099,0.2542,0.1574
29.6221,3.5098,0.7333,0.2296
25.6467,1.573,0.6698,0.0675
22.9363,2.6793,0.8068,0.1826
26.5937,6.9491,0.8925,0.6084
26.9461,6.691,0.9145,0.5979
28.9223,4.3562,0.8803,0.3555
27.5035,4.3101,0.2186,0.0874
27.2248,1.3393,0.7601,0.0543
28.9387,7.8962,0.2444,0.1905
25.3405,3.9945,0.3497,0.1285
23.7316,7.6784,0.8834,0.6739
24.8109,2.0404,0.657,0.1018
21.7017,5.1072,0.387,0.1895
20.3276,7.4526,0.4482,0.333
22.4453,3.9809,0.706,0.2597
23.9815,1.6183,0.9449,0.1006
28.5402,5.5911,0.088,0.0471
27.9881,2.5565,0.297,0.0627
25.2339,3.968,0.5144,0.1876
20.8875,4.001,0.9822,0.3643
27.0488,3.7499,0.2153,0.0732
21.3589,3.5287,0.9488,0.3031
22.3597,3.1846,0.8414,0.237
27.9042,4.6718,0.6938,0.304
28.7809,4.0706,0.9406,0.3513
26.1966,3.435,0.8051,0.247
27.5306,1.8377,0.2146,0.0282
25.6603,5.4245,0.7999,0.4161
22.9349,6.1514,0.6628,0.398
22.6118,5.6012,0.9902,0.5366
23.5751,6.757,0.4316,0.2869
26.0205,2.7556,0.5398,0.126
24.5454,4.2987,0.6581,0.2636
27.3373,7.5959,0.7286,0.5461
20.4899,3.1992,0.4347,0.1235
26.4787,4.5333,0.2542,0.1079
23.5541,3.8393,0.9502,0.3343
29.7618,6.4574,0.909,0.5691
28.2775,3.7256,0.483,0.1627
27.6427,2.5751,0.5683,0.1211
28.843,4.1598,0.852,0.3263
24.8975,4.7288,0.5773,0.2578
20.4332,1.3373,0.2889,0.0208
28.0971,4.5279,0.4644,0.1963
29.5426,5.9121,0.1529,0.0869
26.1895,1.2086,0.531,0.0283
20.105,1.3497,0.497,0.0366
28.248,4.044,0.7293,0.2706
22.3331,6.3829,0.6043,0.3783
29.3816,2.9043,0.3556,0.0883
23.3181,5.1939,0.641,0.3189
25.2765,6.9362,0.4631,0.3158
23.1009,1.3429,0.3276,0.0237
20.2303,1.297,0.9725,0.0647
21.2183,6.1888,0.6497,0.3939
22.4634,4.2207,0.3804,0.1497
23.6986,1.8149,0.4687,0.0607
29.8717,2.0395,0.8445,0.1297
20.7451,4.8053,0.0454,0.0208
28.8834,2.7078,0.2871,0.0652
22.5409,3.7027,0.7045,0.2379
26.574,2.9288,0.4113,0.1036
24.5918,3.1069,0.4744,0.1291
28.1465,3.307,0.5277,0.1541
20.9771,1.5454,0.3054,0.03
25.3426,2.7661,0.4801,0.1127
20.3725,1.5697,0.1405,0.0142
26.5179,3.2597,0.3253,0.0936
26.484,1.5158,0.5598,0.0525
24.8415,2.8941,0.4265,0.1062
22.0336,4.1126,0.9092,0.3475
24.3316,2.6509,0.6923,0.1541
26.6431,7.5891,0.7414,0.5558
20.1103,5.9668,0.3188,0.1861
24.4246,5.6029,0.4883,0.2639
20.5756,7.3744,0.1049,0.077
26.1732,5.707,0.7105,0.3907
22.4096,2.664,0.3823,0.0859
28.342,7.3147,0.0753,0.0541
28.7663,3.1781,0.8902,0.2474
20.0265,4.383,0.255,0.1053
27.4289,6.0456,0.6227,0.3641
29.7076,4.7926,0.1831,0.0823
29.1778,5.8623,0.3398,0.1915
24.2515,5.9931,0.5269,0.3068
26.8285,3.4204,0.9428,0.2875
21.1366,4.253,0.8513,0.3388
29.82,2.2446,0.6763,0.1192
28.7631,7.0073,0.7144,0.4897
21.9849,6.2336,0.1548,0.0944
21.9211,1.425,0.371,0.0309
25.3555,4.411,0.9446,0.3893
26.9343,3.845,0.3648,0.1279
20.088,4.9722,0.786,0.3744
22.1238,1.9376,0.2389,0.0344
25.9885,6.6088,0.0546,0.0353
29.4573,6.3913,0.7517,0.4656
29.8126,3.1099,0.2116,0.0572
21.0497,4.7648,0.2104,0.0954
22.7708,5.5341,0.5142,0.2748
24.4906,5.1874,0.3246,0.161
20.3853,3.4451,0.8058,0.2506
20.2836,5.7942,0.0754,0.0426
25.8776,2.8951,0.7989,0.1986
27.991,5.5909,0.2507,0.1344
23.9717,2.8369,0.8278,0.2012
29.3636,5.3513,0.0354,0.018
29.5324,7.3273,0.717,0.5151
28.3041,6.6284,0.0067,0.0043
21.2425,3.4752,0.6384,0.2003
29.0283,6.7144,0.0281,0.0184
22.0097,7.7583,0.9747,0.7541
27.4113,3.8675,0.5156,0.1818
20.1921,1.333,0.0934,0.0067
23.9529,4.4318,0.0991,0.0412
27.5604,6.7341,0.7845,0.516
20.8575,2.7052,0.6773,0.1557
21.4077,2.6052,0.1693,0.037
25.4431,6.5352,0.6604,0.4219
23.6993,2.2668,0.7488,0.1352
20.5529,7.5848,0.2262,0.1712
29.2362,1.6061,0.1014,0.0106
27.9598,2.1935,0.1753,0.03
23.3643,7.5581,0.6474,0.4858
21.126,6.6594,0.7931,0.521
20.5821,2.3162,0.5491,0.1027
23.4319,3.1449,0.2054,0.0569
20.9162,3.7089,0.2048,0.0695
26.5879,4.2535,0.3796,0.1497
24.1271,7.1283,0.976,0.6868
24.1896,4.1474,0.5603,0.2155
21.1819,6.815,0.9719,0.6546
25.8248,2.6804,0.7062,0.1591
26.4539,1.3458,0.2364,0.0171
28.5859,1.2818,0.2625,0.0167
20.4124,1.4807,0.4244,0.0384
26.0576,2.3808,0.6811,0.1311
27.4381,4.5707,0.2755,0.1178
29.7881,5.0481,0.5157,0.2459
24.5598,6.3959,0.5111,0.3194
21.255,4.3777,0.764,0.3143
25.6394,7.488,0.4601,0.3405
26.1435,6.1501,0.647,0.3864
21.6038,7.5478,0.274,0.2059
29.3935,2.6456,0.6259,0.1378
22.1571,5.3657,0.0394,0.0204
25.2129,7.5945,0.5959,0.4481
22.2066,5.4383,0.3575,0.1876
29.65,7.0307,0.5547,0.381
25.7637,6.9898,0.4821,0.3312
22.9394,4.6423,0.5221,0.229
26.2946,5.7437,0.206,0.1141
20.7126,6.4748,0.0885,0.0564
21.2301,7.9196,0.5734,0.4541
27.6052,5.1987,0.4942,0.2444
23.2135,5.3801,0.0447,0.0232
20.6362,7.7576,0.1597,0.1238
28.3454,6.1748,0.363,0.2169
29.5606,5.1991,0.6076,0.2995
22.2206,6.1614,0.7742,0.4663
27.2354,3.3667,0.1341,0.0401
23.9717,7.059,0.5259,0.3662
22.9952,2.736,0.4627,0.1076
23.2506,6.4546,0.1166,0.0737
21.7283,3.4474,0.6962,0.2162
27.7664,2.8778,0.6926,0.1704
29.4657,6.183,0.8306,0.4961
25.1634,6.1207,0.4998,0.2974
29.6453,2.8923,0.9109,0.2248
22.3698,4.3709,0.7389,0.3028
20.4606,2.0851,0.9997,0.1611
25.5944,2.9518,0.5132,0.1308
21.2168,1.2589,0.3752,0.0229
21.4448,7.3307,0.6671,0.486
25.9423,1.5798,0.3648,0.0371
24.5486,5.3824,0.6964,0.3598
28.7512,5.932,0.5831,0.3332
22.5938,7.2333,0.3293,0.236
20.4497,4.6154,0.8461,0.3703
22.3014,2.448,0.2334,0.0469
29.8244,1.3756,0.4724,0.0358
22.2269,2.8064,0.0874,0.021
29.5831,1.7145,0.6497,0.0759
29.5764,4.0213,0.9981,0.367
29.507,3.3819,0.8024,0.2403
27.0811,2.6352,0.1437,0.0316
23.4551,4.762,0.5961,0.2689
20.6811,1.5303,0.0643,0.0062
22.7195,6.6209,0.8996,0.5857
23.7418,4.2579,0.6792,0.2695
29.9843,6.0291,0.6691,0.3884
25.728,6.1609,0.1464,0.0877
29.463,6.7033,0.5965,0.3892
26.7671,4.0408,0.1751,0.065
22.6587,7.0974,0.8747,0.6141
27.4598,3.6446,0.5529,0.1817
27.3794,6.2563,0.6564,0.3986
29.1476,6.3038,0.0649,0.0396
21.0331,6.8405,0.0863,0.0584
20.8092,2.9073,0.9067,0.2286
21.7348,2.8445,0.6247,0.153
24.306,6.3207,0.992,0.6123
22.1908,3.7267,0.7069,0.2407
26.7322,1.9137,0.0228,0.0032
22.3436,1.4264,0.6399,0.0533
24.1369,5.7114,0.3129,0.1728
21.1087,7.319,0.2223,0.1618
29.2923,1.4493,0.1953,0.0166
27.1534,1.9989,0.8686,0.13
28.2089,7.5971,0.6526,0.4885
23.601,6.415,0.0485,0.0305
28.7652,4.3312,0.3306,0.1327
23.6551,7.4724,0.444,0.329
28.251,7.4602,0.5776,0.424
24.8723,7.9827,0.1201,0.0954
22.7221,2.821,0.7353,0.1778
23.8678,5.7465,0.8373,0.4658
21.4441,6.985,0.9146,0.6324
20.3114,1.8275,0.6583,0.0867
25.6118,4.9736,0.2167,0.1023
24.6516,1.7633,0.9377,0.1157
20.2315,7.2134,0.6445,0.4624
23.1044,6.3966,0.7708,0.483
24.2365,5.3158,0.0254,0.013
23.6998,5.7085,0.2189,0.1209
28.6643,7.7175,0.3658,0.2783
20.4334,3.601,0.2734,0.0896
24.4441,5.99,0.5096,0.2965
22.7538,7.7009,0.6703,0.5138
28.3376,6.1245,0.5678,0.3363
22.8048,7.6032,0.1268,0.0958
22.703,7.2496,0.8455,0.6073
27.6588,3.3466,0.7549,0.2239
22.9965,4.7493,0.3766,0.1695
28.3641,7.997,0.4822,0.3813
28.8448,3.2446,0.8597,0.2451
27.7155,2.3728,0.419,0.08
23.283,3.5186,0.0736,0.0234
25.4436,4.8682,0.8617,0.3972
29.6646,1.7973,0.8449,0.1067
20.6033,7.1214,0.787,0.5565
26.137,6.2795,0.5627,0.3438
23.7859,3.3594,0.6898,0.2069
27.657,3.3533,0.6077,0.1807
23.5987,2.2968,0.3287,0.0604
27.5452,6.6607,0.2877,0.187
24.3906,5.7719,0.86,0.4803
22.133,6.8037,0.6277,0.4214
23.9995,4.579,0.425,0.1832
27.6329,2.5152,0.376,0.0777
26.3247,3.8691,0.4258,0.1505
25.621,6.3629,0.1145,0.071
25.178,4.6674,0.9551,0.42
21.8266,5.9189,0.0702,0.0405
20.9871,2.8347,0.5496,0.1341
21.9363,4.2959,0.5205,0.2093
20.2825,6.089,0.4187,0.2498
27.8766,7.4745,0.7249,0.5335
26.197,2.5923,0.1804,0.0389
24.818,7.5563,0.2943,0.2202
26.1907,2.3229,0.9499,0.1767
21.4423,7.4399,0.3745,0.2773
29.6193,2.166,0.0828,0.0139
26.5221,3.7557,0.2636,0.0899
24.7905,6.7107,0.3556,0.2341
29.8022,4.2839,0.9772,0.3865
26.0458,5.0525,0.7272,0.3492
21.9386,6.1938,0.726,0.44
25.7211,3.2481,0.4492,0.1289
22.0241,5.8924,0.8712,0.4997
28.9065,6.7603,0.6627,0.4368
21.1868,3.4256,0.0536,0.0165
23.9777,6.4183,0.9781,0.6142
25.2118,2.9375,0.6398,0.1622
25.9118,1.9343,0.9353,0.1335
21.1307,5.0017,0.1786,0.0855
22.598,6.219,0.1841,0.1119
20.7942,3.053,0.4562,0.1223
23.7353,5.9394,0.1272,0.0734
22.3872,4.8296,0.1,0.0459
26.1369,7.3638,0.5978,0.4342
24.1679,6.597,0.6608,0.4274
25.9213,7.6933,0.5641,0.4297
26.454,6.2128,0.0662,0.0399
22.9733,7.6099,0.5297,0.4008
20.5474,4.0021,0.6169,0.229
28.1869,1.5304,0.0855,0.0081
21.744,4.5965,0.9022,0.3921
22.4317,1.4292,0.6237,0.0521
26.7015,5.5119,0.0741,0.0392
24.9704,3.9898,0.5555,0.204
24.5211,1.6854,0.2178,0.0249
22.8886,6.818,0.0316,0.0213
25.9618,2.4923,0.1431,0.0293
28.6859,3.0484,0.006,0.0016
24.4115,6.8915,0.3371,0.2285
20.5215,4.1552,0.7844,0.3042
25.3089,5.051,0.1577,0.0758
21.6867,1.3343,0.6517,0.0465
22.105,1.9923,0.5375,0.0807
27.4106,5.4676,0.6182,0.3235
27.9412,4.3316,0.5039,0.2025
24.9291,4.8739,0.7134,0.3296
21.8456,6.3313,0.5682,0.3528
21.9931,3.2503,0.7469,0.2158
20.1566,6.0974,0.2022,0.1208
20.8681,6.4164,0.2311,0.1458
25.4894,7.9012,0.1159,0.0909
25.9977,4.7532,0.874,0.3918
27.9532,1.5645,0.9913,0.0986
29.4092,4.8249,0.0076,0.0034
22.8431,6.7819,0.9725,0.6497
22.1407,5.4866,0.1644,0.0871
23.7215,7.4615,0.947,0.7005
24.2722,5.9226,0.3471,0.1995
20.0569,6.1511,0.1833,0.1106
25.4022,3.2698,0.4175,0.1208
27.6611,7.7584,0.118,0.0904
25.235,2.2339,0.0933,0.0165
27.1043,3.2724,0.5824,0.1682
25.7872,6.0125,0.7677,0.4474
24.7271,5.0926,0.9451,0.4589
26.3076,3.4115,0.405,0.1232
21.4762,6.1285,0.9497,0.5694
25.9559,3.4077,0.732,0.2225
24.6779,6.619,0.3119,0.2024
23.5361,6.676,0.7267,0.4767
21.9628,5.324,0.9782,0.5015
27.0645,6.762,0.0242,0.016
25.9898,3.881,0.1143,0.0406
22.3299,3.477,0.4739,0.1485
25.36,7.3634,0.8964,0.6519
28.3959,1.73,0.8425,0.1001
24.1535,3.7922,0.6108,0.2116
26.5191,7.3072,0.5046,0.3633
24.0719,3.0202,0.7765,0.2042
23.3348,6.5578,0.9442,0.6077
20.5977,1.594,0.6148,0.0641
25.2541,7.3812,0.0248,0.0181
28.4698,3.5874,0.1925,0.062
23.1668,3.9384,0.1378,0.05
27.64,4.7747,0.6749,0.3033
21.9989,1.3632,0.4851,0.0365
27.6144,4.1555,0.2996,0.1148
28.4013,3.9392,0.1664,0.0599
26.4989,3.6035,0.6309,0.2049
27.9069,7.2257,0.5804,0.4118
22.1069,5.1447,0.6931,0.3419
21.2683,6.3777,0.0364,0.0228
29.4607,6.1755,0.5195,0.3099
20.6053,1.6958,0.0188,0.0022
25.9101,6.1855,0.6636,0.3989
28.1346,1.8373,0.6459,0.0847
25.5712,7.0577,0.7109,0.4937
22.8551,4.8666,0.808,0.374
22.1078,1.7955,0.4103,0.0524
29.6645,2.6033,0.8263,0.1781
24.8513,6.8211,0.087,0.0583
29.3559,3.278,0.6844,0.1974
26.8725,7.3458,0.2194,0.1588
21.3815,5.3343,0.7089,0.3646
21.0025,7.3928,0.7386,0.5434
25.5385,5.9826,0.545,0.316
22.0284,7.8346,0.1421,0.1111
21.4873,1.2977,0.8282,0.0551
27.5492,6.8748,0.9622,0.6473
28.7881,4.1692,0.6171,0.2369
23.0737,3.3085,0.4728,0.1393
28.1385,4.5416,0.566,0.2401
25.3614,5.8155,0.0831,0.0467
29.6433,6.5786,0.7693,0.4916
28.8355,3.9403,0.2069,0.0744
25.8678,3.7671,0.9269,0.3177
25.6503,4.3336,0.9496,0.3833
25.5066,1.7692,0.3853,0.0477
28.4115,1.6262,0.7063,0.0753
22.5258,6.2091,0.7827,0.4752
23.1846,6.5584,0.8038,0.5175
25.5447,6.839,0.3646,0.2447
28.3039,1.8966,0.6092,0.084
20.7821,1.4881,0.4429,0.0404
27.589,4.9852,0.1728,0.0815
23.2559,1.9287,0.9939,0.1418
21.6019,7.2859,0.5025,0.3636
27.5404,7.9556,0.3985,0.3138
29.5455,7.272,0.7596,0.5413
29.7217,1.5071,0.1196,0.011
28.8374,7.4675,0.1319,0.0969
20.9874,4.2118,0.4217,0.166
27.854,2.4453,0.8399,0.1671
20.5012,6.5961,0.8244,0.5365
27.6915,2.933,0.6102,0.1538
20.0563,7.3247,0.4362,0.3182
22.4677,7.6158,0.8062,0.611
28.5891,1.9304,0.423,0.0599
25.5081,5.4362,0.7892,0.4117
24.3638,5.7739,0.7383,0.4125
20.6711,3.4984,0.7983,0.2527
26.4804,3.784,0.0033,0.0011
24.6632,4.6558,0.4775,0.2095
24.1593,2.2181,0.2821,0.0494
23.6817,5.2807,0.3345,0.1694
27.5719,5.4726,0.7824,0.4097
22.2421,7.986,0.955,0.7619
22.0336,3.5756,0.2655,0.0861
25.3496,4.1628,0.6907,0.2663
27.8459,6.2701,0.7634,0.4643
23.4539,3.0944,0.5062,0.1373
29.1737,7.0233,0.8716,0.5984
23.6784,6.5545,0.6117,0.3932
29.7394,3.5569,0.4336,0.1379
25.3933,2.4156,0.8324,0.1635
23.5813,6.399,0.5509,0.3451
27.7908,6.5075,0.106,0.0672
24.971,2.182,0.416,0.071
23.1893,3.0345,0.0556,0.0147
23.6951,3.1299,0.3126,0.086
27.0792,4.3064,0.5875,0.2348
25.1607,4.3449,0.6601,0.2675
25.0027,3.7985,0.5923,0.2053
28.3519,7.1057,0.3128,0.2178
24.7748,7.4371,0.805,0.5923
23.3142,3.3639,0.5201,0.1564
28.4219,6.541,0.2419,0.1539
20.6129,2.4758,0.1652,0.0338
22.5727,1.4971,0.0853,0.0079
24.4268,5.8592,0.3294,0.187
20.4646,5.4648,0.3632,0.1922
22.5723,5.2516,0.0465,0.0235
27.9379,6.7847,0.133,0.0882
21.3507,3.8213,0.3787,0.133
20.3775,4.1089,0.489,0.1873
21.711,7.7434,0.1489,0.115
28.092,4.3237,0.9421,0.3777
28.4731,7.7807,0.8654,0.6644
21.6344,7.4742,0.3355,0.2495
21.0012,7.3865,0.9226,0.6782
22.1221,7.9768,0.3474,0.2769
29.536,1.574,0.7093,0.0711
26.5353,3.0053,0.1569,0.0408
27.7519,3.7425,0.8378,0.284
29.7613,6.7387,0.4632,0.3038
27.5768,4.0163,0.1364,0.0502
29.1102,7.5821,0.0349,0.026
21.8003,4.6247,0.471,0.2061
24.1535,6.1217,0.6381,0.3804
25.7694,4.4185,0.7812,0.3223
26.7059,1.3328,0.1672,0.0118
28.3923,6.4857,0.197,0.1242
28.0809,4.2353,0.4425,0.1732
24.1487,1.5789,0.3252,0.0331
29.0433,5.5439,0.3256,0.1726
21.4224,5.3359,0.7346,0.3779
28.6404,4.5877,0.5079,0.2177
23.821,4.7611,0.5674,0.2558
24.9483,3.5789,0.8042,0.2597
26.2139,7.0888,0.2902,0.2022
24.0343,3.2981,0.5075,0.1488
29.1111,4.64,0.2677,0.1161
28.5548,2.8546,0.4383,0.1066
27.2543,4.194,0.5204,0.2017
29.5012,1.2044,0.8977,0.047
27.5627,3.5804,0.9167,0.295
25.2022,6.989,0.7369,0.5067
23.2832,4.3854,0.8649,0.3553
28.2958,4.4098,0.9835,0.4032
24.5817,4.6702,0.7042,0.3101
26.1287,6.2164,0.5809,0.351
26.6691,5.5319,0.2379,0.1263
25.1542,5.8991,0.6753,0.3859
20.167,2.0302,0.0257,0.004
24.7752,3.7951,0.7682,0.2661
23.4738,6.2228,0.9734,0.5914
24.8912,4.7582,0.3008,0.1352
27.3384,3.0218,0.392,0.1026
20.4261,5.1079,0.9706,0.4763
20.5836,7.2499,0.4225,0.3046
23.2728,7.5261,0.4624,0.3455
23.3205,1.7758,0.6116,0.0765
22.6549,3.5027,0.8314,0.2627
26.3816,4.711,0.9288,0.4119
28.8448,7.4956,0.3922,0.289
25.7441,1.9163,0.3524,0.0496
20.0122,3.3271,0.7781,0.2321
28.8642,2.9035,0.3522,0.0874
20.7099,5.5633,0.753,0.4063
22.9021,7.4066,0.532,0.391
28.1503,3.0146,0.7003,0.1825
26.8504,6.6926,0.2478,0.1621
27.1787,6.8148,0.2595,0.173
29.5601,6.2255,0.2872,0.1728
25.8509,2.6879,0.979,0.2214
25.2512,4.8125,0.8423,0.3834
23.876,5.6153,0.3118,0.169
24.8344,3.9667,0.5734,0.2092
24.2193,5.1673,0.0005,0.0003
28.2605,1.3006,0.2013,0.0133
25.2952,3.0141,0.5122,0.1341
24.7563,5.9153,0.5049,0.2895
21.7093,1.411,0.7785,0.0634
23.2498,3.0875,0.6774,0.1834
28.4989,7.16,0.7001,0.4914
29.838,7.8053,0.8234,0.6328
29.9962,5.905,0.2875,0.1631
21.998,5.0382,0.3022,0.1456
26.9372,4.0044,0.7629,0.2804
20.5474,7.0557,0.9477,0.6635
29.7366,7.5674,0.9392,0.6983
22.9414,5.736,0.2979,0.1656
28.5883,5.8945,0.4515,0.2563
29.8438,7.4321,0.7386,0.5385
24.3761,5.8901,0.421,0.2404
26.7356,1.8229,0.5297,0.0688
24.8618,3.7378,0.178,0.0605
24.17,7.6859,0.9274,0.7077
28.6104,7.1447,0.1648,0.1154
22.8983,6.3469,0.1251,0.0778
26.2937,4.4387,0.9319,0.3862
28.7121,6.441,0.0899,0.0563
29.5233,2.8244,0.1824,0.0437
24.7471,6.9837,0.4019,0.2763
28.468,4.4396,0.0361,0.0149
22.9735,7.8168,0.3333,0.2595
21.8484,3.1913,0.9648,0.2727
22.0528,5.0418,0.745,0.3593
27.4859,2.6392,0.2088,0.046
24.9354,5.5147,0.1737,0.0922
20.1963,6.4302,0.1933,0.1224
23.3506,7.3414,0.2463,0.1791
23.1324,5.5502,0.9561,0.5124
29.9114,5.8999,0.9403,0.5331
26.0816,2.2797,0.964,0.1747
26.2206,5.9515,0.5792,0.3335
21.7793,3.8429,0.0048,0.0017
27.9245,6.5653,0.3359,0.2148
20.3719,7.9472,0.7136,0.5681
21.1279,7.5457,0.0223,0.0168
24.9932,5.6649,0.2739,0.1497
24.099,6.3371,0.2334,0.1445
22.5564,1.2812,0.3913,0.0251
29.9265,3.5698,0.8687,0.2774
25.755,2.4517,0.3094,0.062
28.4171,5.8042,0.3699,0.2065
27.0493,1.293,0.4442,0.029
28.5531,6.2688,0.5233,0.3179
23.5168,1.5083,0.5207,0.0486
28.0152,2.2149,0.725,0.1258
29.7578,3.3386,0.0963,0.0284
23.9957,4.8194,0.579,0.2645
26.338,6.2313,0.1032,0.0625
24.8958,7.784,0.4952,0.3826
22.8143,4.3935,0.1783,0.0734
20.3259,2.904,0.0905,0.0228
23.0228,6.7639,0.9906,0.6597
22.5743,6.3725,0.9655,0.603
29.6301,2.3174,0.0051,0.0009
28.0461,2.1978,0.6199,0.1064
25.1585,2.2339,0.013,0.0023
20.5856,4.0568,0.3371,0.1271
29.2868,5.5746,0.4858,0.2589
25.3169,7.9275,0.6908,0.5439
22.1127,4.4425,0.3755,0.1569
24.8334,6.6401,0.272,0.177
26.1283,5.4803,0.0538,0.0283
25.537,6.9098,0.835,0.5668
23.3277,6.9086,0.1915,0.1304
26.636,2.9424,0.5741,0.1455
26.8309,3.1228,0.218,0.0595
24.702,6.9744,0.489,0.3358
27.6796,7.032,0.8217,0.5663
24.5472,3.8987,0.0559,0.02
26.3339,7.2088,0.7024,0.4985
28.2625,4.5812,0.7059,0.3023
25.3199,1.5097,0.3986,0.0372
24.4649,1.3684,0.2539,0.0192
29.8274,3.3034,0.4231,0.1231
24.3557,1.4004,0.6836,0.0545
28.0449,4.3912,0.4599,0.1877
27.2629,6.9989,0.5937,0.4074
21.3266,7.7388,0.2446,0.189
24.7458,5.0648,0.3254,0.157
28.6638,4.48,0.2189,0.0913
24.1725,1.7685,0.5709,0.0708
23.811,6.3762,0.2865,0.1787
22.5532,1.6226,0.4114,0.0441
29.2543,6.9018,0.4526,0.3049
29.3196,6.8793,0.246,0.1651
22.7934,4.7272,0.0553,0.0248
25.5777,2.7186,0.3284,0.0754
25.4444,6.8866,0.324,0.2192
29.8641,1.5671,0.6441,0.064
20.0576,6.0281,0.4218,0.2489
23.8526,5.7575,0.7245,0.4038
25.1132,4.6436,0.4968,0.2172
24.8701,7.7261,0.4772,0.3658
24.0299,1.3827,0.1408,0.0109
29.845,2.501,0.6221,0.1271
29.7228,3.5477,0.1711,0.0543
25.1752,6.3918,0.2981,0.186
23.1355,6.6311,0.2804,0.1827
24.9549,3.8242,0.8849,0.3092
26.6717,1.3401,0.5607,0.0401
25.8567,6.6595,0.6899,0.4496
23.2972,3.8732,0.8172,0.2906
28.1167,5.1726,0.0585,0.0287
20.4364,4.9447,0.4322,0.2045
22.224,5.328,0.6218,0.3189
21.6717,1.3396,0.8407,0.0606
29.6044,5.2966,0.8646,0.4351
22.8543,4.4451,0.1423,0.0594
28.311,7.959,0.6233,0.4905
25.2891,4.4739,0.804,0.3368
28.0054,6.5902,0.0057,0.0037
22.9623,5.6467,0.5918,0.3234
29.2592,5.0963,0.4775,0.2303
26.5946,3.1745,0.5894,0.1642
27.9937,4.6079,0.7088,0.3057
22.93,4.2869,0.6968,0.279
28.9896,1.7217,0.5369,0.0632
25.4288,3.3253,0.6701,0.1979
26.106,5.6142,0.8089,0.4369
29.0267,2.6846,0.7291,0.1637
26.4338,6.0809,0.551,0.3248
22.5612,4.2792,0.6161,0.2463
28.3611,2.3806,0.7684,0.1473
21.7081,2.008,0.5662,0.0861
24.3525,7.901,0.9937,0.7809
24.1723,1.7402,0.2339,0.0283
21.7122,5.0399,0.0567,0.0273
26.5834,2.1533,0.4374,0.0731
28.7051,2.9636,0.7597,0.1936
25.5241,3.9986,0.6461,0.2376
25.4236,6.6507,0.8949,0.5828
25.9045,4.0011,0.3315,0.1219
28.9328,1.2052,0.8814,0.0463
22.0549,1.4753,0.5791,0.0518
21.5456,6.5772,0.1308,0.0847
24.1722,1.7901,0.7142,0.0904
27.3362,5.0964,0.2047,0.0991
27.9252,4.4594,0.0707,0.0294
20.4202,2.4061,0.0135,0.0027
23.2811,2.1239,0.9446,0.1556
24.7294,5.919,0.6076,0.3487
22.2371,5.8697,0.8905,0.5085
20.486,6.2314,0.0936,0.0573
27.7758,6.9573,0.5793,0.3946
20.6324,6.7766,0.3669,0.2458
22.9745,7.0142,0.7395,0.5124
26.2299,5.9547,0.8466,0.4878
28.0723,2.2454,0.6443,0.114
27.3605,4.9907,0.7055,0.3334
22.2152,6.5572,0.6848,0.4415
24.1568,6.6118,0.3195,0.2072
29.6937,5.9267,0.9286,0.5293
27.6056,7.2526,0.6284,0.4479
20.3151,1.311,0.9532,0.0652
20.7987,6.0511,0.01,0.0059
25.5483,4.5927,0.8518,0.3675
28.3256,5.2533,0.3272,0.1635
26.5212,7.1611,0.5365,0.3779
23.7906,3.2167,0.2297,0.0653
24.0625,4.8599,0.0652,0.0301
23.6805,3.9085,0.4696,0.1687
29.0335,6.6474,0.7313,0.4731
20.4441,5.1373,0.7477,0.3693
20.6768,6.4312,0.8176,0.5175
23.3693,3.7029,0.6427,0.2167
29.2118,3.5778,0.0679,0.0218
21.5463,4.0572,0.98,0.3691
26.0452,2.5867,0.2359,0.0507
24.9152,3.0253,0.9373,0.2467
22.5528,6.4762,0.5241,0.3332
29.9465,5.7126,0.8271,0.4525
22.3247,1.5828,0.3451,0.0354
20.2089,6.0906,0.8894,0.5307
21.3913,7.2679,0.7119,0.5139
21.136,7.2498,0.6887,0.4961
24.0489,2.6314,0.6108,0.1348
24.0527,3.0051,0.1059,0.0277
23.7561,3.0602,0.6557,0.1754
25.3113,3.5374,0.0599,0.0191
24.5691,6.9204,0.8922,0.6075
20.33,2.7635,0.911,0.2155
20.8861,6.4135,0.5046,0.3183
25.7402,4.5925,0.1493,0.0644
29.142,3.607,0.5833,0.1888
27.0247,5.8327,0.0833,0.0468
29.39,4.2871,0.4491,0.1779
21.7306,3.1011,0.9608,0.2622
29.2105,6.8119,0.9561,0.635
22.597,1.8555,0.8619,0.1159
24.8997,6.9504,0.6741,0.4609
20.3174,7.3549,0.1604,0.1175
25.5583,1.3949,0.4407,0.0347
29.7654,7.9241,0.3011,0.2352
24.1721,6.1897,0.4551,0.2746
26.0952,1.8369,0.6773,0.0891
24.018,2.9639,0.1636,0.042
28.6179,3.8144,0.4751,0.1645
24.0835,5.5493,0.4044,0.2163
22.3059,4.4296,0.6825,0.2841
21.7858,2.8826,0.5297,0.1319
28.0173,5.2842,0.8027,0.404
23.5154,5.7924,0.5136,0.2884
28.3333,1.959,0.9796,0.1419
22.3259,5.9556,0.1396,0.081
20.8209,3.1283,0.1254,0.0346
21.3288,7.8588,0.7753,0.6089
23.3237,7.4826,0.6046,0.4489
20.8416,4.4209,0.9478,0.3946
26.1358,1.5272,0.7677,0.0731
22.7293,7.1295,0.3665,0.2586
28.0813,6.5632,0.6284,0.4016
25.1526,4.7651,0.9463,0.426
29.5577,4.825,0.343,0.1555
20.5327,2.6426,0.3944,0.088
20.3737,2.4704,0.756,0.1544
25.1632,1.4175,0.783,0.064
25.507,1.4436,0.6385,0.0543
24.8244,3.7171,0.5093,0.1721
22.8081,7.9171,0.4514,0.3564
24.6463,3.4562,0.4593,0.1423
25.872,5.7707,0.904,0.5035
27.9441,3.6694,0.6905,0.2286
25.9045,4.1081,0.2202,0.0835
21.4777,3.4761,0.1809,0.0568
26.8183,4.6964,0.242,0.1069
21.7696,2.1222,0.7466,0.1232
21.419,2.8978,0.2616,0.0656
27.2378,4.8324,0.346,0.1577
28.0302,7.2583,0.2378,0.1695
22.6534,2.3695,0.6665,0.1281
26.5881,5.4291,0.2634,0.137
22.0969,4.9616,0.8959,0.4243
26.0885,5.8385,0.9207,0.5192
26.5653,6.7963,0.9473,0.6304
20.1339,3.3098,0.3977,0.1179
27.3666,2.8837,0.9749,0.2406
27.3855,5.5646,0.6367,0.3398
28.1475,5.3368,0.1214,0.0618
21.2125,5.3333,0.7805,0.4014
22.4137,1.6595,0.7505,0.0838
22.749,6.4995,0.9224,0.5885
21.3436,4.6663,0.8004,0.3541
20.467,4.2501,0.5945,0.2367
26.6702,6.5723,0.1672,0.1073
25.4971,5.8746,0.1497,0.0851
22.5378,6.5215,0.0375,0.024
28.313,2.5302,0.9901,0.206
26.2706,1.6253,0.5481,0.0586
29.9933,7.4807,0.0636,0.0467
24.7868,7.7029,0.5131,0.3921
21.152,6.7725,0.4812,0.322
26.6622,5.9802,0.8525,0.4932
25.6131,2.7599,0.7337,0.1717
25.4962,1.621,0.0665,0.0071
25.3404,2.987,0.051,0.0132
29.6645,6.0977,0.4036,0.2374
25.6811,3.1898,0.1293,0.0363
24.8137,4.6351,0.1745,0.0762
22.1485,2.1773,0.0471,0.0081
24.092,1.3497,0.867,0.0634
29.8388,7.7663,0.7047,0.5387
20.4986,7.365,0.0713,0.0523
21.8344,2.7786,0.1773,0.0421
28.0883,3.5709,0.6786,0.2174
23.3951,5.4109,0.2692,0.1402
23.5457,2.5606,0.8515,0.1814
29.7597,1.9104,0.3804,0.0529
29.9183,6.8902,0.4306,0.2893
25.8324,2.1158,0.6347,0.1035
28.3377,7.9057,0.9357,0.7309
21.5639,4.4166,0.0112,0.0046
20.7473,6.8672,0.216,0.1468
21.5862,6.1185,0.6335,0.379
21.0727,3.6969,0.9973,0.337
22.2542,7.2365,0.2162,0.1551
26.4915,2.9224,0.759,0.1908
25.4563,3.2507,0.9703,0.2788
22.4602,6.4783,0.9899,0.6296
23.4919,4.5129,0.5865,0.2489
27.9661,4.172,0.2938,0.1131
27.5177,7.4969,0.4144,0.3062
23.0732,4.2775,0.72,0.2875
25.3392,4.9979,0.9903,0.4703
26.5865,1.7525,0.9748,0.1187
23.5679,4.7249,0.0787,0.0352
24.5605,3.0812,0.8995,0.2423
29.1614,1.3025,0.0343,0.0023
22.5922,1.2007,0.5967,0.0313
20.6276,1.3558,0.8539,0.0635
22.7377,2.3109,0.8091,0.1503
23.2571,5.582,0.9205,0.4964
27.1708,6.9765,0.1874,0.1282
26.2758,7.3215,0.0468,0.0338
27.0428,4.9952,0.6223,0.2945
28.7758,6.6373,0.0414,0.0267
21.874,4.554,0.9532,0.4098
28.4107,7.8376,0.9449,0.7312
27.847,5.2189,0.8973,0.4455
20.5171,1.9858,0.2304,0.0345
25.7527,2.2827,0.4116,0.0748
29.5489,3.9228,0.7097,0.2535
29.3239,4.1827,0.8497,0.3272
24.4668,7.3918,0.2203,0.1611
25.626,4.8604,0.7493,0.3447
25.7674,1.7842,0.7098,0.0891
22.5138,4.6588,0.72,0.3173
27.0513,5.7729,0.1855,0.1032
22.3226,2.6931,0.469,0.1069
29.3394,4.3499,0.7987,0.3218
22.9406,5.9177,0.9587,0.5517
20.3532,2.2522,0.3496,0.0629
23.6497,2.8613,0.3501,0.0861
27.8544,4.2204,0.8724,0.3403
29.3006,4.9103,0.0481,0.0222
27.3581,5.7911,0.7501,0.4184
26.1545,4.2362,0.4382,0.1721
22.1969,2.9101,0.0631,0.0159
25.4122,4.4718,0.5141,0.2152
22.3748,6.2187,0.4191,0.2549
24.2188,4.55,0.4153,0.1776
27.9427,4.4033,0.073,0.0299
23.5588,7.8272,0.6063,0.4723
26.5664,7.7168,0.9373,0.7155
20.5596,4.136,0.2816,0.1086
29.7365,2.5485,0.5517,0.1156
28.4482,1.6692,0.8974,0.1003
27.1399,5.1366,0.6996,0.3416
27.3339,3.1251,0.6736,0.1838
20.9224,4.072,0.2169,0.0821
24.358,6.5546,0.7859,0.5047
26.4581,2.8112,0.7944,0.1901
24.249,2.8371,0.3334,0.081
22.9333,6.7906,0.0784,0.0525
25.9572,6.7581,0.5746,0.3805
26.0523,4.5792,0.9566,0.411
22.2372,2.4807,0.2686,0.055
27.9182,4.6204,0.1208,0.0523
22.9565,6.2924,0.2482,0.1528
24.4133,3.2636,0.1469,0.0425
23.0966,2.3711,0.0878,0.0169
20.1322,6.1263,0.0825,0.0495
27.8598,3.626,0.8715,0.2845
27.8583,7.7453,0.5908,0.4518
28.7338,5.4154,0.0734,0.0379
25.5003,1.821,0.9588,0.1245
25.9245,7.5834,0.8688,0.6515
28.2557,1.6379,0.2228,0.0241
27.0441,3.2645,0.2867,0.0826
22.4792,7.7536,0.647,0.4999
27.6814,7.4137,0.2856,0.2084
26.8742,2.5389,0.917,0.1921
24.7517,6.6836,0.6509,0.4266
29.2629,4.9877,0.0024,0.0011
29.0896,3.9786,0.4689,0.1704
22.5857,4.0653,0.7472,0.2816
20.4285,1.2497,0.5442,0.0326
24.3542,5.5131,0.5472,0.2905
27.6675,3.447,0.9822,0.3019
28.9653,4.0448,0.5184,0.1921
26.0342,5.7993,0.4527,0.2534
26.2049,7.9394,0.6272,0.4939
26.3554,3.4644,0.5891,0.1826
20.7902,2.5286,0.7296,0.1536
28.7103,3.785,0.7853,0.2694
25.9522,4.8146,0.0504,0.0229
20.6667,7.1154,0.9657,0.6822
25.2344,7.2575,0.2297,0.1645
22.3829,2.6975,0.2605,0.0595
20.8568,4.5049,0.5685,0.2418
25.0661,5.3201,0.958,0.4882
27.8396,4.8771,0.7039,0.3238
28.8531,4.707,0.5613,0.2477
29.9661,6.788,0.4134,0.2732
29.8287,3.0424,0.9512,0.25
24.6701,7.3333,0.3325,0.241
27.2578,2.9449,0.1759,0.0446
23.0589,6.4899,0.3689,0.2349
20.185,2.501,0.6307,0.131
28.0621,5.8343,0.2244,0.126
23.9691,2.2061,0.7218,0.1254
22.7577,6.7436,0.1335,0.0887
21.5359,3.4644,0.9183,0.2869
22.7408,5.0158,0.1611,0.0772
21.4062,5.5421,0.4805,0.2578
28.7052,6.5018,0.6117,0.3865
21.0226,7.4295,0.8443,0.6245
22.7069,4.8072,0.2534,0.1157
28.8153,6.4947,0.516,0.3256
27.5667,3.25,0.3683,0.1054
26.3874,7.0045,0.3485,0.2397
24.2038,4.1023,0.4097,0.1556
27.4176,7.0996,0.1918,0.1337
25.5447,5.8497,0.0074,0.0042
29.1841,4.305,0.3858,0.1536
27.0934,6.1313,0.6309,0.3749
27.2645,7.3619,0.9239,0.6696
27.2461,2.3421,0.2424,0.0455
23.0721,4.2586,0.5321,0.2114
23.8945,2.366,0.5756,0.1102
23.5254,5.9998,0.4544,0.2652
22.5999,1.8457,0.9299,0.124
23.4,3.5683,0.9787,0.3158
26.6225,1.4575,0.1749,0.0151
22.9118,5.8641,0.6019,0.3429
21.1878,3.6971,0.7281,0.246
20.6977,6.2433,0.3833,0.2348
28.6985,4.7604,0.6679,0.2986
21.9051,6.0054,0.0871,0.051
25.5959,6.9168,0.3701,0.2515
24.2174,4.5321,0.7635,0.3252
22.803,2.1547,0.6041,0.1017
24.4349,4.9478,0.7605,0.3577
21.68,3.6708,0.8296,0.2777
22.705,2.3322,0.8144,0.1532
26.1139,7.0803,0.5681,0.3955
20.5246,3.444,0.2122,0.0659
21.9057,4.2463,0.814,0.3229
20.0706,4.1541,0.9871,0.383
21.2932,2.7583,0.1708,0.0402
29.8363,2.2866,0.828,0.1498
21.8007,7.2665,0.8442,0.6089
28.0906,4.8648,0.4022,0.1845
24.6128,6.2736,0.0729,0.0446
26.6221,5.1683,0.7621,0.375
23.3842,5.8264,0.4345,0.2456
25.3172,4.8585,0.1047,0.0482
23.8288,1.9151,0.9469,0.1335
21.757,3.0488,0.2284,0.061
27.4502,6.3872,0.017,0.0105
26.0078,1.4284,0.4063,0.0337
26.6166,6.4765,0.7861,0.4963
27.917,2.1844,0.4549,0.0774
27.2014,6.569,0.5748,0.3682
25.569,6.4543,0.6629,0.4177
26.0291,3.9436,0.6148,0.2223
29.6037,6.3721,0.1179,0.0728
22.1927,7.2194,0.6133,0.439
29.7279,3.6906,0.4906,0.1631
20.3801,7.7824,0.935,0.7278
20.8012,6.1213,0.4053,0.2429
25.3032,6.0759,0.5801,0.3423
23.4651,2.3057,0.2043,0.0378
29.2391,7.606,0.3948,0.2954
22.4768,7.8752,0.4247,0.3336
29.31,2.1298,0.2754,0.0451
22.0622,6.9747,0.4496,0.31
24.6007,2.6329,0.3058,0.0675
29.2434,1.7223,0.1419,0.0167
24.0696,5.8603,0.3914,0.2224
28.1025,2.9305,0.7628,0.1919
27.2629,1.5046,0.8917,0.0823
26.0734,2.7133,0.9447,0.2161
29.9729,3.8103,0.4358,0.1504
25.2712,6.6203,0.1646,0.1067
20.6949,3.3424,0.1722,0.0516
22.3883,5.4968,0.9323,0.4949
25.0238,1.8362,0.2944,0.0388
27.3344,5.2439,0.8972,0.4482
23.9457,2.4987,0.0949,0.0196
21.1992,4.0417,0.8628,0.3237
21.072,6.1197,0.8592,0.5146
27.1448,3.6305,0.7367,0.2412
29.5581,4.9929,0.3353,0.1579
22.8004,2.8282,0.3598,0.0873
29.6567,4.4615,0.4533,0.1879
21.008,3.6846,0.1723,0.058
20.8796,1.9791,0.0616,0.0092
24.1909,2.1779,0.7823,0.1334
23.2362,1.7695,0.771,0.0959
21.3649,2.1491,0.3026,0.0509
20.4143,3.854,0.5602,0.1991
28.6317,1.7063,0.1109,0.0129
20.3975,2.2666,0.5539,0.1006
24.8213,1.3191,0.4534,0.0313
27.9726,4.3026,0.6898,0.2751
23.6179,7.415,0.8755,0.6434
25.817,3.2766,0.9678,0.2806
24.1466,7.5776,0.8666,0.6513
21.2906,6.6363,0.7353,0.4811
24.283,3.5184,0.0363,0.0115
23.0046,6.5601,0.4012,0.2584
26.0941,5.7614,0.8505,0.4727
29.2713,4.958,0.788,0.3685
22.2838,5.6074,0.3203,0.1738
29.6268,4.9946,0.9067,0.4272
29.9386,7.8671,0.7709,0.5974
20.0562,2.4705,0.6362,0.13
29.9041,2.7565,0.8922,0.207
21.6566,4.7834,0.3248,0.1477
22.42,6.9662,0.4117,0.2834
22.7579,1.6627,0.5569,0.0624
28.6687,6.8969,0.2023,0.1363
21.2648,3.4087,0.9864,0.3024
27.1056,6.2007,0.6948,0.418
23.9778,7.4344,0.5257,0.3872
21.014,4.9964,0.5798,0.2773
24.245,1.2844,0.0541,0.0035
27.5916,1.265,0.8159,0.05
26.4112,3.4927,0.926,0.2898
27.0416,2.2805,0.4867,0.0881
29.8465,1.7338,0.7859,0.0935
21.8541,4.1682,0.3869,0.1502
24.5803,4.817,0.1454,0.0663
23.0588,4.8907,0.2832,0.1317
20.3961,2.2944,0.6867,0.1268
28.2128,2.52,0.4908,0.1016
21.9051,4.7602,0.6063,0.2741
21.0728,3.513,0.3475,0.1105
20.55,2.9536,0.7078,0.1821
24.1469,5.3481,0.8685,0.4458
27.6134,6.7639,0.0009,0.0006
27.7311,1.6061,0.6694,0.0699
27.3164,6.1308,0.2454,0.1457
22.6454,4.094,0.1636,0.0621
25.0948,1.4325,0.9209,0.0771
29.3038,4.1153,0.2538,0.0959
29.1226,5.6235,0.4289,0.2309
27.1476,3.2716,0.0438,0.0126
22.6952,1.9295,0.3491,0.0499
21.8791,5.3669,0.0284,0.0147
26.4342,2.0664,0.6968,0.1097
20.3227,3.328,0.875,0.261
25.4274,7.2623,0.3681,0.2637
20.8132,4.8152,0.3771,0.173
23.0907,4.0057,0.6436,0.2382
29.3833,4.9252,0.1954,0.0907
22.7641,4.7535,0.3704,0.1669
28.7356,1.245,0.4246,0.0248
23.4662,7.6888,0.5587,0.427
27.0325,2.0323,0.3536,0.0543
21.8532,6.9455,0.7076,0.486
20.596,5.0368,0.1984,0.0958
27.7783,6.3304,0.5763,0.3542
21.6742,7.0146,0.2613,0.1814
27.0661,7.7159,0.4508,0.3438
21.898,2.455,0.1282,0.0259
27.6454,3.3976,0.9377,0.2832
22.2026,3.9488,0.3219,0.1173
22.6528,4.8879,0.9541,0.4439
21.0099,3.1919,0.5581,0.158
25.8943,4.1313,0.6381,0.2436
26.864,5.3194,0.3371,0.1712
21.1662,3.0684,0.0522,0.0141
21.6779,3.1579,0.1033,0.0288
24.8849,1.6435,0.415,0.0454
20.0336,2.6886,0.1348,0.0308
21.7002,1.9965,0.6062,0.0914
21.3023,7.165,0.8861,0.63
28.6793,7.0351,0.7002,0.4821
24.6548,7.2385,0.184,0.1315
27.6863,7.56,0.5144,0.3834
27.0092,4.4256,0.0902,0.0372
20.5667,3.9179,0.3892,0.1409
23.1771,7.2311,0.2749,0.1968
28.1614,6.8636,0.6646,0.4458
27.1885,6.3054,0.1707,0.1046
23.6383,2.1096,0.1775,0.0289
25.2664,7.9201,0.7951,0.6255
20.994,5.2017,0.3487,0.1745
22.2174,4.1196,0.1171,0.0448
20.2656,1.2088,0.0127,0.0007
21.4114,4.5102,0.8475,0.3606
29.4009,5.1674,0.3713,0.1818
28.743,3.4178,0.8171,0.2481
29.9224,4.1165,0.669,0.2527
20.5698,7.475,0.5202,0.3876
29.2117,6.6005,0.0085,0.0055
27.726,7.3697,0.27,0.1957
28.1344,2.1966,0.1798,0.0308
27.4975,2.8467,0.7535,0.1829
21.4427,5.9646,0.8949,0.5208
29.1395,5.5006,0.3877,0.2036
21.657,5.8537,0.9646,0.5497
25.521,3.1793,0.3263,0.0912
20.794,3.4342,0.636,0.1969
29.9528,7.3672,0.4527,0.3269
23.2401,7.7908,0.6348,0.4923
27.0483,7.4605,0.7276,0.5352
21.2152,2.3845,0.2676,0.052
28.1609,5.0532,0.8502,0.4069
28.0411,4.4878,0.568,0.2377
26.9945,7.4126,0.8787,0.6419
24.8412,6.6361,0.5523,0.3591
20.0347,6.3838,0.5963,0.3748
27.1604,1.3326,0.739,0.0521
27.6044,5.5017,0.5407,0.2848
26.0829,5.7414,0.9855,0.5456
23.2019,3.9981,0.6101,0.2252
22.2337,4.9376,0.9356,0.4406
29.163,7.7916,0.4558,0.35
27.9625,3.5314,0.0409,0.0129
28.2462,3.3861,0.2636,0.0792
20.5999,7.5086,0.4709,0.3526
20.7515,6.4353,0.6806,0.431
23.7499,2.0861,0.7472,0.1198
22.7178,6.9369,0.4265,0.2921
20.8686,4.7904,0.7802,0.3559
24.3588,3.9791,0.0081,0.003
24.8664,2.3001,0.0388,0.0071
21.5118,1.2392,0.935,0.0544
27.2293,1.4463,0.2621,0.0223
28.8709,2.74,0.686,0.1582
21.2658,7.7286,0.1016,0.0783
28.5374,7.5086,0.5366,0.3964
24.698,6.5863,0.2084,0.1344
23.3712,2.143,0.5209,0.0869
26.4152,7.0376,0.7529,0.5205
27.685,3.4589,0.7855,0.2424
24.2628,5.6114,0.0324,0.0175
27.2626,3.9939,0.2873,0.1052
20.0449,5.5356,0.4998,0.2685
22.9104,2.536,0.219,0.0461
27.7386,3.1744,0.8676,0.2412
25.8896,4.2824,0.1313,0.0523
22.8821,2.0973,0.1192,0.0193
25.9998,3.4359,0.7896,0.2424
26.7394,3.7988,0.5085,0.1757
23.3226,7.1824,0.4779,0.3395
25.8431,3.8671,0.7079,0.2502
20.7014,6.6579,0.2056,0.1351
29.8693,6.9124,0.8816,0.5943
20.0926,7.1308,0.3909,0.2771
21.905,2.5063,0.9144,0.1899
23.3068,1.5658,0.2637,0.0265
28.8438,2.7776,0.7392,0.1735
22.6331,4.9362,0.1966,0.0925
28.2688,7.7417,0.2591,0.1979
28.577,4.5019,0.1224,0.0514
27.7343,1.4001,0.4788,0.0379
20.6065,1.8683,0.2133,0.0291
26.8427,2.581,0.4719,0.101
24.0096,6.7588,0.6864,0.456
21.7911,1.2219,0.7886,0.0439
24.2411,2.539,0.823,0.1732
27.8276,1.2637,0.5019,0.0307
27.7313,3.6034,0.4804,0.1557
22.6044,4.6477,0.8146,0.358
22.4985,1.4565,0.5041,0.0439
28.7466,6.1345,0.7826,0.464
27.2174,1.7213,0.851,0.1004
21.8958,3.2576,0.6314,0.183
21.906,5.872,0.8327,0.476
23.8457,6.9633,0.7009,0.4811
27.3581,4.7158,0.3929,0.1742
29.9824,2.8992,0.5547,0.1372
28.1885,2.406,0.8792,0.171
28.5677,3.985,0.1291,0.047
26.7199,7.0274,0.2868,0.1978
22.4059,5.3687,0.7469,0.3862
25.0238,2.0034,0.4284,0.0646
28.3191,4.6696,0.0975,0.0427
20.9822,6.1105,0.4452,0.2663
25.0262,4.1069,0.7594,0.2884
28.5738,6.8621,0.9455,0.6337
22.0843,2.154,0.3893,0.0656
21.8491,7.9888,0.3712,0.2964
26.3377,1.8508,0.6495,0.0864
22.6704,3.6619,0.6805,0.2267
21.2437,4.3596,0.3512,0.1438
26.9027,3.5293,0.079,0.025
21.6731,2.5485,0.0952,0.0202
22.1669,6.9706,0.611,0.421
22.8017,5.4099,0.3205,0.167
29.1135,4.4259,0.2198,0.0904
24.115,7.9539,0.7514,0.5949
24.9803,7.8545,0.1186,0.0925
23.0592,5.9446,0.2204,0.1274
24.6454,4.7345,0.6452,0.2886
24.7961,4.3702,0.2178,0.0889
21.5396,5.7114,0.0228,0.0126
27.2253,7.6595,0.6059,0.4583
20.8391,3.6054,0.348,0.1142
29.426,7.5785,0.5865,0.437
25.7927,3.2634,0.481,0.1388
26.0945,4.9019,0.9813,0.4554
26.7493,6.6979,0.694,0.4544
20.2313,4.0828,0.9576,0.3641
20.7022,4.1024,0.5374,0.2053
24.2961,3.6473,0.5396,0.1784
22.2094,3.4368,0.9915,0.3065
25.4035,1.5972,0.2846,0.0295
29.0241,6.7185,0.2814,0.1842
26.811,3.2433,0.6374,0.1822
23.1762,2.538,0.3296,0.0694
23.9822,3.3188,0.245,0.0724
26.319,7.8657,0.1091,0.085
26.6977,5.7211,0.9917,0.5463
21.3021,1.2945,0.807,0.0533
26.7879,3.0508,0.2109,0.0559
22.537,3.2057,0.4654,0.1321
29.6717,3.2556,0.4891,0.1398
25.2851,1.7284,0.1072,0.0128
22.9529,1.3099,0.6356,0.0432
24.319,2.3761,0.3893,0.0749
25.8675,7.578,0.2987,0.2238
24.1823,3.5337,0.7895,0.2515
20.6271,1.43,0.6292,0.0528
20.283,4.7764,0.6228,0.2835
21.8239,2.52,0.2047,0.0428
20.2593,1.9805,0.8852,0.1322
23.3804,3.1281,0.0413,0.0114
22.694,7.6065,0.1924,0.1455
28.1905,6.0438,0.7349,0.429
29.5494,6.5757,0.9868,0.6304
23.3519,4.0989,0.9295,0.3531
22.9479,5.4448,0.7577,0.3976
26.5755,6.4045,0.7949,0.4958
24.1538,4.9297,0.477,0.2235
27.0004,2.5331,0.186,0.0388
25.1282,7.9237,0.9576,0.7539
27.8078,1.7359,0.0814,0.0097
26.029,7.3951,0.1274,0.093
28.2553,5.6963,0.3389,0.1853
24.8918,3.1932,0.7268,0.2045
26.7795,2.5616,0.9337,0.1979
20.0349,2.7974,0.7991,0.1921
23.5227,3.733,0.6116,0.2082
21.2863,3.213,0.7373,0.2103
29.4458,4.3708,0.6415,0.2598
20.4128,6.6117,0.4992,0.3258
24.7153,2.3934,0.7442,0.1445
21.7164,7.5391,0.216,0.1621
25.4639,3.4999,0.5812,0.1826
28.5743,5.3892,0.2893,0.1487
25.9365,1.5573,0.4057,0.0401
22.8451,7.6805,0.2047,0.1565
24.0154,1.4527,0.2772,0.0239
29.2196,2.7045,0.9107,0.2064
22.8626,4.9779,0.6389,0.3033
20.5688,7.7443,0.4761,0.3685
24.0746,6.9422,0.8023,0.5487
21.4192,6.7572,0.9353,0.6239
22.5275,5.1395,0.8906,0.4385
24.6247,4.3125,0.504,0.2026
21.1414,1.6684,0.7057,0.0797
21.6225,5.2674,0.5109,0.259
29.9698,4.2143,0.3114,0.1208
23.2574,4.4483,0.7952,0.332
28.4009,7.402,0.768,0.5589
28.5734,5.4653,0.4646,0.2425
26.7833,4.1478,0.6941,0.2658
27.1458,7.2606,0.7463,0.533
25.6314,4.8142,0.9868,0.4491
25.0795,7.034,0.7482,0.5181
26.0517,4.0205,0.3855,0.1425
21.6661,6.4113,0.4921,0.3099
27.8455,4.5521,0.8952,0.3808
24.2124,7.1571,0.4165,0.2943
24.1627,1.9177,0.5136,0.0725
24.9487,5.2413,0.1064,0.0533
26.8346,1.9383,0.8891,0.1271
27.8396,7.8055,0.5981,0.4612
23.5717,2.1461,0.3003,0.0502
27.1645,1.8404,0.9473,0.1248
24.5548,4.4856,0.0769,0.0323
23.1824,2.6723,0.9601,0.2164
22.389,4.4231,0.5732,0.2381
25.0528,4.801,0.3679,0.1671
23.0517,5.3579,0.4742,0.2444
20.7087,2.9244,0.4313,0.1096
20.2514,5.7186,0.0975,0.0543
28.2238,3.8623,0.3213,0.113
22.8722,3.9587,0.2505,0.0915
24.5966,5.4227,0.9763,0.5086
20.4185,5.4578,0.2552,0.1348
25.1227,1.2032,0.7547,0.0397
23.7504,5.7849,0.8402,0.4709
26.0193,2.3607,0.739,0.1406
20.7231,2.4766,0.3259,0.0667
28.5004,4.1677,0.6058,0.2326
21.0836,3.8927,0.0708,0.0254
20.212,3.4368,0.2699,0.0837
27.4941,6.523,0.4568,0.2903
26.6342,7.9862,0.4647,0.368
28.8433,3.2384,0.6915,0.1966
22.3713,7.4279,0.9868,0.7281
20.5261,7.888,0.4361,0.3443
28.4612,6.5356,0.8727,0.5548
26.1807,2.8187,0.6951,0.167
22.3459,3.3223,0.0915,0.0271
21.402,5.7168,0.4054,0.2252
25.2829,4.8203,0.5289,0.2412
29.6393,3.1938,0.6895,0.1925
25.4516,1.9227,0.5364,0.0759
29.902,6.9441,0.2855,0.1934
24.0151,2.5256,0.6595,0.1379
21.5977,4.2598,0.6442,0.2567
25.6349,7.9404,0.2854,0.225
26.5511,6.7557,0.2944,0.1947
28.0341,3.1253,0.0225,0.0061
22.1306,3.0429,0.8736,0.2327
25.7618,4.1398,0.0036,0.0014
21.5479,6.7047,0.9508,0.6288
25.5832,1.8725,0.3961,0.0538
20.0284,2.2014,0.0938,0.0164
21.9659,6.6633,0.3243,0.2128
21.7866,4.9122,0.5713,0.2677
21.7905,6.0544,0.2004,0.1185
29.0606,5.918,0.4394,0.2503
29.4356,4.5024,0.9254,0.3878
29.4071,4.6395,0.8982,0.3895
26.2134,4.676,0.8803,0.3872
20.5224,4.033,0.0149,0.0056
29.5202,5.2594,0.9662,0.4825
27.7311,3.6036,0.9152,0.2967
28.749,3.1956,0.1228,0.0344
23.1537,7.6019,0.6765,0.5111
24.5983,5.0248,0.9585,0.4585
23.1325,4.7929,0.8558,0.3891
25.7192,3.8493,0.9282,0.3264
27.8053,2.9874,0.53,0.1366
27.3914,7.8288,0.9346,0.7236
27.5567,7.7168,0.0124,0.0095
25.2315,3.9347,0.2618,0.0945
29.1428,2.7795,0.4127,0.0969
22.5749,5.6083,0.4209,0.2284
24.7918,6.9464,0.8992,0.6146
29.6797,5.2697,0.895,0.4478
28.8402,4.6778,0.1921,0.0842
20.2349,7.3714,0.383,0.2813
25.0099,7.8695,0.6923,0.5411
27.2671,5.8615,0.1345,0.076
24.1394,1.716,0.2276,0.0269
29.8209,6.704,0.3808,0.2483
23.9902,2.5909,0.9959,0.2153
26.2389,1.7077,0.0728,0.0085
28.2635,1.4478,0.2956,0.0252
26.2911,5.5861,0.1374,0.0738
25.8504,3.7371,0.7754,0.2633
29.6351,3.1929,0.2377,0.0663
21.9659,7.3608,0.6868,0.5021
27.8566,7.4362,0.5078,0.3717
28.3361,4.3216,0.2393,0.0958
27.2967,3.8913,0.0254,0.009
21.7059,6.7586,0.7408,0.4941
20.7134,1.3983,0.9407,0.0752
21.0467,5.6648,0.0753,0.0414
21.7026,7.4587,0.5547,0.4116
29.1471,3.6989,0.1791,0.0597
21.7093,7.4879,0.0969,0.0722
23.0834,7.1294,0.4608,0.3248
26.3705,6.8633,0.8558,0.5758
25.5373,6.4168,0.4697,0.2941
22.8682,3.4849,0.9431,0.2961
23.3255,5.3737,0.3438,0.1777
22.2432,3.4207,0.067,0.0206
21.6056,4.8872,0.1789,0.0834
20.3082,5.9217,0.1898,0.1098
24.1646,3.6698,0.902,0.3006
28.2305,3.2387,0.9095,0.2589
25.9445,5.9605,0.9393,0.5421
25.7814,2.2304,0.2616,0.046
21.6732,5.4644,0.2785,0.1471
20.9446,6.651,0.4579,0.3005
23.8359,7.5021,0.234,0.1741
24.2286,7.7499,0.6564,0.5053
21.6982,2.3165,0.5551,0.1036
25.4593,2.339,0.4217,0.0793
28.6883,1.9972,0.4583,0.0683
27.3985,5.0498,0.9391,0.4496
21.0974,2.2821,0.8662,0.1585
29.5749,7.0724,0.7768,0.5371
23.5893,2.5418,0.1408,0.0297
28.8395,4.8422,0.4922,0.2243
27.6104,7.6147,0.7047,0.5293
26.8425,3.64,0.1098,0.0361
22.2535,7.7343,0.6356,0.4899
24.6488,5.2232,0.5004,0.25
24.2751,4.3333,0.3021,0.1222
25.0577,1.3752,0.9168,0.07
23.9987,3.213,0.3585,0.1018
24.469,5.5116,0.1711,0.0908
26.2216,4.8578,0.2664,0.1223
22.9088,2.1942,0.8038,0.1388
25.3099,2.727,0.4264,0.0983
22.9433,5.7661,0.1297,0.0725
24.3877,3.6588,0.2989,0.0992
24.4411,4.2011,0.072,0.0281
21.4229,5.4169,0.216,0.113
26.117,6.8369,0.2354,0.1578
26.9861,3.8895,0.8909,0.3164
21.2139,2.5705,0.0999,0.0215
23.2552,2.5051,0.4782,0.099
28.9373,2.4794,0.1518,0.0307
21.9326,5.5474,0.5899,0.3166
22.7289,2.8432,0.3589,0.0877
21.9654,3.0618,0.4721,0.1267
25.8026,5.3732,0.4962,0.2553
27.5858,3.8957,0.9639,0.3427
26.7576,5.7487,0.3159,0.1749
27.7052,5.4842,0.1135,0.0596
26.0819,2.7664,0.9595,0.2251
28.8494,3.3102,0.2409,0.0704
29.6168,4.2023,0.0315,0.0122
27.9869,6.2941,0.8779,0.5361
24.9656,6.6779,0.4119,0.2696
29.2418,5.8418,0.381,0.2139
29.7038,6.1383,0.2606,0.1544
28.3813,5.5356,0.8298,0.4395
28.1461,2.8593,0.0879,0.0214
28.7214,6.2447,0.2764,0.1671
20.8626,1.5159,0.3739,0.0354
29.8883,1.7531,0.1816,0.022
26.1464,3.9241,0.9849,0.354
22.4762,2.009,0.3117,0.0474
20.8469,1.7245,0.0555,0.0066
26.9348,7.1732,0.8378,0.5908
28.1643,4.2961,0.1235,0.0491
28.0371,6.0209,0.1911,0.1111
27.2808,5.0157,0.1156,0.055
25.0111,1.5169,0.6142,0.0578
29.9074,7.4394,0.2731,0.1993
29.7107,2.4688,0.5456,0.1096
23.5498,3.2326,0.0489,0.014
21.6482,3.0432,0.5422,0.1445
23.1197,6.4614,0.8102,0.5133
27.5024,1.5763,0.0284,0.0029
28.6655,2.0135,0.7712,0.1164
23.5315,5.6325,0.4186,0.2279
29.1538,3.5489,0.242,0.0768
28.5975,7.9814,0.5454,0.4302
21.9558,3.322,0.9289,0.2757
25.9509,6.2693,0.4249,0.2592
22.0445,4.9542,0.1766,0.0835
23.4407,5.9373,0.4558,0.263
20.9882,5.3225,0.6613,0.3395
21.8898,2.346,0.431,0.0819
22.9534,3.8839,0.4651,0.1661
29.1179,3.2052,0.3652,0.1025
24.4264,5.3827,0.8055,0.4163
28.8647,7.1835,0.228,0.1605
29.7609,7.3747,0.3016,0.2181
26.2109,7.8136,0.4834,0.3742
23.2683,6.8562,0.0496,0.0335
24.1682,6.8951,0.3204,0.2174
27.344,6.7946,0.128,0.085
27.9787,2.7873,0.6079,0.1435
28.2707,4.6352,0.6439,0.2795
28.3756,2.1253,0.6418,0.1049
25.2263,3.1532,0.9735,0.2696
20.38,4.477,0.321,0.1357
23.3843,7.8451,0.7056,0.5512
20.9376,2.8692,0.9129,0.2263
22.5758,7.9814,0.931,0.7418
20.8109,5.63,0.2531,0.1383
25.2684,1.3665,0.3015,0.0227
21.811,2.3026,0.8453,0.1565
22.5082,5.7544,0.4688,0.2618
28.8826,3.8685,0.4393,0.1546
26.1756,1.9351,0.6866,0.098
20.0555,3.0543,0.5385,0.1446
20.7113,6.0946,0.117,0.0698
21.6659,5.1741,0.598,0.2971
25.0772,3.7021,0.0892,0.03
21.511,1.2279,0.8531,0.0483
23.4021,7.6289,0.1271,0.0963
26.0667,4.9393,0.175,0.0819
21.9765,3.5592,0.5299,0.1709
29.6445,5.9491,0.4671,0.2674
20.1109,3.0477,0.2853,0.0764
29.4253,3.0412,0.672,0.1767
24.1214,3.1673,0.7405,0.2065
24.0601,7.8819,0.0361,0.0283
28.8586,3.2173,0.0036,0.001
21.7761,3.9895,0.9547,0.3524
27.1826,3.967,0.8522,0.3097
25.1534,4.9092,0.4429,0.2062
23.5846,7.8589,0.9277,0.7258
20.6551,5.8025,0.0062,0.0035
28.6325,4.5626,0.6264,0.2669
24.2093,5.371,0.6793,0.3504
27.741,2.8367,0.4017,0.097
22.6308,7.1776,0.1389,0.0987
28.9335,5.4182,0.0132,0.0068
21.547,4.7429,0.2425,0.1092
21.562,5.5757,0.4398,0.2375
29.1552,2.1866,0.8861,0.1507
29.941,2.7627,0.7903,0.1839
23.0208,5.9142,0.2075,0.1193
22.1439,3.7742,0.0721,0.0249
27.5511,4.1537,0.9308,0.3566
24.1646,7.1146,0.4267,0.2996
21.4838,6.8309,0.1887,0.1274
28.3543,6.3389,0.4842,0.2978
26.2947,3.6882,0.0324,0.0108
26.634,7.7412,0.0635,0.0487
22.9627,7.236,0.9058,0.649
27.0807,7.8557,0.3752,0.2917
23.5691,4.8326,0.9607,0.4406
20.19,1.4354,0.0922,0.0078
20.888,6.2409,0.2836,0.1736
29.101,7.114,0.7059,0.4916
27.003,5.4411,0.3155,0.1643
22.8258,1.484,0.259,0.0234
26.604,3.7162,0.9614,0.3238
24.0641,1.396,0.1845,0.0146
24.2385,5.765,0.1547,0.0863
28.7927,7.0138,0.2064,0.1416
24.6863,6.9743,0.0718,0.0493
29.9062,5.4437,0.2049,0.1063
21.2492,1.6567,0.7981,0.0891
28.8625,7.1338,0.6661,0.4654
28.8612,6.8705,0.3824,0.2565
27.0863,2.3334,0.713,0.1332
20.1218,3.0243,0.2256,0.0598
27.0462,6.2796,0.1929,0.1177
28.2483,2.9537,0.0436,0.0111
24.8766,3.7959,0.3125,0.1082
26.4732,1.9767,0.7159,0.1055
29.1741,1.6405,0.8999,0.0974
24.3505,3.9776,0.4781,0.1751
24.0292,7.8008,0.1601,0.1242
25.6341,1.6252,0.8099,0.0867
21.7039,5.287,0.4185,0.213
28.8067,7.9642,0.4808,0.3782
22.8238,1.3816,0.073,0.0057
28.1181,2.149,0.0998,0.0166
27.5482,3.4366,0.0239,0.0073
20.8788,1.8939,0.957,0.1333
20.2079,2.4551,0.5834,0.1182
25.0763,3.8415,0.7367,0.2587
21.3001,7.682,0.6174,0.4732
25.4499,2.1268,0.4638,0.0763
28.9267,5.7634,0.9587,0.5305
26.0327,5.4094,0.6182,0.3204
27.8658,1.2162,0.1113,0.006
29.2854,5.6862,0.613,0.334
26.8465,2.4096,0.1974,0.0386
27.2513,3.9655,0.6349,0.2306
20.196,2.0071,0.086,0.0131
27.29,6.8176,0.8127,0.5421
29.1727,4.5393,0.7256,0.307
28.7598,6.657,0.4748,0.3078
29.7677,3.0091,0.0262,0.0068
26.8293,7.4937,0.472,0.3489
29.3063,7.7346,0.3918,0.2985
29.8428,3.9072,0.7465,0.2653
20.349,4.2814,0.7624,0.3062
26.8921,2.4723,0.2337,0.0472
20.9652,6.7145,0.6205,0.4114
20.7473,4.2348,0.9686,0.3838
29.4939,7.4422,0.9217,0.6734
28.5423,1.8149,0.6928,0.089
26.4899,4.866,0.6158,0.2832
27.2935,4.9472,0.4385,0.2052
21.8607,3.1563,0.5316,0.1482
24.6728,5.787,0.8156,0.4566
24.5333,5.1336,0.1978,0.0969
28.2109,5.5899,0.1243,0.0666
26.236,3.3985,0.7934,0.2403
22.8199,2.246,0.035,0.0063
26.6657,2.267,0.2474,0.0444
22.9827,7.938,0.1253,0.0992
28.5718,3.7496,0.3462,0.1175
24.12,2.3045,0.9977,0.1842
29.485,4.8531,0.0782,0.0357
21.1941,5.0024,0.5538,0.2651
26.7891,3.8036,0.1991,0.0689
29.2613,7.4336,0.0353,0.0258
21.4342,3.7077,0.4883,0.1655
27.8954,3.8953,0.7632,0.2711
22.142,4.603,0.4784,0.2081
26.6042,2.7196,0.4946,0.1134
28.5119,7.0877,0.4655,0.3231
21.6357,1.3114,0.3643,0.0249
21.0442,2.4291,0.637,0.127
26.1753,3.5522,0.7081,0.2262
27.754,3.8626,0.8881,0.3125
24.7403,4.251,0.3635,0.1437
23.1264,3.527,0.0666,0.0212
25.5448,6.9356,0.628,0.428
21.4061,6.0023,0.0022,0.0013
25.9675,1.7997,0.0487,0.0062
27.0533,4.6075,0.0792,0.0342
27.9972,7.127,0.1477,0.1032
23.0881,5.0316,0.9201,0.442
25.258,6.7536,0.1213,0.0803
25.8237,3.1399,0.6417,0.1766
22.3294,7.2988,0.1524,0.1103
23.6405,2.5694,0.9754,0.2087
23.9023,3.4553,0.4149,0.1287
20.5125,5.6264,0.8808,0.4813
22.8874,4.3115,0.2791,0.1125
22.0462,7.1545,0.9416,0.6675
23.9766,2.0555,0.3517,0.0552
22.9878,2.055,0.6081,0.0955
25.9356,7.6078,0.6526,0.4911
21.6039,3.6641,0.1012,0.0338
23.5407,7.4618,0.7019,0.5194
20.2484,4.005,0.7555,0.2809
20.5537,5.8324,0.6302,0.3584
20.1407,1.9546,0.7406,0.1084
21.791,4.9991,0.2855,0.1364
27.7255,5.146,0.6904,0.3375
26.0736,6.8907,0.2007,0.1357
26.0965,5.8609,0.1993,0.1129
22.3766,2.3491,0.8265,0.1571
22.8426,7.1098,0.6141,0.4318
24.9999,7.3918,0.9812,0.717
22.7469,6.1889,0.2048,0.1238
22.7826,1.4869,0.5804,0.0527
28.8018,3.1587,0.9916,0.2735
28.7175,1.9804,0.2571,0.0378
20.3527,7.2103,0.4217,0.3023
25.1794,3.693,0.9439,0.3163
20.8629,2.5475,0.1284,0.0273
26.6815,3.1909,0.1607,0.045
24.3811,7.6628,0.1316,0.1001
23.3966,4.1347,0.4907,0.1883
28.1294,7.5808,0.5438,0.4062
25.301,4.7649,0.878,0.3951
21.8996,5.5331,0.1897,0.1015
25.2101,2.7803,0.8468,0.2002
23.5654,4.6099,0.1702,0.074
25.8168,1.6995,0.846,0.0979
26.8701,6.8335,0.5414,0.3623
22.6362,6.5894,0.6251,0.4049
23.0143,2.3456,0.2421,0.0459
28.6133,1.689,0.569,0.0649
23.7834,5.3299,0.4407,0.2255
27.1976,4.3967,0.5096,0.2086
24.394,6.3496,0.8095,0.5021
21.5641,6.4079,0.811,0.5104
29.5973,3.9102,0.348,0.1239
29.46,1.5475,0.0803,0.0078
21.8891,7.4504,0.9308,0.6896
27.165,5.0595,0.3787,0.1818
24.442,4.6008,0.3057,0.1324
27.214,3.9647,0.2902,0.1054
27.1453,7.7862,0.8084,0.6225
28.2535,3.0233,0.6226,0.1628
22.4629,3.6326,0.3219,0.1063
21.6235,1.2262,0.9798,0.0552
22.6858,3.1358,0.6288,0.1737
23.5395,5.7016,0.8764,0.4835
20.4762,2.0065,0.4555,0.0694
28.8992,5.6297,0.3881,0.2093
28.5098,4.3069,0.2223,0.0887
24.7982,5.9583,0.8308,0.4802
23.8866,1.528,0.3518,0.0337
25.0467,5.1865,0.4829,0.2392
23.1891,7.8595,0.5042,0.3948
21.2116,4.4373,0.6172,0.2579
26.9909,1.825,0.7137,0.0928
27.613,4.1974,0.3306,0.1282
29.9533,5.0432,0.7518,0.358
25.9519,5.8327,0.3024,0.1704
20.3639,3.8046,0.0961,0.0336
26.9291,3.74,0.84,0.2849
24.376,6.2434,0.9589,0.5839
21.5988,2.0615,0.9835,0.1555
29.8083,4.3619,0.8105,0.3273
26.3492,2.7924,0.6361,0.1509
23.6189,3.9693,0.6111,0.2235
23.889,6.6349,0.2158,0.1406
20.378,2.9935,0.532,0.1392
23.7523,2.0152,0.6122,0.0933
26.9465,1.6098,0.0379,0.004
21.7556,2.7551,0.3029,0.0712
27.2346,3.8103,0.9573,0.3318
29.1074,4.4702,0.2707,0.1126
28.9749,4.6539,0.6483,0.2823
21.3665,3.328,0.4487,0.1336
21.7103,4.6078,0.9367,0.4082
26.882,4.8833,0.3904,0.1802
29.1694,6.6923,0.1329,0.0866
23.5307,7.9115,0.4124,0.325
23.7972,5.7273,0.7955,0.4409
29.8424,1.6928,0.0612,0.007
25.2012,7.2246,0.5541,0.3949
24.7685,6.0646,0.3758,0.2215
24.0589,6.9348,0.3492,0.2385
27.2845,5.7933,0.7847,0.4379
29.0853,1.5017,0.4903,0.0449
23.1561,3.2453,0.8726,0.2512
26.6538,7.4585,0.81,0.596
28.0888,3.3925,0.6223,0.1875
28.161,7.2201,0.4322,0.3063
21.4707,1.9148,0.9187,0.13
23.8749,7.2104,0.8484,0.6047
24.0167,5.4004,0.6607,0.343
28.3111,1.9999,0.1628,0.0243
25.0977,1.4332,0.5381,0.0451
28.3725,3.7825,0.8092,0.2775
26.6054,3.724,0.4731,0.1598
21.1055,7.7082,0.8472,0.6519
27.0547,5.775,0.6207,0.3453
26.4098,4.4969,0.2817,0.1185
27.0199,4.1982,0.3914,0.152
26.9636,3.8846,0.164,0.0582
21.629,7.9637,0.6255,0.498
21.731,2.9149,0.175,0.0442
23.2153,2.496,0.8313,0.1713
27.8144,7.7216,0.1202,0.0916
28.8773,2.9659,0.6774,0.1728
26.8477,1.8244,0.2943,0.0383
29.5858,6.5648,0.0193,0.0123
26.094,1.4656,0.9891,0.0867
27.0738,5.5758,0.317,0.1696
20.5958,1.3625,0.2796,0.021
20.0934,6.6045,0.6028,0.3931
23.4936,6.4118,0.2212,0.1389
20.3567,7.8051,0.8797,0.687
20.0837,3.7622,0.9352,0.3232
23.1917,2.0664,0.7321,0.1159
20.737,4.9265,0.8022,0.3778
23.7284,1.4074,0.0485,0.0039
23.3824,1.6071,0.658,0.0693
27.8696,3.2442,0.5172,0.1477
24.0463,1.6081,0.2609,0.0275
26.8124,7.8191,0.7663,0.593
26.7598,7.7336,0.3044,0.2329
29.5777,6.2012,0.8064,0.4831
20.1665,3.4973,0.5262,0.1667
22.1495,1.2972,0.3238,0.0215
25.2793,5.4124,0.9551,0.4959
20.7224,6.6051,0.3405,0.2218
23.3976,7.6817,0.1866,0.1425
28.2442,7.5628,0.836,0.6227
21.0148,7.4736,0.3099,0.2307
25.18,4.6161,0.933,0.4051
25.3689,4.05,0.6846,0.2556
29.0091,7.8565,0.0495,0.0384
28.1467,6.1797,0.2656,0.1589
20.0988,5.6088,0.1103,0.0601
23.597,3.7536,0.5913,0.2026
21.9292,4.9643,0.7001,0.3319
20.2865,5.6492,0.7834,0.4302
26.7022,3.1554,0.3683,0.1018
23.3072,6.713,0.3535,0.2334
28.8245,4.9527,0.4066,0.1901
28.4563,5.9265,0.6412,0.3662
24.1527,4.7645,0.4144,0.1868
29.5467,7.0239,0.9553,0.6556
22.9534,5.3072,0.7034,0.3588
21.5977,4.5196,0.9087,0.3875
22.933,3.0633,0.9731,0.261
24.6536,6.6421,0.4356,0.2836
28.8348,6.6048,0.9552,0.6139
25.6758,1.7211,0.3839,0.0454
22.1054,6.7905,0.8562,0.5735
22.3743,6.6714,0.1987,0.1305
29.7863,2.089,0.6318,0.1005
24.0086,3.8118,0.7105,0.2477
29.7513,2.5338,0.9918,0.2062
20.38,5.7024,0.1252,0.0695
26.894,1.8723,0.14,0.019
20.7044,5.2657,0.6489,0.3293
27.215,7.8157,0.5788,0.4474
28.7458,2.3828,0.1866,0.0358
26.983,4.0385,0.3485,0.1294
23.9119,2.4214,0.2968,0.0586
25.9855,3.497,0.6463,0.2027
26.5821,5.8704,0.2155,0.1221
24.1733,1.7263,0.795,0.0948
20.5451,7.4586,0.8083,0.6009
26.1684,3.7845,0.5409,0.1863
23.6799,6.7866,0.8816,0.5886
23.016,5.978,0.5482,0.319
26.2985,2.1898,0.7423,0.1271
22.1795,4.7489,0.078,0.0351
27.4641,3.1049,0.9144,0.2475
27.7875,7.6659,0.5434,0.411
28.9876,3.044,0.4023,0.106
25.6035,2.8537,0.7707,0.1883
28.6632,2.1258,0.1493,0.0244
22.5518,6.7245,0.2263,0.1499
28.9537,5.1066,0.0278,0.0134
27.6078,5.8539,0.7189,0.4056
20.135,4.7227,0.6567,0.2951
26.4789,4.0269,0.0726,0.0269
27.5865,2.786,0.0562,0.0133
20.908,6.8868,0.672,0.458
20.0086,2.1928,0.3399,0.0589
22.9965,1.5412,0.2138,0.0208
28.6523,6.9744,0.027,0.0184
25.9864,2.7459,0.4539,0.1055
25.1847,2.7309,0.8468,0.1957
29.2184,2.3042,0.3094,0.0566
22.2567,2.7711,0.8637,0.2043
24.021,4.1955,0.6255,0.2439
21.6247,3.1231,0.0983,0.0271
25.3211,2.9723,0.5642,0.1451
20.9727,3.3885,0.7863,0.2394
21.8823,2.833,0.9742,0.2373
24.3436,3.6418,0.8772,0.2896
23.0066,1.6148,0.6669,0.0709
27.0502,6.4795,0.8482,0.5355
23.5976,4.3996,0.6492,0.2675
22.3824,5.0024,0.6904,0.3298
20.7193,6.1921,0.4647,0.2822
26.4739,6.1294,0.8189,0.4869
21.1984,7.8896,0.4723,0.3726
24.6027,3.6898,0.353,0.1183
20.2541,3.2863,0.2932,0.0861
22.0702,6.3709,0.9288,0.5805
29.4246,5.2547,0.2223,0.1109
23.0805,5.1324,0.3542,0.174
27.5406,5.2244,0.5702,0.2836
23.0329,5.1859,0.7552,0.3753
28.2466,4.5273,0.4951,0.2092
21.5603,2.8938,0.274,0.0686
20.7764,7.6108,0.5929,0.4503
23.498,3.6715,0.4457,0.1488
24.4259,6.1576,0.2696,0.1617
27.9002,7.533,0.4791,0.3556
27.1503,5.5523,0.7978,0.4249
26.6905,6.9188,0.4083,0.277
29.7903,6.6295,0.2793,0.1799
23.83,2.2122,0.2658,0.0464
29.1263,6.4304,0.8113,0.5062
27.0001,2.7389,0.3514,0.0812
22.6621,1.67,0.5483,0.0619
22.0185,3.2789,0.2178,0.0636
25.1984,5.3949,0.4636,0.2399
22.2856,3.8741,0.0405,0.0144
29.0333,5.5755,0.7515,0.4008
20.2441,1.3243,0.9288,0.0652
25.3797,5.3113,0.4369,0.2221
20.4586,7.8514,0.3953,0.3106
28.5729,6.4629,0.2433,0.1528
21.8234,5.4609,0.04,0.0211
26.2184,3.857,0.0847,0.0298
26.0737,7.8917,0.2378,0.1861
24.6476,6.6288,0.4614,0.2998
22.0903,3.7376,0.5505,0.1881
29.6829,2.6356,0.0175,0.0038
22.5238,1.7061,0.039,0.0046
28.6832,5.1586,0.0074,0.0036
27.3127,2.973,0.766,0.1965
24.4205,3.2042,0.6523,0.1845
28.0899,1.2263,0.7162,0.0399
22.9835,4.0452,0.7832,0.2932
25.1351,2.8794,0.1162,0.0287
25.2317,7.1045,0.8352,0.5845
21.1588,1.7761,0.9844,0.1237
25.7288,1.7396,0.1318,0.0159
21.9843,7.4414,0.483,0.3573
28.9178,1.2953,0.7101,0.0464
20.0018,3.9977,0.6572,0.2439
22.5943,2.504,0.7287,0.1509
26.2785,4.0029,0.0144,0.0053
20.4631,2.3403,0.4771,0.0905
28.3017,4.7135,0.303,0.134
26.2816,5.2838,0.2537,0.128
27.3631,2.4006,0.8203,0.1593
25.7452,2.6516,0.9672,0.2149
21.1186,4.6472,0.6491,0.286
20.1738,2.3782,0.7277,0.1412
23.5036,6.7306,0.7633,0.5052
27.1017,6.8537,0.5979,0.4012
28.7197,5.5709,0.4495,0.2397
27.659,7.6149,0.5986,0.4496
26.5562,2.8095,0.7792,0.1863
23.4345,2.4894,0.5894,0.121
29.3701,7.2671,0.9749,0.6943
22.3444,3.6886,0.1044,0.0351
24.561,6.2693,0.256,0.1565
23.0321,2.3476,0.6698,0.1271
23.9427,5.671,0.3578,0.1961
27.6862,1.7083,0.6051,0.0704
29.2228,6.7367,0.8058,0.5288
28.127,7.8617,0.7368,0.5723
24.3103,6.567,0.0444,0.0286
26.7497,3.8306,0.5166,0.1803
20.615,5.7807,0.4816,0.2712
29.1171,2.5913,0.9026,0.1935
28.7674,3.4852,0.2407,0.0748
27.7139,5.2871,0.8928,0.4498
26.7483,6.474,0.2053,0.1295
28.7899,4.1975,0.0178,0.0069
22.6264,1.6381,0.9739,0.1063
23.0059,6.3731,0.2083,0.13
20.0044,7.7958,0.444,0.3464
20.0595,1.9416,0.1438,0.0208
26.215,1.5914,0.5369,0.0553
26.7338,4.4936,0.6368,0.2675
29.7097,1.5998,0.2519,0.026
25.142,1.3748,0.4661,0.0356
26.1476,4.9497,0.781,0.3664
22.5878,5.4336,0.3813,0.1998
28.5787,3.8939,0.0097,0.0034
20.1754,3.9329,0.4676,0.1702
24.8632,1.6096,0.186,0.0196
28.3917,4.5389,0.4459,0.1889
26.3191,4.3823,0.9816,0.4008
25.9826,4.3385,0.0704,0.0284
20.5735,6.0334,0.8409,0.4963
23.0943,5.5994,0.8354,0.4521
26.6988,1.4852,0.6679,0.0601
25.3729,4.3571,0.5827,0.2367
22.1152,2.6355,0.907,0.2011
26.8869,4.5298,0.2275,0.0964
24.6877,3.2705,0.9454,0.274
28.1783,1.7425,0.082,0.0099
22.2185,1.3409,0.4824,0.0348
22.9806,2.8934,0.1472,0.0368
20.0482,4.2583,0.209,0.0835
20.1395,3.8886,0.5977,0.2147
27.7152,6.6273,0.711,0.4595
29.5869,4.4892,0.9492,0.3963
29.0436,6.8778,0.4024,0.2702
25.1052,3.7734,0.6495,0.2233
26.5362,4.0292,0.6538,0.2422
24.359,3.8265,0.8963,0.3137
23.1818,4.163,0.6659,0.2577
23.7828,6.7148,0.4225,0.2788
21.5394,5.1444,0.1022,0.0504
23.5958,6.1642,0.8189,0.4923
20.7017,7.8725,0.1232,0.097
26.1009,2.0882,0.0637,0.0102
29.6763,3.4828,0.284,0.0881
21.3504,7.4211,0.5887,0.4347
20.1424,2.8732,0.219,0.0545
28.5566,4.8724,0.9959,0.4572
20.4675,2.6103,0.9406,0.2066
22.864,1.7038,0.697,0.0814
29.5033,2.6421,0.7141,0.1569
21.7693,7.2439,0.7277,0.5231
21.6786,3.024,0.3831,0.1013
23.9119,3.7523,0.7866,0.2692
28.9776,6.4472,0.3223,0.2017
24.964,7.6109,0.4652,0.3508
28.0197,5.5698,0.1025,0.0547
20.6009,5.9364,0.4358,0.2527
22.8127,6.5415,0.056,0.036
28.1499,2.3824,0.3961,0.076
27.9241,4.1346,0.02,0.0076
22.7587,7.3965,0.7062,0.5183
28.3329,7.849,0.5729,0.4441
28.2306,3.7311,0.9089,0.3068
27.3302,1.5398,0.3211,0.031
26.4488,3.4092,0.9874,0.3001
23.1035,4.9044,0.8463,0.395
25.6411,7.4667,0.6578,0.4854
29.4108,7.7795,0.4267,0.327
20.6916,2.1421,0.9837,0.1648
29.502,4.5643,0.4215,0.1794
20.7109,5.3396,0.7185,0.3704
24.6504,4.4449,0.6349,0.2643
22.0161,3.0486,0.7947,0.2122
23.3886,1.5404,0.2573,0.025
29.039,3.5227,0.1888,0.0594
24.4225,6.8808,0.9549,0.6464
28.9705,2.7788,0.7456,0.1751
20.3468,6.6098,0.9545,0.6228
29.7131,5.1965,0.7998,0.394
28.2425,2.4644,0.7213,0.1449
21.345,2.6101,0.8116,0.178
24.2371,7.3784,0.6547,0.4781
24.7672,6.1344,0.7948,0.4744
20.0997,7.3673,0.2545,0.1868
26.07,7.79,0.0858,0.0662
23.8419,7.1554,0.2405,0.17
28.497,2.1534,0.0358,0.006
20.6002,5.408,0.5955,0.3114
27.0067,3.8179,0.7202,0.2503
24.0132,3.4508,0.6021,0.1865
20.1036,1.5457,0.6212,0.0611
23.148,3.307,0.843,0.2483
25.0129,7.6581,0.9039,0.6862
21.6956,1.3739,0.0078,0.0006
21.4125,6.6096,0.066,0.043
24.9206,4.43,0.9319,0.3862
20.9681,1.7435,0.0048,0.0006
25.6271,5.1546,0.0024,0.0012
23.7146,3.8319,0.9002,0.3159
28.4843,1.9413,0.8389,0.1199
25.0063,7.1052,0.1588,0.1112
27.407,1.3479,0.7555,0.0548
25.8619,3.2305,0.4004,0.1141
21.9838,2.9983,0.879,0.2299
20.97,1.4659,0.982,0.0869
28.4839,7.1353,0.5585,0.3905
26.0443,5.823,0.8939,0.5027
28.1964,2.741,0.1636,0.0378
24.7956,7.8485,0.4798,0.3741
26.4791,5.2677,0.4752,0.2389
28.2565,7.0812,0.6705,0.4652
20.5639,1.3506,0.7223,0.0532
25.4172,3.7273,0.3172,0.1074
24.9651,7.7954,0.8631,0.6678
28.6774,3.4127,0.4657,0.1412
29.6366,7.8051,0.5276,0.4056
22.2473,5.1836,0.0444,0.0221
25.2121,6.7707,0.389,0.2584
20.1863,4.7332,0.9984,0.4498
22.0321,7.8067,0.1707,0.133
29.4669,5.345,0.7546,0.3837
26.4998,2.7412,0.5489,0.1272
24.7401,7.6119,0.3403,0.2568
22.5242,1.5903,0.8879,0.0918
21.2274,1.8099,0.1102,0.0143
27.9539,1.9389,0.1799,0.0257
25.4143,4.6115,0.1064,0.0461
27.0287,4.9148,0.5959,0.2769
22.4728,7.4584,0.2745,0.2034
20.7265,1.4985,0.3267,0.0302
26.2788,7.1585,0.9765,0.6878
24.6396,7.6237,0.1158,0.0875
27.4394,2.9261,0.6157,0.1548
25.1704,4.7996,0.0651,0.0296
26.7208,5.6626,0.5539,0.3017
21.6444,1.9686,0.4248,0.0627
27.6797,6.8415,0.2616,0.175
26.8759,6.5135,0.296,0.188
20.5015,3.7808,0.0427,0.0148
21.8865,2.7049,0.5619,0.129
29.6739,4.3387,0.7098,0.285
21.6818,7.5027,0.2538,0.1895
22.7972,7.4479,0.4045,0.2991
25.6905,5.4586,0.602,0.3153
24.9073,5.9593,0.6774,0.3915
21.9727,6.6997,0.2816,0.1859
29.0731,2.6435,0.8307,0.1828
23.7733,7.4686,0.5314,0.3935
25.6072,4.2714,0.6846,0.2718
28.8732,6.6583,0.4391,0.2846
24.3694,6.5814,0.6561,0.4232
21.4115,5.2717,0.8765,0.4449
24.5173,5.6766,0.2618,0.1435
27.8705,3.3247,0.6917,0.2035
29.7904,7.4071,0.112,0.0814
21.4423,1.301,0.8977,0.0601
23.484,7.1571,0.7864,0.5564
24.6413,8.0,0.338,0.269
29.1227,6.7736,0.8961,0.5917
20.8011,3.2567,0.8238,0.2391
21.2834,7.9241,0.6572,0.5207
28.3769,6.6253,0.5714,0.3688
27.8516,4.048,0.5484,0.2038
26.2489,1.769,0.6618,0.0819
29.0271,5.535,0.9753,0.516
29.9636,7.2289,0.3631,0.2569
25.5254,5.144,0.6532,0.3203
27.3291,6.3569,0.1177,0.0727
21.9289,4.8137,0.7224,0.3308
27.793,6.7179,0.2081,0.1365
24.3133,4.8865,0.1006,0.0466
26.8637,6.0953,0.6006,0.3547
27.2681,3.7473,0.5691,0.1934
22.1667,7.6923,0.7468,0.5724
20.0151,4.6514,0.0016,0.0007
22.501,1.9687,0.173,0.0255
25.103,1.6106,0.5965,0.0629
22.3079,6.0849,0.4535,0.2694
28.6099,7.5332,0.6649,0.4929
23.8008,1.4595,0.8442,0.0736
23.8472,4.4722,0.2054,0.0862
22.6208,3.8482,0.4425,0.1563
24.8918,4.9516,0.272,0.1279
24.7263,3.2753,0.955,0.2773
21.3999,6.7845,0.9466,0.6342
26.1976,3.6082,0.7778,0.2532
23.7237,1.2983,0.4974,0.033
26.956,3.4595,0.4254,0.1315
22.662,3.6053,0.7602,0.2487
22.1233,5.5865,0.7936,0.4291
25.4007,3.9256,0.7406,0.2666
20.9978,3.6686,0.3736,0.1251
20.0918,2.3155,0.3215,0.0601
21.5906,3.9982,0.4009,0.1484
29.9808,4.7791,0.3333,0.1493
29.5918,7.1603,0.3182,0.2229
25.3151,2.0041,0.006,0.0009
29.6967,5.2113,0.768,0.3795
25.9846,6.4281,0.9877,0.6192
25.4881,4.7234,0.3847,0.1714
24.9422,6.1708,0.2341,0.1406
29.3512,4.711,0.2892,0.1276
22.8311,7.3932,0.7707,0.5654
23.2017,1.4926,0.616,0.0563
24.8533,2.288,0.0766,0.014
20.8821,6.6849,0.7529,0.4968
23.6631,6.5959,0.6815,0.4411
28.5248,3.4383,0.081,0.0248
24.9939,6.5997,0.7317,0.4729
29.2142,2.3528,0.3944,0.0743
21.2653,5.8618,0.8873,0.5067
28.6687,2.9532,0.4657,0.1182
24.4829,4.3018,0.8068,0.3235
24.9826,2.0406,0.8367,0.1296
24.8292,6.2762,0.3666,0.2243
29.7942,4.624,0.9883,0.4267
27.1876,6.4001,0.324,0.2018
25.7301,7.588,0.6581,0.494
21.9671,7.7413,0.0637,0.0491
24.9771,1.9909,0.9449,0.1411
26.2128,4.968,0.0376,0.0177
23.2038,2.0317,0.5254,0.0811
25.6038,3.9787,0.0731,0.0267
22.0449,2.7984,0.5191,0.1244
24.2518,3.7653,0.5376,0.1846
24.1057,3.6069,0.9387,0.3064
28.009,1.6973,0.138,0.0159
23.5815,5.625,0.0824,0.0448
27.6326,6.1058,0.0566,0.0334
28.3592,2.8113,0.3614,0.0862
27.1165,7.3572,0.5081,0.3681
26.133,7.6365,0.0541,0.0409
22.0873,2.6514,0.8051,0.18
25.0836,1.3497,0.952,0.0695
23.8375,7.4567,0.0015,0.0011
24.2732,5.2883,0.1508,0.0764
28.7777,7.7335,0.9483,0.7229
24.8299,1.8457,0.4634,0.0616
26.837,1.6567,0.1694,0.0187
22.304,5.756,0.6477,0.3619
23.1111,3.5884,0.4996,0.1624
23.88,6.6295,0.8055,0.5241
22.4625,7.1975,0.2079,0.1482
25.107,4.1402,0.4604,0.1764
26.0634,3.1154,0.9971,0.2716
26.2263,6.5362,0.7874,0.5025
25.3253,4.9091,0.9283,0.4321
26.5424,7.7446,0.5353,0.4102
25.2939,1.614,0.5383,0.0569
27.6086,5.3213,0.1648,0.0836
27.0505,7.1735,0.3593,0.2533
26.8986,7.3452,0.3506,0.2537
23.3323,6.0656,0.4394,0.2596
20.7721,5.9856,0.7849,0.4591
23.6707,5.0854,0.5771,0.2803
24.7267,5.4587,0.016,0.0084
29.9499,4.8284,0.5165,0.2341
27.3964,6.2581,0.4922,0.2989
21.0658,1.5792,0.6991,0.0716
27.2735,3.9232,0.6732,0.2414
25.9781,4.7119,0.0203,0.009
21.4295,3.1187,0.413,0.1135
21.53,4.2331,0.4719,0.1867
20.8243,4.6834,0.1855,0.0825
29.0238,6.0406,0.3535,0.206
26.1262,6.9508,0.2904,0.1982
27.3932,1.4318,0.9793,0.0815
20.2831,1.7107,0.8538,0.1009
20.1617,4.7303,0.467,0.2103
21.3205,2.9427,0.102,0.0261
26.6992,5.2418,0.558,0.2789
29.7482,6.8332,0.0043,0.0029
23.1797,1.604,0.3019,0.0317
22.3784,5.9744,0.9156,0.533
27.2107,5.8243,0.4165,0.2338
23.2006,6.9736,0.814,0.5602
29.545,2.8549,0.508,0.1233
27.3598,7.7796,0.4616,0.355
23.216,1.3195,0.6585,0.0456
24.2369,5.6519,0.6881,0.3756
23.236,7.2909,0.3971,0.2867
27.8668,6.3738,0.6647,0.4116
25.8224,6.6892,0.833,0.5455
23.9999,5.2939,0.7934,0.4028
29.3274,4.7134,0.5763,0.2544
23.4359,1.7995,0.4829,0.0617
25.121,2.6231,0.1447,0.0317
21.648,5.6052,0.9486,0.5153
23.5145,2.9501,0.8961,0.229
23.543,4.6532,0.7567,0.3325
27.3967,3.522,0.2746,0.0866
20.9046,3.0887,0.8282,0.2252
26.5006,6.764,0.6149,0.4071
24.2742,5.1087,0.5584,0.2723
26.9394,5.1996,0.3694,0.1829
20.4507,6.4096,0.6409,0.4043
21.278,6.3167,0.3016,0.187
25.5478,5.1561,0.9005,0.4427
21.5279,6.5961,0.1791,0.1163
27.2691,7.4729,0.3984,0.2935
23.519,2.1599,0.2567,0.0433
23.5073,2.3452,0.5922,0.1121
29.0332,4.8729,0.1839,0.0844
21.8,2.1078,0.1286,0.021
29.0778,7.7103,0.0008,0.0006
24.5308,6.3873,0.0219,0.0137
25.5245,3.9188,0.6107,0.2194
28.1452,6.4959,0.4144,0.2618
28.3757,7.1154,0.2046,0.1426
29.4629,5.4028,0.9996,0.5145
21.7687,4.6862,0.4809,0.2136
23.2417,5.1746,0.2208,0.1094
28.4607,2.6123,0.4062,0.0881
26.47,5.2415,0.0937,0.0469
22.3099,1.9283,0.6321,0.0903
28.6141,7.394,0.871,0.6328
21.5961,4.5183,0.9848,0.4198
24.7421,1.5971,0.6874,0.0714
21.0894,5.039,0.7995,0.386
27.3229,2.7732,0.9464,0.2222
20.3136,2.0983,0.5862,0.0954
27.8789,2.6666,0.0485,0.0108
27.0264,1.7335,0.0027,0.0003
23.5723,1.5582,0.5461,0.0543
27.531,1.6077,0.1022,0.0107
29.7489,7.7142,0.3991,0.3029
20.1987,2.9932,0.0321,0.0084
25.9196,5.1579,0.8783,0.4317
20.7661,5.7826,0.4233,0.2383
20.9825,5.2725,0.7854,0.399
22.7612,5.3056,0.108,0.0551
22.6183,1.5055,0.1032,0.0096
26.3801,7.4216,0.8905,0.652
20.7753,5.1948,0.9354,0.4675
25.5573,1.5142,0.887,0.0831
23.5719,6.0604,0.0194,0.0115
25.598,6.5447,0.0265,0.0169
27.8633,4.3548,0.9728,0.3934
23.6025,6.991,0.7875,0.5431
26.1864,6.3278,0.7326,0.4513
28.5742,5.3031,0.2505,0.1265
25.7754,2.4779,0.1138,0.0231
28.166,2.2901,0.8775,0.1595
27.9982,3.2152,0.6029,0.1702
29.192,2.1168,0.7021,0.114
21.0821,1.242,0.4844,0.0284
26.8534,1.2477,0.5253,0.0309
20.1292,1.2029,0.0904,0.0048
24.0579,1.2681,0.6418,0.0398
23.7047,1.3735,0.3298,0.0252
27.8734,5.3155,0.5898,0.2989
28.9817,5.1486,0.5099,0.2489
27.9774,2.3554,0.8432,0.1594
20.5275,7.5723,0.3187,0.2408
29.5967,3.133,0.0875,0.0239
22.3797,4.6869,0.2521,0.1119
24.4359,5.4711,0.8768,0.4615
26.937,3.4441,0.4754,0.1461
24.3759,6.3014,0.761,0.4681
28.7555,4.9068,0.1143,0.0529
22.3252,2.46,0.1376,0.0279
20.413,3.1469,0.242,0.0674
21.1923,2.9978,0.3058,0.0801
23.0426,2.8443,0.3247,0.0793
27.8541,3.2072,0.5573,0.1569
24.1794,1.2035,0.8931,0.047
25.6115,3.522,0.8324,0.2635
27.2209,7.5768,0.8101,0.6057
26.6953,1.6446,0.4006,0.0437
23.2066,7.3685,0.9847,0.7193
26.232,3.4863,0.5308,0.1658
20.4407,4.9941,0.4596,0.2199
24.5771,5.0855,0.6419,0.3112
22.8714,3.1559,0.7908,0.2201
24.1975,6.1958,0.6753,0.4079
22.9913,5.141,0.5401,0.2658
24.0464,5.871,0.6378,0.3632
27.9648,3.6005,0.3896,0.1261
28.2788,6.6106,0.5122,0.3298
22.0938,7.4164,0.5637,0.4154
25.3184,1.7002,0.8298,0.0962
20.1681,2.6981,0.4019,0.0922
23.8374,2.5216,0.8537,0.1781
20.0718,6.9109,0.8728,0.5979
25.2444,4.0495,0.1791,0.0669
25.2809,5.4401,0.9116,0.4761
22.1666,7.111,0.7515,0.5291
29.7395,7.5979,0.2659,0.1986
24.7726,6.6775,0.8226,0.5386
27.242,6.0951,0.9459,0.5583
28.7995,3.0402,0.9426,0.248
28.8772,1.6007,0.3061,0.0317
29.0531,4.0908,0.458,0.172
25.2675,1.7691,0.1622,0.0201
21.7111,6.4804,0.9008,0.5739
25.1759,7.2588,0.4412,0.316
23.4151,5.5584,0.942,0.5054
24.3216,2.6623,0.2725,0.061
28.2996,3.0848,0.4235,0.1135
20.1964,7.6789,0.9796,0.7519
22.211,6.838,0.1644,0.111
27.0771,2.0657,0.6118,0.0962
27.2596,2.708,0.4574,0.1042
25.4896,2.9114,0.5641,0.1413
24.6766,3.993,0.06,0.0221
24.6741,1.3166,0.7508,0.0516
23.712,3.8375,0.6616,0.2326
27.7931,5.5382,0.2361,0.1252
25.2826,3.1355,0.8258,0.2271
23.8329,7.2099,0.1695,0.1208
22.2754,3.8984,0.2942,0.1056
26.8209,4.8562,0.2999,0.1375
27.4649,5.8321,0.9179,0.5159
22.263,5.7081,0.2499,0.1383
28.4567,7.9559,0.4493,0.3533
23.866,7.7587,0.0451,0.0347
20.9904,4.8386,0.4915,0.2267
20.7976,1.4164,0.6203,0.051
26.7753,2.0268,0.1015,0.0155
26.1215,2.4008,0.5567,0.1083
27.8731,6.5556,0.0412,0.0263
25.3325,2.6193,0.2627,0.0575
29.0359,3.8148,0.6699,0.2318
21.5871,1.8755,0.8147,0.1116
22.8254,3.6577,0.1075,0.0358
20.9877,3.8974,0.3463,0.1246
25.2224,6.5708,0.1278,0.0822
20.7427,3.1743,0.735,0.2068
24.8179,6.8361,0.7805,0.5242
23.7391,2.9727,0.6776,0.1748
29.5529,4.904,0.1702,0.0786
20.2508,5.0004,0.9535,0.457
26.0619,2.0348,0.2378,0.0366
22.0471,3.2031,0.8678,0.2463
27.5368,3.2329,0.4752,0.1352
27.5662,5.739,0.8096,0.4469
29.525,6.5927,0.1431,0.0917
21.4961,2.5473,0.1995,0.0423
23.9496,1.9148,0.5543,0.0781
22.1272,7.5149,0.9605,0.7179
22.6802,4.9941,0.5412,0.258
26.5154,3.3868,0.7381,0.2225
25.3378,7.6037,0.4869,0.3665
20.8219,1.5998,0.7701,0.0808
21.8395,2.3575,0.3364,0.0643
20.7964,1.5558,0.9457,0.0942
28.1311,4.4644,0.5563,0.2314
20.3389,1.3114,0.7257,0.0497
21.7176,4.5864,0.9012,0.3907
23.682,6.0577,0.1422,0.0839
24.5969,4.9536,0.3603,0.1696
26.5379,5.8355,0.4651,0.262
27.668,3.0303,0.9835,0.2582
26.544,2.2504,0.6583,0.1171
29.767,3.1733,0.1129,0.0313
23.185,2.1807,0.8651,0.148
20.6332,4.086,0.3855,0.1466
20.9753,6.7448,0.5143,0.3427
24.9758,5.4512,0.9811,0.5138
24.1203,2.6135,0.4821,0.1054
27.2492,4.3023,0.5372,0.2145
26.4388,3.3469,0.5384,0.16
20.5714,7.5626,0.0747,0.0564
29.6327,7.9074,0.5599,0.4365
23.5242,3.4576,0.1446,0.0449
21.7285,5.1858,0.5021,0.25
24.9479,1.547,0.5948,0.0582
24.9215,6.0548,0.9875,0.5809
25.1855,1.7165,0.4861,0.0573
26.3783,3.5471,0.2026,0.0646
24.7413,1.9933,0.0734,0.011
20.4335,1.9627,0.1608,0.0237
20.8198,1.4821,0.8852,0.0801
21.3246,2.1035,0.5756,0.0938
25.0811,2.4698,0.1533,0.031
28.7649,3.9176,0.8093,0.289
28.4328,5.0563,0.3985,0.1908
25.134,2.0147,0.0689,0.0105
29.633,6.2763,0.2582,0.1568
24.7603,1.5233,0.7423,0.0705
28.6424,2.8675,0.0529,0.0129
20.5422,1.354,0.282,0.0209
23.0434,5.2796,0.1282,0.065
29.7042,2.9875,0.4418,0.1136
22.8599,6.1342,0.7128,0.4268
26.8306,4.1657,0.1707,0.0657
22.8641,6.5798,0.8741,0.565
29.9066,2.1515,0.1243,0.0206
22.056,4.3051,0.6027,0.2429
23.1449,5.0528,0.9362,0.4518
28.7704,1.5068,0.6075,0.0561
24.0102,3.8197,0.7377,0.2578
29.5206,5.6959,0.0672,0.0366
29.0012,2.3945,0.2089,0.0403
20.4545,3.0489,0.3644,0.0976
26.4338,2.8619,0.0178,0.0043
22.6065,3.5034,0.8183,0.2587
22.6479,5.6982,0.5853,0.3232
27.8353,7.7318,0.2115,0.1615
21.1231,7.7038,0.8104,0.6232
29.5778,2.9774,0.8374,0.2144
29.0079,5.086,0.798,0.3842
25.4043,3.119,0.1184,0.0323
29.7637,7.9399,0.5754,0.4505
21.9041,5.9024,0.5484,0.3152
28.9064,4.6433,0.1136,0.0494
25.6968,3.051,0.375,0.0996
20.5912,5.1489,0.1962,0.0971
21.0976,2.498,0.5207,0.1078
25.598,1.6572,0.7922,0.0878
21.1223,4.1167,0.3694,0.1416
24.5094,7.2994,0.726,0.5238
22.5434,4.6691,0.5134,0.2269
29.0373,5.6038,0.8394,0.4502
24.5681,1.9654,0.7983,0.117
26.7741,1.5044,0.5305,0.049
27.6148,6.1199,0.1485,0.088
28.3158,3.006,0.8994,0.2335
21.4924,3.533,0.7123,0.2279
23.1892,3.2451,0.7194,0.207
25.1441,5.173,0.0306,0.0151
29.0095,6.7376,0.0622,0.0409
29.1236,7.1433,0.6528,0.4566
21.5368,4.8458,0.4766,0.22
26.682,3.4686,0.8601,0.2668
20.1683,5.37,0.4498,0.2335
29.392,7.7843,0.1482,0.1137
21.1259,3.4859,0.932,0.2936
22.0876,7.2725,0.1057,0.0763
21.3778,1.8754,0.9028,0.1237
23.0902,6.4029,0.5254,0.3296
23.8899,5.6644,0.2478,0.1357
26.4835,2.9592,0.7065,0.1804
26.251,7.1841,0.466,0.3295
26.9517,4.7654,0.0349,0.0157
29.8212,3.431,0.6185,0.1884
26.2456,3.2349,0.5982,0.1706
28.639,1.592,0.8848,0.0908
25.1017,6.9659,0.8958,0.6138
25.2488,6.345,0.34,0.2104
23.2367,2.7654,0.8486,0.1999
23.5207,2.9091,0.625,0.157
26.6384,4.6283,0.2692,0.1169
29.856,1.8504,0.955,0.1263
24.7147,4.2921,0.6177,0.2469
28.0572,5.1202,0.7111,0.3454
20.7222,6.0609,0.2654,0.1574
26.593,5.2288,0.0561,0.028
21.5315,3.4902,0.0633,0.02
29.561,4.0625,0.2504,0.0932
23.3283,5.8617,0.4081,0.2323
26.687,3.703,0.102,0.0342
25.3445,3.7273,0.1825,0.0618
24.6039,6.5819,0.845,0.5448
22.8946,7.5857,0.3225,0.2432
25.0275,5.2312,0.6799,0.34
29.9258,3.056,0.6698,0.177
25.1029,6.2954,0.5003,0.307
23.7385,2.3366,0.347,0.0653
24.2269,4.7987,0.0711,0.0323
20.9223,3.591,0.6704,0.2189
27.7998,6.3661,0.3872,0.2394
27.8057,7.4067,0.9291,0.6772
24.1781,5.2931,0.2624,0.1331
21.762,2.2761,0.1459,0.0266
27.7668,4.9058,0.2666,0.1235
20.7124,3.038,0.5258,0.1401
23.3812,3.2048,0.6315,0.1789
24.6702,1.2288,0.0819,0.0046
26.8345,1.2131,0.6188,0.0333
22.6273,6.4811,0.0522,0.0332
28.4527,7.5935,0.7786,0.5823
26.5041,5.5388,0.4954,0.2634
23.2092,3.5734,0.7613,0.2462
23.4284,1.662,0.1489,0.0166
21.7561,3.9112,0.8304,0.2995
25.4356,1.5657,0.6,0.06
28.5409,5.2218,0.6897,0.3422
20.9665,6.4326,0.333,0.2107
22.5369,3.031,0.2096,0.0555
26.4212,1.5526,0.7399,0.0727
25.2581,1.7918,0.094,0.0119
23.5081,4.5553,0.2431,0.1042
23.7241,7.9468,0.0726,0.0574
22.0431,1.9346,0.2856,0.041
27.2365,5.1222,0.5712,0.278
21.8998,6.9819,0.8622,0.5954
23.1437,2.1443,0.9962,0.1664
24.9153,2.9841,0.8141,0.2106
24.0556,6.7996,0.8098,0.5414
22.9892,2.7744,0.7563,0.179
24.1875,1.7754,0.5178,0.0647
25.2864,7.2585,0.7239,0.5184
29.3949,3.0207,0.5187,0.1352
29.8327,7.3742,0.2521,0.1823
25.0173,5.7608,0.2223,0.1238
26.4761,6.9166,0.0719,0.0488
25.7372,4.2828,0.7713,0.3071
29.6482,4.556,0.353,0.1499
27.7084,5.9381,0.6628,0.3798
26.9596,1.4449,0.004,0.0003
25.4922,6.339,0.554,0.3423
26.2803,2.4944,0.1145,0.0235
24.714,1.9882,0.2019,0.0301
27.6699,5.4902,0.0422,0.0222
22.4706,1.4244,0.1929,0.016
28.6931,7.7646,0.7517,0.5756
24.968,1.2739,0.3318,0.0208
21.598,7.2397,0.6465,0.4646
20.791,7.6944,0.8058,0.6192
29.517,7.7488,0.369,0.2815
25.8672,4.1721,0.2156,0.0832
21.5348,4.0351,0.4546,0.1701
21.4988,4.1931,0.6642,0.2599
21.5921,4.3286,0.298,0.1209
22.1475,3.5673,0.4438,0.1435
23.3744,7.4231,0.9011,0.6632
24.6349,5.5725,0.8279,0.4446
27.7336,5.3965,0.5177,0.2669
24.575,6.4588,0.167,0.1055
21.9468,4.2312,0.1785,0.0705
26.0392,6.092,0.4135,0.2444
28.5911,6.5573,0.0624,0.0398
22.9532,3.7551,0.67,0.2299
21.421,3.3355,0.6621,0.1977
25.9201,2.8767,0.8236,0.2031
24.3492,2.2781,0.0665,0.0121
27.8444,4.4131,0.3542,0.1454
25.3592,3.4286,0.8081,0.2478
21.4211,4.0966,0.7201,0.2743
25.2633,2.2675,0.7464,0.1345
20.9042,5.2242,0.3206,0.1612
21.8218,3.7457,0.6641,0.2276
26.1529,2.1797,0.6774,0.1153
21.3331,4.2036,0.7062,0.2772
29.4755,3.9474,0.7524,0.2708
21.3084,7.1041,0.0402,0.0283
23.0547,6.081,0.216,0.128
28.9251,3.4929,0.5651,0.1761
26.4523,7.6855,0.4724,0.3591
20.4184,7.9451,0.9051,0.7203
28.1086,2.7448,0.1116,0.0258
20.5822,6.2503,0.2573,0.1578
20.7104,5.2951,0.8582,0.4382
24.8732,3.4168,0.2702,0.0826
29.0258,4.7602,0.0933,0.0417
21.7256,1.8619,0.8175,0.1107
22.8756,2.1948,0.552,0.0954
20.8024,1.8471,0.3508,0.047
21.7048,6.3684,0.4362,0.2726
26.0231,6.2712,0.9468,0.5777
27.991,2.7464,0.2062,0.0478
26.3073,4.6914,0.6354,0.2805
29.3132,2.4731,0.7118,0.1434
26.397,3.2584,0.0361,0.0104
28.6979,5.8698,0.3117,0.1761
21.6562,3.1497,0.4274,0.1189
28.2739,7.0315,0.0213,0.0147
27.6641,4.4678,0.0206,0.0086
22.8895,7.9395,0.6632,0.5252
28.5872,3.9917,0.5965,0.2178
27.1008,7.3869,0.8021,0.5836
21.8191,1.4833,0.6976,0.0631
28.0379,4.8179,0.4498,0.2041
23.8156,3.9207,0.6276,0.2262
27.5236,4.0976,0.7158,0.27
22.3188,2.8265,0.3293,0.0799
28.1367,2.089,0.4078,0.065
22.6241,4.1146,0.8935,0.3414
27.787,3.7617,0.4646,0.1584
29.081,2.1209,0.8885,0.1446
22.5545,2.9111,0.0191,0.0048
21.1143,7.662,0.4045,0.3093
25.6075,7.7515,0.0769,0.0591
23.5771,6.138,0.4577,0.2739
28.5602,3.4409,0.7813,0.2393
26.118,2.0492,0.8849,0.1377
29.622,5.982,0.2219,0.1278
28.4731,5.3137,0.4566,0.2311
20.6256,3.7653,0.9192,0.3177
26.55,7.5086,0.0997,0.0739
20.2913,1.4188,0.8413,0.0695
20.9194,6.0471,0.9979,0.5901
21.322,4.1576,0.0132,0.0051
28.5104,4.2364,0.9675,0.3786
26.5309,2.0494,0.3006,0.0467
25.9581,2.2859,0.7694,0.14
23.1932,2.0492,0.695,0.1087
28.0764,5.4862,0.4178,0.2192
21.3036,6.8545,0.8638,0.5854
22.2262,1.561,0.9487,0.0948
20.8598,7.7996,0.8599,0.6704
27.7275,6.557,0.2457,0.157
25.2539,7.441,0.5005,0.3682
24.2107,2.2556,0.668,0.1197
20.8648,3.4431,0.0035,0.0011
25.6267,4.2292,0.5552,0.2179
27.5068,2.2847,0.8532,0.1548
22.7772,4.945,0.9178,0.4326
27.6029,1.2297,0.6324,0.0356
20.4084,1.9388,0.4853,0.0701
28.8142,2.2114,0.3576,0.0618
20.614,2.8606,0.8035,0.1985
24.1416,5.1831,0.3214,0.1593
27.8621,3.3005,0.0267,0.0078
20.6368,4.1733,0.7758,0.3024
29.1846,6.1931,0.0969,0.058
27.0044,6.9059,0.6046,0.4091
20.6693,6.0567,0.2345,0.139
23.4631,4.3982,0.9579,0.3947
24.4864,7.5243,0.3,0.2237
29.5929,6.13,0.913,0.5401
24.6035,3.0744,0.1166,0.0313
24.5752,3.3974,0.1028,0.0312
24.7747,3.15,0.7495,0.2074
20.7428,7.3486,0.997,0.7291
29.9088,5.9549,0.0706,0.0404
28.1055,6.8839,0.1292,0.087
21.8839,5.0889,0.0637,0.0311
28.2568,6.3991,0.0205,0.0127
23.9806,5.0234,0.3658,0.1751
21.4441,5.2638,0.9401,0.4763
20.7163,5.024,0.7455,0.3589
21.7934,7.5327,0.0074,0.0056
21.1587,7.4853,0.9653,0.7196
26.5811,3.3359,0.8721,0.2581
26.9092,2.0302,0.5954,0.0912
26.0801,1.7158,0.5436,0.0639
26.253,2.298,0.8211,0.1504
27.9041,1.345,0.5076,0.0366
27.8606,6.5706,0.95,0.6081
26.442,2.4394,0.086,0.0171
23.2118,5.6474,0.1021,0.0558
23.3041,7.8234,0.9113,0.7098
22.9695,4.5666,0.3495,0.1504
25.6199,2.1424,0.272,0.0452
29.0042,2.8135,0.5968,0.1423
29.7832,7.9043,0.5745,0.4476
20.5939,2.322,0.8047,0.151
29.4543,4.0302,0.2665,0.0983
26.4722,5.2052,0.7107,0.3526
29.0567,2.3076,0.9854,0.1807
25.7723,1.3281,0.4763,0.0334
24.3505,2.9867,0.6295,0.1632
23.4428,4.8106,0.2554,0.1166
29.2274,5.3894,0.1356,0.0696
23.2034,7.0167,0.6306,0.4369
28.774,1.4297,0.0913,0.0076
23.5201,1.9014,0.0738,0.0103
27.5058,5.2045,0.313,0.155
27.6026,4.4241,0.2137,0.088
29.9599,4.4112,0.1556,0.0636
20.0344,4.5488,0.3593,0.1548
22.6156,3.397,0.1959,0.0597
26.8473,7.6995,0.4451,0.3388
21.3253,2.5067,0.5435,0.113
27.7209,4.5412,0.0508,0.0216
29.2043,5.492,0.0728,0.0382
25.9957,4.6977,0.5833,0.258
22.0877,5.5091,0.3974,0.2116
22.0055,2.7865,0.6934,0.1653
28.8843,5.3105,0.1762,0.0891
21.2048,4.3453,0.1939,0.0791
26.7118,2.6944,0.9842,0.2229
21.5385,2.441,0.5044,0.1012
29.4377,4.1527,0.6428,0.2454
24.175,1.4982,0.433,0.0398
25.3409,3.2975,0.3454,0.101
27.6772,5.2542,0.5462,0.2733
27.4242,6.2752,0.1181,0.072
28.7183,7.4664,0.0228,0.0168
20.2737,5.2946,0.0666,0.034
22.8506,3.8717,0.6036,0.2147
22.5541,4.5613,0.581,0.25
25.098,4.348,0.3149,0.1277
27.5992,4.955,0.2163,0.1014
26.8953,4.461,0.3415,0.1422
21.2849,4.1809,0.4227,0.1649
28.0703,7.2337,0.519,0.3686
24.99,3.3243,0.0478,0.0141
24.669,7.1519,0.867,0.6117
22.0745,6.6871,0.5928,0.3906
26.913,2.7827,0.4094,0.0966
22.2953,2.0192,0.4924,0.0754
25.0892,7.7449,0.1622,0.1246
21.6688,4.8884,0.7298,0.3402
26.8047,2.6763,0.0188,0.0042
21.1892,3.1878,0.7506,0.2121
29.6867,4.5731,0.864,0.3684
20.7614,5.4897,0.7212,0.3834
21.715,2.2598,0.1239,0.0223
20.1561,6.4919,0.3325,0.2128
26.1337,7.8511,0.4462,0.3472
26.5188,3.7563,0.7281,0.2484
26.6848,5.1378,0.6054,0.2959
21.9614,2.0347,0.8134,0.1261
25.3472,2.2845,0.2464,0.0448
28.1321,6.2174,0.7815,0.4707
28.6593,2.3432,0.0615,0.0115
21.1664,2.4328,0.0346,0.0069
29.2585,7.6537,0.7142,0.538
28.51,2.5931,0.5326,0.1144
28.7115,2.0891,0.6435,0.1025
22.1403,4.7562,0.7006,0.3163
22.4241,5.171,0.5084,0.2521
25.3005,7.1761,0.8826,0.6243
27.4886,3.637,0.6488,0.2127
29.7913,5.0064,0.2126,0.1004
22.1326,7.1943,0.9945,0.7092
24.6715,5.5811,0.0098,0.0053
20.5442,5.481,0.9765,0.5183
28.0709,6.2111,0.9926,0.5972
29.5571,1.3327,0.5844,0.0411
28.3748,3.3206,0.801,0.235
25.3382,5.7022,0.8067,0.4438
26.2248,7.266,0.4746,0.3397
21.363,3.1237,0.9387,0.2586
27.3433,2.5369,0.646,0.1351
23.7376,7.7062,0.0261,0.02
24.6814,2.7607,0.5373,0.126
26.3798,2.1633,0.3739,0.0629
29.5091,7.8701,0.9388,0.7284
23.6887,3.5895,0.3342,0.1086
20.9127,5.6526,0.4068,0.2233
28.4857,3.0869,0.1242,0.0333
26.3068,1.3521,0.3298,0.0241
27.8517,3.736,0.0415,0.014
29.928,3.4401,0.5778,0.1765
20.9087,6.6854,0.6818,0.45
20.0259,4.692,0.4438,0.198
26.6769,6.4979,0.0662,0.042
21.0524,3.4261,0.0304,0.0094
22.3896,7.7362,0.2171,0.1673
26.1072,6.9574,0.5124,0.35
23.0639,2.9708,0.3349,0.0864
23.0404,4.5281,0.1599,0.0682
23.1694,6.5361,0.7172,0.4601
27.3097,7.0747,0.4369,0.3033
27.3135,7.7137,0.3517,0.268
26.5216,7.4087,0.9768,0.7137
23.7889,6.5765,0.6058,0.3908
22.4978,7.3972,0.981,0.7204
24.7584,7.2608,0.1605,0.1151
20.6406,7.4165,0.8665,0.6401
28.3275,1.8522,0.7951,0.1056
25.9445,5.4376,0.0452,0.0236
25.3045,4.898,0.5662,0.2629
23.3365,4.3184,0.1304,0.0526
22.7099,4.528,0.9609,0.4099
24.0925,6.0504,0.9471,0.5574
23.1264,6.179,0.455,0.2745
22.8847,6.3787,0.1837,0.1148
25.345,6.2836,0.0949,0.0581
27.437,6.6123,0.6752,0.4355
27.0182,7.9909,0.1174,0.0929
21.1445,5.2584,0.6006,0.3041
26.8678,2.386,0.892,0.1719
22.175,3.4666,0.6712,0.2097
26.735,2.0508,0.2959,0.046
21.516,7.135,0.2012,0.1424
28.8143,6.9147,0.5608,0.3788
21.788,3.163,0.01,0.0028
26.9894,5.6445,0.6045,0.3279
27.3412,1.4397,0.4775,0.0402
24.5885,3.3395,0.281,0.0836
23.375,7.5147,0.7762,0.5789
22.2683,3.7691,0.787,0.2715
22.5393,7.0517,0.2992,0.2086
22.8796,1.3383,0.8781,0.063
27.2463,4.471,0.4547,0.1897
20.8982,1.5246,0.8956,0.0857
23.3277,5.3319,0.0405,0.0208
21.5671,6.9824,0.2961,0.2046
24.7216,6.8989,0.332,0.2253
28.2887,7.7932,0.225,0.1731
26.4222,5.9743,0.18,0.1041
23.7227,4.7042,0.0547,0.0243
29.2913,5.4984,0.4929,0.2587
20.0814,5.7931,0.9158,0.5173
23.4298,1.4165,0.6596,0.054
24.1499,1.8857,0.0831,0.0114
21.4315,6.3444,0.4366,0.2719
28.7293,4.6746,0.721,0.3157
25.7074,3.3931,0.9487,0.287
29.976,3.0879,0.8991,0.2407
26.3396,7.7788,0.73,0.5623
27.4364,4.7142,0.5266,0.2333
28.2015,7.7795,0.3728,0.2863
24.664,4.0428,0.63,0.235
29.6886,2.8905,0.2215,0.0546
28.8847,7.2307,0.6659,0.4721
25.074,3.8602,0.4056,0.1433
20.5994,1.8325,0.9097,0.1203
29.0746,3.2713,0.6992,0.2013
26.6853,3.6175,0.5426,0.177
20.9421,2.8896,0.6897,0.1725
25.6094,2.7531,0.1396,0.0326
21.5647,7.2482,0.842,0.6059
25.4586,2.7795,0.0706,0.0167
20.9551,3.99,0.7367,0.2724
28.0498,4.304,0.6331,0.2525
28.9916,6.7779,0.5368,0.3548
21.1028,2.3551,0.0856,0.0164
28.3904,1.6614,0.8886,0.0985
26.7011,5.6102,0.8569,0.462
28.503,7.6847,0.5026,0.3807
20.5828,2.037,0.5991,0.0933
22.7632,6.3036,0.9943,0.6135
23.6639,2.2138,0.046,0.008
26.534,5.4836,0.9407,0.4946
29.731,2.6032,0.4179,0.0901
22.8541,3.824,0.1356,0.0475
25.1305,4.6445,0.2854,0.1248
23.0066,5.7039,0.9767,0.5396
21.7014,3.2206,0.6113,0.1747
22.2344,6.7223,0.3761,0.2491
24.1978,1.2845,0.2414,0.0155
23.5905,6.3805,0.5154,0.3218
23.8581,1.293,0.2735,0.0179
20.3001,3.8383,0.6617,0.234
22.8471,1.6149,0.6763,0.0719
22.7986,1.3749,0.4418,0.0338
28.61,3.6793,0.1908,0.0633
24.039,7.6675,0.4248,0.3234
21.8806,4.595,0.9328,0.4051
23.6312,5.7514,0.2942,0.1639
22.2919,6.0083,0.5607,0.3285
20.9027,1.6377,0.8868,0.097
28.7273,7.6001,0.1557,0.1165
24.2023,5.6508,0.256,0.1397
24.0927,7.2959,0.7368,0.5317
26.8171,1.5105,0.971,0.0904
25.9226,7.8451,0.0374,0.0291
27.9932,7.7553,0.8131,0.6225
24.571,2.737,0.9158,0.2124
29.2703,7.2274,0.6279,0.4447
26.9445,7.5948,0.3296,0.2472
20.3838,1.3702,0.5626,0.0429
21.8469,5.3408,0.4126,0.2123
23.189,7.949,0.0992,0.0786
20.2967,7.002,0.72,0.5001
29.6605,6.7747,0.595,0.3926
20.2565,6.5645,0.5598,0.3626
28.5255,5.9642,0.0997,0.0573
20.9383,7.9395,0.3787,0.3009
22.1602,2.2031,0.9633,0.1675
22.8907,2.7316,0.4303,0.0998
20.8314,7.5141,0.7906,0.5921
22.6758,4.7254,0.5813,0.2603
25.4748,6.7958,0.3234,0.2156
20.3276,1.3183,0.1903,0.0132
25.2533,4.7285,0.9329,0.4162
26.5355,7.2032,0.9192,0.6515
21.7801,6.8677,0.8997,0.6105
29.6669,4.5068,0.3188,0.1337
29.4777,7.7493,0.2425,0.185
24.4016,6.9072,0.8847,0.6013
24.0058,2.6988,0.1176,0.0268
26.5337,5.8105,0.9778,0.5481
28.2068,6.1769,0.6951,0.4156
28.372,6.4517,0.0298,0.0187
29.8015,4.3518,0.9045,0.3643
27.9582,6.0773,0.3857,0.2266
26.039,7.4717,0.3182,0.2348
27.5554,5.1489,0.0568,0.0278
25.7104,2.2659,0.5644,0.1015
29.2913,3.5685,0.0205,0.0065
23.6809,3.1671,0.5157,0.1439
29.5107,6.0622,0.5344,0.3124
27.6806,5.1908,0.3581,0.1767
21.2764,7.4683,0.1698,0.1263
22.6921,1.7716,0.7287,0.0909
21.9147,1.5771,0.36,0.0367
24.4103,4.7606,0.4621,0.2081
24.6205,3.0049,0.6741,0.176
28.8477,2.1445,0.1374,0.0227
24.4636,4.4945,0.3043,0.1283
25.5882,3.8283,0.9636,0.3368
29.279,6.9755,0.6982,0.4758
23.0421,6.0374,0.2468,0.1452
25.114,7.248,0.0673,0.0481
21.6687,3.9391,0.3621,0.1317
21.1096,7.7868,0.6208,0.4829
22.4269,4.8282,0.8366,0.384
20.2775,6.9744,0.5071,0.3508
24.4685,1.7858,0.0721,0.0091
23.8952,3.8133,0.7457,0.2601
21.7642,3.4712,0.0232,0.0073
20.3351,5.1849,0.1125,0.0561
28.2531,6.1195,0.9533,0.5641
26.8657,6.3045,0.0036,0.0022
26.2595,6.8182,0.0612,0.0409
28.9049,1.2399,0.4074,0.0235
22.7864,1.5019,0.4746,0.044
20.2165,3.9375,0.1349,0.0492
28.862,4.4706,0.9888,0.4114
29.9126,5.8306,0.6214,0.3477
21.5796,4.3152,0.9059,0.3664
29.4251,7.57,0.5971,0.4444
24.3936,1.7991,0.0472,0.006
27.174,4.8768,0.3327,0.1532
21.3297,7.6993,0.3197,0.2456
22.2329,5.2299,0.1424,0.0716
22.2453,3.5711,0.9479,0.3068
22.7833,3.5434,0.0154,0.0049
26.6722,7.8909,0.9048,0.7073
26.7236,5.4713,0.6738,0.3533
27.4508,5.0168,0.0844,0.0401
27.8197,5.4968,0.8745,0.46
27.6957,6.6408,0.4062,0.2631
26.0884,4.6682,0.2859,0.1255
24.6936,2.1011,0.6178,0.0999
27.1325,1.7541,0.1302,0.0159
27.661,6.0668,0.4796,0.2814
28.8319,7.6686,0.2435,0.1839
29.2409,6.1939,0.8375,0.5014
28.2418,3.8919,0.5856,0.2077
20.5755,2.9335,0.4544,0.1159
26.7102,4.9884,0.8732,0.4129
29.0227,4.2656,0.4896,0.193
24.3018,1.5977,0.5761,0.0599
27.3242,6.1784,0.3478,0.2083
29.8014,1.9902,0.3543,0.0525
27.9675,6.12,0.4003,0.237
23.5025,6.6774,0.9877,0.6482
23.869,4.3446,0.4313,0.1751
21.4363,6.8273,0.1329,0.0896
26.4308,4.3283,0.3057,0.123
25.1798,2.3061,0.8553,0.1578
26.9573,5.0138,0.7784,0.37
29.6543,2.8143,0.444,0.1058
22.325,3.5265,0.654,0.2085
20.1188,2.0834,0.7808,0.1257
27.8284,1.9772,0.3837,0.0564
24.9791,5.9766,0.3785,0.2194
27.6878,2.0916,0.8741,0.1398
23.1837,6.2574,0.5784,0.3537
25.8786,2.6277,0.0562,0.0123
24.8688,7.9853,0.742,0.5893
20.294,3.7915,0.5335,0.186
25.5109,3.722,0.5092,0.1721
27.0661,3.0308,0.9549,0.251
23.5428,1.3674,0.7076,0.0534
28.2081,6.4089,0.2957,0.1841
22.7655,4.1715,0.4689,0.182
22.1961,6.5589,0.8895,0.5736
22.1589,6.2548,0.1716,0.1051
25.4007,3.8379,0.479,0.1679
20.7249,4.9069,0.4676,0.2192
24.7869,3.3045,0.7544,0.2214
26.0766,2.7592,0.9488,0.2218
25.4113,2.3273,0.1445,0.027
29.8438,7.6634,0.8319,0.6269
29.817,3.1068,0.9697,0.2616
21.3163,3.5815,0.2606,0.0848
22.8598,7.8973,0.6887,0.5423
28.7081,4.9334,0.9245,0.4303
22.5584,2.0631,0.4134,0.0654
24.7745,3.9488,0.0144,0.0052
22.3188,6.8568,0.2402,0.1626
25.5046,5.0257,0.5918,0.2827
25.7248,7.4247,0.9987,0.7324
22.812,5.7472,0.2507,0.1397
28.5347,5.3375,0.9047,0.46
26.6687,7.4856,0.7852,0.58
20.6181,2.3353,0.4853,0.0918
20.1601,4.8387,0.1397,0.0646
28.3356,6.8287,0.6601,0.4403
26.8631,7.7396,0.7235,0.5538
25.2021,4.6093,0.0288,0.0125
25.2018,6.841,0.2227,0.1496
24.5406,6.1861,0.286,0.1723
27.3149,4.7864,0.1514,0.0682
28.0618,1.9432,0.7887,0.1129
28.925,3.5956,0.7713,0.2488
23.9679,3.8816,0.7441,0.265
23.5728,6.4171,0.8996,0.5652
24.0784,4.9047,0.578,0.2693
26.8097,6.7008,0.9094,0.5957
21.4554,5.9924,0.1639,0.0959
20.9788,7.8453,0.6781,0.5319
21.6228,2.1803,0.3564,0.0611
21.6578,2.9736,0.8719,0.2258
20.4215,2.6847,0.9485,0.2161
28.2126,2.2457,0.7484,0.1324
27.4194,6.9816,0.0942,0.0645
29.1604,6.8717,0.9969,0.6685
23.6459,7.2069,0.6913,0.4927
21.6782,6.3118,0.9083,0.5622
25.5187,2.812,0.0636,0.0152
26.2441,4.5696,0.1971,0.0845
26.2318,3.212,0.9235,0.2611
26.5126,5.6241,0.4983,0.2695
20.6834,5.3438,0.6436,0.332
26.3256,3.6883,0.1173,0.0392
23.0301,5.7565,0.7153,0.3992
28.0206,1.8501,0.0315,0.0042
27.6162,6.4048,0.2467,0.1536
28.199,7.2797,0.2697,0.1928
21.1861,4.503,0.3947,0.1677
29.1931,3.4788,0.3434,0.1064
23.4147,7.4531,0.7884,0.5828
29.0166,7.3826,0.7487,0.5427
29.4316,3.3339,0.857,0.2523
25.1524,1.8854,0.0008,0.0001
26.4207,6.9331,0.8586,0.584
27.1607,4.8737,0.8097,0.3727
26.0236,6.3996,0.7748,0.4833
28.0868,2.43,0.3386,0.0667
26.54,7.4173,0.4764,0.3485
28.1033,4.6114,0.6961,0.3004
25.1573,2.2061,0.4788,0.083
23.8008,6.2895,0.2506,0.154
22.3845,2.685,0.6625,0.1505
22.2442,4.8642,0.9033,0.4182
25.6206,2.3676,0.3524,0.0673
21.7849,7.5146,0.4724,0.3533
28.5404,3.3423,0.1087,0.0321
27.7476,5.1012,0.812,0.393
25.9155,6.7106,0.3192,0.2097
25.1463,5.428,0.7835,0.4082
25.4796,2.6893,0.2367,0.0536
21.6645,5.1665,0.3728,0.1849
26.0028,4.1243,0.6872,0.2618
25.3403,3.548,0.4095,0.1308
25.2073,3.8864,0.7632,0.2717
25.0816,7.8592,0.1239,0.0967
27.5378,4.932,0.0902,0.042
29.175,3.2456,0.328,0.0935
23.2298,5.6923,0.9282,0.5115
21.3679,3.5098,0.2594,0.0824
28.3675,2.2671,0.228,0.0408
21.9898,4.2062,0.1181,0.0463
26.2635,4.9769,0.416,0.1963
26.9301,6.5371,0.8685,0.5537
28.5617,5.2725,0.0907,0.0455
24.4864,2.9894,0.7194,0.1867
29.1852,2.6332,0.9199,0.2014
24.9172,5.1352,0.4757,0.2331
22.1328,7.1763,0.8359,0.5944
22.6968,2.0524,0.4159,0.0652
21.5956,4.9107,0.7241,0.3393
21.4265,1.46,0.954,0.0836
27.5267,3.8106,0.5539,0.1919
20.7882,4.9179,0.394,0.1852
29.9663,5.9418,0.0377,0.0215
23.0667,7.1251,0.5216,0.3675
23.7843,3.5086,0.3437,0.1086
20.6251,6.3429,0.5768,0.3596
21.3057,3.8351,0.3247,0.1145
27.5441,4.9896,0.9552,0.4511
27.1824,1.8702,0.4108,0.0555
22.9891,1.7887,0.378,0.0479
24.5093,1.7189,0.5771,0.0683
20.2561,7.1778,0.3969,0.2832
20.9809,4.8473,0.7416,0.3428
24.0068,4.1127,0.8794,0.335
23.583,2.9057,0.3009,0.0755
29.4353,1.7254,0.5614,0.0663
21.0317,4.6218,0.1663,0.0728
27.7966,5.379,0.0813,0.0418
23.922,1.3802,0.3383,0.0261
21.5721,2.7071,0.59,0.1356
21.3631,6.8259,0.6617,0.4463
23.2532,4.2553,0.8271,0.3282
25.1074,7.2317,0.1333,0.0951
28.1589,1.9687,0.9842,0.1437
23.5243,3.1487,0.9212,0.2553
22.061,4.782,0.5669,0.2576
28.3348,6.0675,0.3058,0.1793
26.964,2.4598,0.9841,0.1976
22.1057,4.3518,0.7213,0.2943
28.4427,5.2711,0.7334,0.3678
22.2855,3.9948,0.7642,0.2823
21.4056,6.3533,0.5878,0.3666
25.7676,2.1924,0.1028,0.0176
28.4748,7.2828,0.1465,0.1047
23.5499,5.3665,0.174,0.0898
22.6545,4.0267,0.578,0.2153
27.9116,3.5959,0.6752,0.2182
22.4831,4.8224,0.7866,0.3606
21.346,3.0747,0.1778,0.048
28.7065,3.5485,0.5341,0.1697
27.3858,5.8027,0.0884,0.0494
22.9419,4.6621,0.1799,0.0793
28.8442,5.2027,0.0771,0.0381
26.4701,1.3165,0.8512,0.0583
23.1593,7.9293,0.1671,0.1321
25.3967,4.8218,0.6329,0.2886
21.7626,6.8732,0.0888,0.0603
26.8209,2.779,0.196,0.0462
21.9087,3.7877,0.4064,0.1411
22.3461,5.1078,0.2685,0.1313
27.7296,2.5974,0.4702,0.1014
29.1587,2.4372,0.0075,0.0015
26.9631,6.0877,0.5629,0.332
25.2965,2.0482,0.5687,0.0885
24.9886,7.9459,0.6448,0.5092
28.3816,2.5872,0.6067,0.13
24.829,7.4676,0.6612,0.4887
22.9097,7.6528,0.2049,0.1559
28.7009,5.8156,0.2882,0.1611
23.8155,4.1336,0.6603,0.2531
28.393,2.5103,0.4411,0.0908
22.1564,4.6888,0.5436,0.2415
21.9665,7.4976,0.0919,0.0685
29.4222,7.475,0.0056,0.0041
28.5072,1.6677,0.8851,0.0987
29.5211,5.0633,0.3684,0.1763
22.5152,7.1656,0.8349,0.5924
27.9884,1.2553,0.8861,0.0531
29.3056,4.91,0.1871,0.0865
28.512,3.0007,0.6017,0.1558
21.1592,6.3364,0.4733,0.2945
22.8515,3.2117,0.935,0.2659
20.0937,6.994,0.7067,0.4905
29.7669,6.0488,0.686,0.3998
20.9902,7.4472,0.2008,0.1489
29.2547,3.7079,0.3045,0.1018
26.2352,3.801,0.8886,0.3076
28.6005,1.332,0.1121,0.0079
28.1976,2.7915,0.8361,0.1977
22.3829,6.5066,0.0404,0.0258
28.4709,5.2529,0.4649,0.2322
21.8348,4.4494,0.0434,0.0182
27.6981,1.7916,0.9411,0.1186
29.2035,1.6115,0.0853,0.0089
25.261,7.6794,0.0225,0.0171
28.043,2.9211,0.5152,0.1291
29.6675,7.218,0.2813,0.1988
23.7964,1.3155,0.008,0.0005
29.2148,5.3546,0.5393,0.2749
22.7292,1.4754,0.9288,0.083
29.2063,1.6705,0.9527,0.1064
20.0796,2.5964,0.4233,0.0924
22.8085,4.9923,0.965,0.4597
21.7395,4.6294,0.7264,0.3183
24.6755,5.8543,0.3599,0.2041
24.3148,4.3551,0.0835,0.034
20.5735,2.8865,0.787,0.1967
27.4832,2.1977,0.1119,0.0192
20.3522,2.8587,0.8127,0.2007
27.6406,3.5956,0.1651,0.0534
28.094,4.2051,0.7979,0.3098
26.7332,3.7346,0.4602,0.1559
20.2381,3.7674,0.3741,0.1295
22.2414,3.1901,0.6192,0.1748
21.0382,6.2817,0.6993,0.4311
29.0504,7.4906,0.3245,0.2389
24.514,2.2545,0.7072,0.1265
25.0147,5.6389,0.9263,0.5036
26.2455,2.3742,0.224,0.0429
22.4566,6.8871,0.6025,0.4096
28.0467,4.2814,0.5417,0.2147
28.5292,4.4401,0.1552,0.0641
24.0342,5.0836,0.5004,0.2427
29.9922,7.6846,0.468,0.3537
29.9878,3.5527,0.1599,0.0508
28.1857,4.2322,0.5458,0.2135
28.493,3.0374,0.3805,0.1
29.9561,7.4213,0.7595,0.5528
22.453,3.3645,0.1767,0.0532
28.0135,5.507,0.3602,0.1898
25.531,5.5611,0.6832,0.3654
28.2758,5.9317,0.0682,0.039
28.6874,7.2716,0.9883,0.7051
21.6974,4.0604,0.1309,0.0493
25.1657,3.3457,0.1242,0.037
21.085,4.9647,0.3895,0.1849
26.9905,5.7342,0.7255,0.4005
26.7431,7.7659,0.4391,0.3374
29.7995,2.7991,0.3013,0.0713
22.1266,4.5724,0.5336,0.2304
29.1395,2.8731,0.6979,0.1709
27.0843,6.6457,0.4176,0.271
25.5336,5.02,0.9376,0.4473
29.7975,7.3354,0.822,0.5909
21.885,7.3241,0.1989,0.1447
27.9168,3.6752,0.2089,0.0693
27.2689,5.6871,0.3248,0.1776
25.5601,7.636,0.4237,0.3203
28.1533,2.1711,0.0558,0.0094
21.9163,4.2747,0.6421,0.2567
26.3862,7.2334,0.8191,0.5833
22.0024,5.4905,0.5589,0.2965
20.1003,4.0091,0.5857,0.2181
21.7947,3.4106,0.8881,0.2722
24.9062,7.1472,0.97,0.6836
29.2765,6.3349,0.3505,0.2151
23.1261,2.0751,0.7317,0.1165
27.6179,7.2533,0.5891,0.4199
26.5752,2.6691,0.7769,0.1739
28.2286,1.757,0.6267,0.0764
20.5266,2.7806,0.4312,0.1028
26.2394,1.6595,0.8312,0.0923
25.8803,2.3878,0.4569,0.0883
21.049,2.5029,0.2265,0.047
24.7851,7.0463,0.7056,0.4898
28.008,7.9135,0.9701,0.759
22.7075,3.0773,0.719,0.194
24.0206,4.9931,0.668,0.3176
21.6519,4.9993,0.2688,0.1285
25.8244,4.9049,0.3546,0.1648
29.7922,1.9307,0.161,0.0228
22.8142,1.3405,0.6665,0.0481
23.7199,6.2316,0.4965,0.302
28.5849,7.54,0.1805,0.1339
20.3179,2.1072,0.2214,0.0362
29.7877,1.6138,0.256,0.0269
29.1402,2.5599,0.2633,0.0556
28.7592,4.098,0.346,0.1302
20.5684,1.9789,0.7768,0.1158
27.0179,6.3957,0.7183,0.4471
23.5633,3.2674,0.7921,0.2298
24.9302,7.0443,0.8521,0.5912
24.7392,6.0842,0.3002,0.1776
21.4929,7.6529,0.602,0.4593
28.0286,1.6913,0.4054,0.0464
28.3195,5.8927,0.0587,0.0333
22.801,2.1063,0.4887,0.0796
22.7143,5.4133,0.7511,0.3918
25.7384,6.2407,0.0403,0.0245
20.9655,4.273,0.1999,0.08
22.1649,4.5724,0.6016,0.2597
24.0345,2.2241,0.4913,0.0863
21.0835,7.1308,0.4182,0.2959
24.6979,6.2502,0.0925,0.0564
26.8357,1.3772,0.3326,0.0254
28.8194,1.8804,0.8855,0.1203
27.0433,5.8572,0.0248,0.014
21.0491,6.0304,0.6909,0.4072
24.2426,3.8534,0.1855,0.0655
29.933,3.9594,0.3218,0.1162
25.1711,2.9839,0.5427,0.1403
23.3152,5.5231,0.541,0.2882
23.5543,6.5048,0.2037,0.1299
20.2873,2.629,0.311,0.069
25.6723,5.8576,0.2013,0.114
27.5251,5.4342,0.2911,0.1513
29.5742,4.6523,0.7421,0.3227
28.1865,2.9845,0.7117,0.1832
25.819,1.7561,0.4177,0.0511
24.9043,7.9628,0.8031,0.6358
20.2228,2.6526,0.4687,0.1052
28.4348,5.1448,0.423,0.2065
25.3128,2.9858,0.7564,0.1957
28.3623,2.4492,0.3372,0.0671
25.978,4.9509,0.3187,0.1496
28.7708,6.9475,0.5255,0.3568
25.2325,1.8818,0.9246,0.1266
27.9846,5.5703,0.677,0.3613
20.4456,6.4798,0.4508,0.2878
27.6285,2.8794,0.9979,0.2457
29.7864,3.3617,0.0267,0.0079
27.0281,2.2091,0.1342,0.0232
24.3069,6.8715,0.1995,0.1349
24.9157,6.587,0.6085,0.3925
27.7171,3.6661,0.378,0.1251
23.8463,3.3822,0.2445,0.0739
21.8952,4.4177,0.7024,0.2917
27.3999,2.0827,0.4149,0.066
22.2788,6.062,0.0836,0.0495
23.3813,3.2525,0.1109,0.032
24.2614,7.6507,0.7402,0.562
28.5,5.5976,0.9098,0.4878
29.6414,3.2009,0.679,0.1901
26.5672,7.901,0.7628,0.5972
21.6775,7.9173,0.4208,0.3329
26.366,3.7669,0.7372,0.2524
26.9993,6.4592,0.1911,0.1202
24.4854,7.0436,0.9018,0.626
23.9459,7.5339,0.7827,0.5848
25.4956,7.314,0.6196,0.4473
27.1284,5.5864,0.1889,0.1013
21.1205,2.2052,0.3686,0.0643
24.6309,1.2243,0.6726,0.0375
26.4564,1.3848,0.2472,0.0191
21.3558,7.3208,0.8106,0.5898
27.4404,3.9149,0.1942,0.0695
21.3309,7.077,0.4969,0.3486
26.2435,4.7188,0.6611,0.2938
28.7794,5.1147,0.1106,0.0536
24.4424,3.515,0.616,0.1949
29.144,7.5214,0.0478,0.0353
20.82,2.1284,0.057,0.0095
29.9945,6.3454,0.8808,0.5408
29.3906,3.4159,0.1987,0.0602
21.2346,5.0086,0.703,0.337
29.1654,1.4024,0.4451,0.0353
23.0961,3.4692,0.7768,0.2425
20.8467,6.4636,0.3772,0.24
29.076,5.9951,0.1681,0.0971
29.9287,2.7671,0.1121,0.0261
29.671,3.3767,0.2846,0.0851
21.8484,7.8567,0.3719,0.2917
23.8291,7.9888,0.0539,0.0429
26.628,3.7881,0.9767,0.3365
29.6681,7.8369,0.3019,0.2331
25.7089,5.5337,0.5059,0.2691
24.285,7.8171,0.4057,0.3152
28.8873,5.8834,0.9521,0.539
29.8882,1.8976,0.735,0.1011
23.6058,4.7421,0.2619,0.1176
22.838,1.332,0.616,0.0437
27.356,6.3175,0.6179,0.3792
25.7144,3.0769,0.9237,0.2479
24.2555,5.4578,0.359,0.1885
20.0601,7.1998,0.3113,0.223
28.2825,6.3623,0.3975,0.2455
24.5576,3.4063,0.0413,0.0126
27.7992,2.0238,0.7003,0.1067
22.0586,3.2578,0.8493,0.2461
24.1493,3.0707,0.8779,0.2357
27.2565,2.5773,0.6503,0.1389
20.5168,2.3715,0.9757,0.1885
27.3054,7.6509,0.1692,0.1278
26.0126,1.6721,0.5173,0.0582
27.4658,2.2595,0.1023,0.0183
25.1568,7.6991,0.7999,0.6105
28.4385,6.3501,0.2661,0.164
21.2251,1.9899,0.8886,0.1334
27.4344,5.351,0.8434,0.4309
25.6798,4.6678,0.1162,0.0511
27.2052,1.2469,0.79,0.0464
23.4136,4.0887,0.4637,0.1757
22.8425,5.2048,0.5114,0.2552
28.2399,3.3009,0.4735,0.138
28.0774,3.2281,0.859,0.2437
25.0705,4.1681,0.0054,0.0021
21.0223,3.9501,0.9101,0.3325
21.3548,7.9108,0.5023,0.3972
24.459,7.5183,0.3327,0.2478
26.0671,1.9575,0.4587,0.0666
25.3677,7.0975,0.1174,0.0821
28.1481,3.6367,0.9712,0.318
22.8366,6.8408,0.489,0.3298
23.3862,3.9322,0.2955,0.1069
26.1199,2.6648,0.4777,0.1068
28.4942,5.6499,0.8506,0.4608
24.3767,2.5022,0.0138,0.0029
23.743,3.8573,0.8985,0.3178
23.0202,1.8334,0.9301,0.1226
20.2625,7.4542,0.8486,0.6308
28.7948,4.1486,0.3466,0.1323
22.9301,5.1094,0.7325,0.358
27.8486,6.5199,0.5364,0.3405
29.396,3.2225,0.4343,0.1227
25.9267,3.2094,0.2294,0.0648
23.7246,7.6207,0.6693,0.5064
26.823,4.416,0.9629,0.3964
20.4416,6.9637,0.0729,0.0504
27.1554,7.0169,0.4609,0.3172
21.0509,1.257,0.1779,0.0108
24.1674,5.6102,0.9099,0.4926
28.5721,4.0277,0.3219,0.1188
24.3602,4.254,0.8938,0.3539
21.7197,7.2609,0.8502,0.6128
20.4409,3.9484,0.7023,0.2567
23.6779,1.5448,0.8517,0.0832
22.8126,3.6535,0.1053,0.035
29.8122,4.8267,0.1173,0.0532
21.1138,1.3109,0.8462,0.0578
23.7529,3.2616,0.8644,0.2501
25.2563,4.782,0.3656,0.1652
20.2415,2.7508,0.4086,0.0961
22.7762,1.7906,0.9407,0.1194
27.6701,5.7658,0.4193,0.2326
29.9783,1.6625,0.8958,0.0991
22.2187,5.2287,0.158,0.0794
23.3247,4.5153,0.8083,0.3433
28.8149,3.2023,0.4449,0.1248
27.3034,4.3426,0.0349,0.0141
22.9958,7.3962,0.1959,0.1437
27.2852,3.9175,0.6157,0.2204
26.4866,2.8223,0.7829,0.1883
26.5365,1.8034,0.0359,0.0046
27.4854,3.3809,0.4516,0.1356
26.6462,3.5154,0.2965,0.0935
29.0425,4.8709,0.088,0.0403
20.6657,7.5831,0.6726,0.5089
22.6698,5.0787,0.0691,0.0335
26.7016,2.6197,0.9602,0.2097
21.6807,4.4806,0.7506,0.3169
27.7217,6.1349,0.1709,0.1015
25.1712,5.4743,0.3497,0.1839
23.783,5.9537,0.3485,0.2016
25.4883,2.0488,0.7853,0.1223
25.8857,4.8654,0.408,0.1878
26.5171,4.9947,0.5482,0.2597
27.2054,3.197,0.4725,0.1326
22.7601,2.7656,0.1022,0.0241
22.0397,1.6882,0.4597,0.0529
27.4683,7.0463,0.2922,0.2019
26.3005,7.0284,0.1178,0.0813
24.689,7.9361,0.1907,0.1505
25.3032,1.5817,0.2896,0.0295
26.0334,4.4494,0.0579,0.0241
21.4669,6.9164,0.5847,0.4
24.1221,2.2993,0.7874,0.1449
21.0758,5.1491,0.3119,0.1543
24.0648,3.6515,0.0077,0.0026
21.5687,4.0742,0.8796,0.3328
26.1685,4.0437,0.8537,0.3178
25.9963,6.0394,0.2475,0.1449
22.5326,6.5776,0.865,0.5593
21.1432,2.0244,0.1064,0.0164
20.0112,4.9004,0.4751,0.2227
23.904,3.696,0.0091,0.003
22.53,5.5945,0.7126,0.3857
20.16,2.7332,0.9791,0.2284
26.5273,5.7962,0.4113,0.23
22.1719,5.1404,0.333,0.1641
24.9834,6.6608,0.9325,0.6087
23.7986,3.067,0.0715,0.0192
22.1306,1.9462,0.8999,0.1304
24.5609,7.9108,0.9379,0.7378
24.4754,4.4221,0.975,0.4036
23.7454,6.7048,0.5309,0.3498
29.8469,7.7742,0.4317,0.3303
28.8938,3.9272,0.8645,0.3096
22.2228,4.8386,0.8821,0.406
21.2046,3.0551,0.0989,0.0265
21.3289,5.7962,0.7125,0.4018
23.6276,5.6523,0.0867,0.0474
23.0684,6.628,0.5694,0.3709
22.2572,5.6578,0.912,0.5
29.5989,4.9484,0.6657,0.3104
28.9107,5.2058,0.0502,0.0248
20.8879,1.6048,0.2993,0.0316
23.3475,1.8572,0.9933,0.1336
28.5367,4.0427,0.7056,0.2615
20.7214,4.4009,0.9569,0.3964
20.1019,7.2869,0.5943,0.4311
25.9764,1.8178,0.3915,0.0507
29.2058,5.7596,0.8165,0.4513
25.2689,2.7226,0.3035,0.0698
28.9667,7.4447,0.4768,0.3488
24.6799,2.2852,0.8661,0.1579
23.7797,4.072,0.598,0.2253
27.0582,5.8358,0.791,0.4452
29.1991,6.0225,0.5203,0.3021
21.2835,3.7478,0.0747,0.0256
27.5067,6.1127,0.3107,0.1839
23.9092,2.4674,0.5023,0.1018
26.188,7.3517,0.545,0.3952
27.0,6.2361,0.3781,0.2289
20.1868,5.0139,0.7561,0.3635
21.4618,5.4335,0.4958,0.2603
29.4387,4.5054,0.9095,0.3814
24.7862,1.8188,0.2883,0.0374
25.6514,5.1881,0.9701,0.4802
25.4729,3.7214,0.8592,0.2904
25.0288,5.2025,0.4741,0.2356
20.0067,5.9431,0.3275,0.1903
24.9806,6.3611,0.6178,0.3836
20.7293,3.253,0.5284,0.1532
27.653,5.0566,0.2403,0.1152
20.3181,3.8364,0.4726,0.1671
22.9647,6.0264,0.8812,0.5173
23.1303,4.0225,0.31,0.1153
25.9567,3.4979,0.2802,0.0879
23.7343,2.8729,0.9037,0.2233
25.5268,6.9188,0.9596,0.6522
28.9673,6.6649,0.9718,0.6306
26.3244,5.2894,0.2063,0.1042
21.0585,5.9148,0.4817,0.2779
20.0124,2.6384,0.304,0.0678
23.3578,7.2458,0.4076,0.2923
22.1061,7.4169,0.615,0.4533
21.9869,4.6024,0.9656,0.4201
25.3731,2.0474,0.0058,0.0009
27.8612,1.8698,0.6798,0.0917
25.3135,5.503,0.4101,0.2169
29.7366,1.5656,0.3621,0.0359
23.8711,1.8401,0.9537,0.1263
24.477,2.9451,0.0978,0.0249
20.0366,2.5238,0.9129,0.1919
29.7947,3.9658,0.7605,0.2751
22.3144,7.8052,0.8813,0.6859
24.9438,1.481,0.1463,0.0131
21.4405,7.3083,0.2189,0.159
24.7772,7.4638,0.7141,0.5275
23.9352,1.8484,0.3132,0.0418
20.1532,3.457,0.3982,0.1244
28.2994,7.061,0.8383,0.5798
20.5031,3.3837,0.609,0.1853
29.5613,4.6836,0.2546,0.1116
20.9418,7.9608,0.0468,0.0373
20.265,2.8179,0.3223,0.0782
25.9307,5.338,0.1638,0.0837
21.9994,1.427,0.9964,0.0831
26.9317,7.2316,0.641,0.456
20.2146,7.7895,0.7131,0.5558
21.4334,3.5143,0.9686,0.3079
28.5327,1.2161,0.5442,0.0295
29.8384,3.7699,0.0246,0.0084
29.5931,5.4621,0.2311,0.1204
28.1611,5.5845,0.844,0.4516
29.7679,7.7705,0.7948,0.608
28.3563,7.8184,0.6084,0.4696
26.6651,7.8919,0.584,0.4566
24.9706,4.6032,0.5672,0.2456
29.7995,1.6443,0.3537,0.0384
24.7296,7.8025,0.1583,0.1227
21.4908,3.9587,0.2956,0.1082
29.3599,3.2173,0.2857,0.0805
24.2412,4.766,0.0035,0.0016
22.2788,1.2124,0.7675,0.0416
22.6987,7.5482,0.3759,0.282
27.4148,2.2377,0.2559,0.0451
20.2922,4.9172,0.2976,0.14
23.0335,2.1849,0.8169,0.1402
28.9182,4.8648,0.1668,0.0764
28.1964,1.3672,0.3586,0.0269
21.1442,7.6346,0.5977,0.4551
28.923,6.6896,0.1941,0.1265
22.3212,4.7275,0.4799,0.2151
25.7334,5.4632,0.5768,0.3024
21.2123,2.4624,0.8065,0.1637
23.2101,4.5372,0.1824,0.0779
27.1347,5.0214,0.9646,0.4592
24.7865,4.0928,0.4076,0.1542
26.2526,2.8955,0.3551,0.0883
28.991,6.1856,0.7282,0.4355
28.1217,2.6909,0.2553,0.0576
25.3111,7.9424,0.9205,0.7263
27.7031,6.5706,0.3298,0.2112
25.3409,1.5787,0.936,0.0951
24.3583,6.9772,0.7144,0.4909
23.9814,2.9074,0.6202,0.1555
22.0905,5.8587,0.6235,0.3554
27.096,2.5271,0.7877,0.1639
20.9842,1.94,0.6843,0.0989
25.7338,6.5774,0.142,0.0913
24.8446,3.3238,0.6209,0.1835
20.9627,4.5707,0.3848,0.1664
21.0339,4.4486,0.8905,0.3733
29.0648,3.5923,0.987,0.318
26.5386,1.398,0.1882,0.0149
23.1151,4.3764,0.8972,0.3678
21.8125,4.7049,0.0758,0.0338
24.1472,4.3191,0.4082,0.1646
28.5097,2.6654,0.5143,0.1145
22.7849,2.6155,0.3176,0.0697
21.3726,7.0379,0.6194,0.4319
27.8012,5.5013,0.3797,0.2
22.3742,6.5594,0.0805,0.0519
27.4022,3.9472,0.7825,0.2826
24.6375,6.3778,0.8978,0.5593
20.3187,2.6252,0.9044,0.2002
29.6869,5.3011,0.4199,0.2115
24.8184,6.2999,0.8673,0.5329
23.6077,4.1302,0.1609,0.0617
22.0277,7.332,0.3698,0.2692
20.6594,2.2879,0.2565,0.0472
29.4504,5.398,0.648,0.3332
28.0724,5.6748,0.892,0.4859
21.7697,1.5612,0.3681,0.0368
26.3576,6.5699,0.2303,0.1478
25.7539,5.3893,0.2212,0.1142
27.5286,4.0614,0.2593,0.0968
24.3261,6.0872,0.3654,0.2164
26.0546,4.4367,0.4077,0.1689
20.2884,4.633,0.7477,0.3287
26.1962,7.9624,0.865,0.6833
24.0966,6.4102,0.6866,0.4305
29.9343,2.0681,0.9478,0.1485
26.0494,6.716,0.5161,0.3393
25.6287,7.8141,0.2287,0.1772
22.7602,4.037,0.1503,0.0562
21.926,3.7904,0.5401,0.1877
28.9148,4.0574,0.9193,0.342
26.2558,4.5872,0.8104,0.3487
25.7325,6.2932,0.6912,0.4235
26.5513,5.1817,0.138,0.0681
29.6136,6.8457,0.155,0.1034
21.9975,6.9931,0.0343,0.0237
20.1468,6.3969,0.6427,0.4047
22.618,1.9374,0.4866,0.07
25.8035,4.3126,0.8118,0.3257
25.8152,7.5327,0.4358,0.3246
27.6609,4.8293,0.0472,0.0215
29.2874,5.832,0.913,0.5116
28.4018,7.5672,0.9714,0.7238
27.4578,6.7885,0.3226,0.2141
22.7869,3.5448,0.9966,0.3194
20.5132,4.634,0.2161,0.095
29.826,3.7541,0.7612,0.2581
21.7043,7.7605,0.884,0.6845
21.6859,4.8754,0.6768,0.3145
26.2283,4.4612,0.8477,0.3534
21.0461,2.438,0.0582,0.0117
22.966,4.109,0.4451,0.1697
29.8749,1.7272,0.6177,0.073
21.4829,2.742,0.7708,0.1802
26.8681,5.6569,0.7941,0.4319
27.1932,6.3126,0.3493,0.2142
29.687,2.2905,0.1398,0.0253
27.8817,3.1364,0.2988,0.0818
23.5039,7.2031,0.8247,0.5875
20.3248,6.4597,0.245,0.1559
22.4083,3.4093,0.4203,0.1286
27.3961,4.6735,0.3672,0.1611
25.151,2.3282,0.7794,0.1457
26.0186,4.4845,0.1521,0.0638
26.5756,4.3411,0.1854,0.0749
21.3827,7.1151,0.4557,0.3215
29.6134,3.842,0.2349,0.0819
22.2557,1.6571,0.0568,0.0063
26.6243,2.0694,0.0367,0.0058
28.5038,4.52,0.3199,0.1349
22.4145,6.6149,0.1185,0.0771
24.8689,2.384,0.7134,0.1378
24.3946,5.6871,0.6549,0.3598
28.8643,5.9355,0.9672,0.5529
25.8805,1.3779,0.6277,0.0481
23.622,2.3854,0.2277,0.0441
24.343,2.9838,0.2888,0.0748
22.1978,6.874,0.3703,0.2513
29.1334,4.0355,0.2252,0.0832
27.1201,1.5595,0.8146,0.0806
22.5234,1.6118,0.9613,0.1019
25.4341,4.1365,0.8735,0.3342
21.4306,6.5806,0.753,0.488
22.0092,1.6083,0.9944,0.1051
25.7862,6.2357,0.6735,0.4086
21.7821,3.372,0.5325,0.161
23.6919,6.2847,0.9816,0.6027
26.5894,5.0662,0.4331,0.2084
22.0711,2.8912,0.5898,0.1473
29.181,5.6015,0.7023,0.3764
21.9024,5.233,0.5034,0.2532
28.4139,6.6981,0.4718,0.3081
22.3707,3.8628,0.0589,0.0209
27.6303,4.9922,0.5496,0.2597
24.4091,7.8206,0.7076,0.55
29.5758,5.3306,0.1885,0.0955
29.1593,2.1561,0.9541,0.159
26.7337,7.9521,0.6263,0.4936
28.6095,3.0017,0.9525,0.2467
29.9337,1.9005,0.756,0.1043
23.4282,6.4233,0.9578,0.6026
21.1816,4.3536,0.2486,0.1016
21.956,6.4913,0.164,0.1046
23.0287,5.5294,0.609,0.3251
28.7371,4.6881,0.079,0.0347
29.7313,2.8218,0.8679,0.2075
20.3567,4.3613,0.1286,0.0528
23.1229,4.5964,0.7066,0.3064
24.9557,2.3488,0.2283,0.0432
23.2098,6.2607,0.2723,0.1666
22.3431,6.8616,0.3941,0.2669
20.9395,5.105,0.6263,0.3069
25.4574,4.5037,0.3174,0.1339
21.0019,5.9471,0.8087,0.4695
23.975,7.3352,0.8282,0.6012
20.2365,1.5746,0.4906,0.05
29.5871,5.6424,0.925,0.4994
28.2312,2.4395,0.8479,0.168
22.3721,6.8715,0.975,0.6613
22.9165,3.5175,0.3347,0.1062
26.5702,2.9663,0.3649,0.0934
28.7536,1.2223,0.2579,0.0142
21.6789,2.3766,0.9744,0.1884
23.8018,3.4256,0.6041,0.1855
23.4447,5.3125,0.5135,0.262
26.0216,3.9241,0.9643,0.3466
29.0533,3.8479,0.6989,0.2443
23.0113,5.7875,0.6987,0.3923
29.9396,4.2098,0.8068,0.3127
27.0563,3.7259,0.5067,0.1711
28.4683,3.4563,0.2507,0.0772
20.3252,4.3599,0.8942,0.3667
24.0665,3.4823,0.4656,0.1457
24.8594,4.0538,0.5665,0.212
23.6176,5.5239,0.4643,0.2473
26.7233,5.0856,0.6461,0.3122
20.0347,1.3328,0.2504,0.0179
22.0909,1.7541,0.0122,0.0015
23.8486,1.5726,0.1362,0.0138
26.8584,6.0139,0.5691,0.3312
23.2765,4.2818,0.5171,0.2066
29.6148,5.2923,0.9288,0.467
28.055,4.1121,0.6356,0.2405
21.2186,7.6696,0.4983,0.3813
28.0809,4.4026,0.8398,0.3438
22.1811,6.9419,0.3891,0.2669
24.8372,5.8296,0.0053,0.003
22.6233,5.8866,0.5298,0.3033
22.259,2.1432,0.2233,0.0373
24.1914,5.7605,0.8074,0.4501
23.4227,5.4322,0.5705,0.2984
26.8539,7.7785,0.1411,0.1086
22.081,7.8152,0.769,0.5996
20.3264,4.8099,0.6242,0.2863
22.3966,5.291,0.3759,0.1912
21.2859,1.4412,0.3717,0.0317
21.6973,1.8547,0.333,0.0448
21.1511,5.9505,0.3782,0.2196
20.1797,5.5799,0.4128,0.2237
28.507,7.9485,0.1908,0.1499
20.0139,4.0099,0.9075,0.338
26.7192,1.2394,0.2231,0.0129
28.7216,1.4273,0.2106,0.0174
26.7336,2.1882,0.3749,0.0641
20.7773,7.3284,0.7458,0.5438
28.9162,3.2925,0.9419,0.2733
29.1103,4.3541,0.6765,0.273
25.2212,2.2956,0.0059,0.0011
25.8129,4.8962,0.9659,0.4479
27.1584,4.1985,0.7593,0.2947
24.062,6.841,0.5748,0.3868
29.0597,3.7443,0.2743,0.0929
23.9636,4.159,0.2734,0.1055
20.2384,4.9939,0.7424,0.3553
26.3762,2.5746,0.4654,0.0994
24.1079,2.2942,0.1892,0.0347
25.8251,3.67,0.998,0.3316
23.965,3.827,0.3154,0.1105
20.3438,4.8255,0.3494,0.1608
28.9075,5.8321,0.7196,0.4035
24.5665,5.8637,0.2627,0.1492
24.1564,1.6701,0.7015,0.079
23.8423,1.6848,0.7981,0.0913
26.7038,4.7751,0.503,0.2264
26.8964,4.1248,0.3901,0.1484
26.4701,6.2225,0.8366,0.5057
25.7494,5.0165,0.5792,0.276
27.4324,2.9238,0.4991,0.1253
22.2562,3.7867,0.9961,0.3456
21.9783,2.13,0.1266,0.021
23.7965,4.31,0.1499,0.0603
20.5069,7.4364,0.0412,0.0305
27.968,6.3825,0.6783,0.4206
20.6022,1.7541,0.129,0.0159
21.2695,6.2486,0.4762,0.2917
24.0992,3.2861,0.2178,0.0635
21.4969,4.9044,0.2109,0.0987
26.3893,2.8104,0.3398,0.0813
24.9274,1.6734,0.6479,0.0731
26.1482,3.5555,0.2889,0.0924
23.2425,6.0144,0.6037,0.3535
27.0872,4.2389,0.7169,0.2814
22.8569,7.5013,0.8724,0.65
20.5301,5.2465,0.1897,0.0959
28.7655,7.5872,0.4863,0.3632
26.1229,1.4125,0.0155,0.0013
20.573,4.4015,0.0184,0.0076
29.2992,6.9719,0.0174,0.0119
22.236,7.9865,0.2873,0.2292
25.4589,6.0634,0.1448,0.0852
28.4426,4.8076,0.1725,0.078
25.9148,4.8705,0.1764,0.0813
25.5554,2.9813,0.7831,0.2022
21.1642,4.8334,0.6226,0.2868
26.1078,5.1981,0.4682,0.2321
21.8375,5.2569,0.7671,0.3878
21.5703,3.432,0.6739,0.2082
23.809,1.2054,0.8385,0.0444
25.6104,6.5772,0.723,0.465
29.1718,2.3292,0.5892,0.1094
22.0425,6.5726,0.3745,0.2421
25.8723,4.1703,0.1593,0.0615
21.5211,4.9109,0.9487,0.4446
21.7245,6.6761,0.0195,0.0128
21.5767,6.7447,0.6218,0.4139
23.7864,1.2208,0.9974,0.0552
23.3422,3.5331,0.5327,0.1699
29.7365,4.498,0.6148,0.2572
24.6867,3.8841,0.4141,0.1474
29.2068,4.3072,0.7727,0.3079
21.0082,2.0807,0.94,0.1509
28.6892,4.689,0.8086,0.3553
21.4049,1.712,0.0817,0.0096
27.0524,4.2205,0.6798,0.2655
24.2174,4.1142,0.6313,0.2406
27.0398,6.4414,0.1384,0.0868
27.1804,1.8258,0.9437,0.1227
28.3837,5.4871,0.0869,0.0456
22.6944,3.2164,0.7287,0.2076
25.3016,3.7529,0.7333,0.2504
27.6145,6.7732,0.9969,0.6598
21.1953,1.5226,0.8841,0.0844
25.7817,2.7681,0.2004,0.0471
26.9094,3.965,0.8092,0.294
22.4497,4.703,0.5876,0.2618
22.4649,4.25,0.1455,0.0577
27.1928,3.9281,0.5718,0.2054
28.9418,4.6636,0.6576,0.2871
26.6458,3.4511,0.9491,0.2926
23.5302,6.2404,0.231,0.1408
21.5386,4.2793,0.0765,0.0307
20.5918,2.1227,0.8913,0.1474
21.1878,5.605,0.6861,0.3729
23.0615,2.2138,0.5593,0.0978
21.4321,6.2796,0.3473,0.2138
29.6927,5.9855,0.6025,0.3472
29.0778,3.4748,0.0801,0.0248
20.9524,5.1557,0.1613,0.0799
26.153,4.2393,0.0787,0.0309
22.1037,2.8238,0.2515,0.061
29.4905,3.9472,0.1142,0.0411
20.655,2.8541,0.1669,0.0411
28.1101,7.5727,0.3657,0.2728
29.4103,3.0954,0.7687,0.2066
26.3209,6.7518,0.5243,0.3466
22.9963,2.6913,0.335,0.0762
28.3562,2.4209,0.8495,0.1666
26.4189,6.1527,0.1107,0.0661
22.765,7.2329,0.1608,0.1152
29.2914,7.4153,0.9529,0.6937
21.2493,3.0278,0.8098,0.2147
22.7091,6.002,0.0056,0.0033
23.0534,3.8693,0.4909,0.1745
26.093,5.3408,0.0312,0.016
27.4514,5.2548,0.3047,0.1525
29.6871,1.6934,0.7715,0.0882
28.0056,7.9439,0.8973,0.7049
20.4257,6.4289,0.2086,0.1321
26.594,4.1016,0.804,0.304
21.4229,5.2689,0.6309,0.32
23.5987,5.8478,0.0615,0.0349
29.8951,5.7616,0.062,0.0342
20.3301,5.7899,0.502,0.2833
22.5586,2.1019,0.9419,0.153
21.6705,2.1514,0.753,0.1267
22.9651,3.3056,0.342,0.1007
29.5033,5.4605,0.8285,0.4314
29.0968,2.8778,0.6779,0.1664
22.613,7.0775,0.8659,0.6061
22.2286,6.2181,0.1065,0.0648
28.2891,1.503,0.233,0.0214
28.5988,2.9986,0.5202,0.1346
25.9971,6.7563,0.8799,0.5824
22.762,3.0957,0.0498,0.0135
25.5032,6.9553,0.8643,0.5908
20.4667,6.1817,0.7509,0.4553
24.7373,7.1361,0.1601,0.1127
20.2017,3.157,0.0689,0.0193
22.1407,7.9782,0.9059,0.722
27.8846,1.6382,0.9694,0.1049
26.8092,6.6998,0.6804,0.4456
26.9349,6.2464,0.0142,0.0086
22.707,5.1598,0.9609,0.4751
25.4695,5.5258,0.6837,0.3632
28.7082,5.7011,0.3933,0.2151
20.1407,6.2111,0.8953,0.5459
25.6932,6.9904,0.9574,0.6579
23.8013,1.8164,0.976,0.1266
20.6432,7.9435,0.9116,0.725
29.4204,1.909,0.6251,0.0869
20.6475,3.4291,0.939,0.2902
20.0584,5.2985,0.9052,0.4631
25.671,7.53,0.4205,0.3131
23.7185,5.1359,0.2478,0.1217
29.4087,3.8927,0.7662,0.2713
28.214,7.359,0.2277,0.1647
26.9626,3.9844,0.3775,0.1379
24.9243,2.4487,0.2101,0.0421
27.5119,7.7508,0.545,0.4174
24.3347,6.5519,0.3541,0.2273
26.6818,5.0804,0.76,0.3668
22.6189,4.794,0.4761,0.2167
24.349,2.8476,0.8158,0.1992
24.7109,4.6454,0.519,0.2272
28.0752,2.4091,0.2456,0.0479
29.0328,4.7965,0.0537,0.0242
26.0611,1.2933,0.763,0.0499
25.192,1.3537,0.8431,0.062
20.0353,4.4922,0.2138,0.0908
28.5561,3.0354,0.2309,0.0606
22.5841,2.3164,0.9732,0.1814
26.6507,4.4718,0.4066,0.1698
24.1059,7.633,0.1413,0.1071
23.4817,2.6683,0.891,0.2004
25.289,1.9985,0.2011,0.0302
27.1707,6.6707,0.8445,0.5502
23.6439,6.8262,0.8219,0.5523
27.1934,2.483,0.5135,0.1044
25.3655,6.2029,0.2291,0.1383
28.7444,3.9037,0.9868,0.351
29.6962,5.5192,0.6988,0.3681
28.6775,2.6778,0.7631,0.1709
20.3631,7.8645,0.7404,0.5829
27.2278,5.6574,0.5668,0.3082
29.5652,3.8816,0.0121,0.0043
24.5105,5.8849,0.7708,0.4397
24.3324,7.31,0.3678,0.2658
28.1394,6.9589,0.873,0.5945
23.9121,2.7467,0.497,0.1159
23.6395,4.7143,0.389,0.1735
22.371,5.4699,0.2845,0.1502
24.0951,2.9343,0.5073,0.1287
21.4991,6.4743,0.7441,0.4737
25.3569,2.1455,0.776,0.1293
21.5241,3.0218,0.4102,0.1084
29.6326,6.787,0.0288,0.0191
20.744,2.4035,0.2886,0.0568
24.9738,1.3879,0.9764,0.0762
29.0267,3.303,0.2291,0.0667
22.7877,1.8848,0.4726,0.0651
25.1419,2.7027,0.5272,0.1202
26.336,3.05,0.4701,0.1247
24.6539,4.0939,0.7187,0.2721
29.2011,3.9674,0.1483,0.0537
20.232,3.949,0.3599,0.1316
23.0911,6.6342,0.4544,0.2963
20.923,1.9688,0.1372,0.0203
29.9859,7.6391,0.0355,0.0267
28.1635,4.3923,0.6151,0.2511
24.7656,2.8371,0.447,0.1085
28.7414,4.1415,0.8294,0.316
25.5986,2.036,0.5572,0.0859
21.6217,6.5632,0.9653,0.6236
23.7973,2.3746,0.7716,0.1485
22.7665,6.0619,0.5127,0.3031
27.8485,2.4575,0.3934,0.0788
27.4881,3.8359,0.167,0.0583
26.9896,2.1428,0.7421,0.123
29.3889,4.5071,0.1737,0.0729
20.3185,5.9993,0.7561,0.4437
29.4688,5.2366,0.2238,0.1112
20.903,4.3854,0.8224,0.3392
23.2079,3.9659,0.0487,0.0178
26.3364,4.4614,0.5036,0.2099
29.1009,7.0252,0.2321,0.1594
27.3254,1.4888,0.9608,0.0868
22.759,1.9737,0.0248,0.0037
24.6371,5.4691,0.2791,0.1468
28.4951,1.685,0.2861,0.0325
24.2976,7.4117,0.9538,0.6998
29.022,4.7095,0.3372,0.1488
26.1632,1.9849,0.6129,0.0909
24.9884,7.8383,0.7388,0.575
28.7222,2.4781,0.2808,0.0568
21.1104,1.6597,0.6965,0.078
23.8562,6.7852,0.6382,0.4259
29.0711,3.0224,0.7704,0.2011
26.1076,7.9655,0.2322,0.1835
25.7081,4.7955,0.8421,0.3814
20.7229,4.536,0.3398,0.1457
26.4249,7.5266,0.949,0.7054
25.7995,1.7963,0.6992,0.0888
20.9173,7.9397,0.4589,0.3646
24.5026,4.5023,0.1845,0.0779
20.6857,4.3412,0.5554,0.2265
29.6442,6.0901,0.1126,0.0662
27.5216,7.7684,0.9022,0.6925
28.9424,6.7389,0.5796,0.3807
25.3384,1.3122,0.76,0.0517
25.2574,1.6206,0.2639,0.0281
29.1161,6.9343,0.8806,0.5964
20.1909,6.639,0.9902,0.6493
25.3071,5.6059,0.3208,0.1732
28.4774,2.4614,0.4877,0.0978
23.8954,3.8013,0.877,0.3048
26.8618,4.0706,0.958,0.3589
29.6737,6.1202,0.5354,0.3161
20.3774,7.608,0.2712,0.206
23.5388,2.1842,0.8033,0.1377
24.645,3.6594,0.32,0.1062
22.7185,5.8957,0.8848,0.5073
21.6583,6.6233,0.6976,0.4552
25.2298,2.1798,0.9436,0.1608
24.0785,2.4918,0.6266,0.1286
25.14,1.7825,0.5892,0.074
26.6731,1.4585,0.0301,0.0026
23.369,1.6307,0.862,0.0932
28.7099,4.7323,0.2099,0.0932
20.8539,6.6007,0.2723,0.1772
23.7117,1.4674,0.448,0.0395
26.4899,6.3686,0.8974,0.5565
29.8457,5.0209,0.6027,0.2856
25.8847,6.5534,0.5654,0.362
24.679,2.5443,0.4726,0.0996
20.4701,7.0772,0.5015,0.3523
29.781,6.9132,0.6152,0.4148
29.6301,7.2303,0.7079,0.5012
20.999,3.0377,0.0821,0.0219
26.3904,7.6295,0.9368,0.7066
22.7895,6.0805,0.2512,0.149
27.0045,7.4954,0.6154,0.455
28.9914,2.4957,0.7129,0.1455
24.5997,1.5419,0.5305,0.0516
24.7644,2.2889,0.9698,0.1771
27.2189,6.3787,0.6711,0.4164
21.4353,1.4177,0.5473,0.045
22.6834,6.3243,0.1446,0.0895
20.9,4.9168,0.6847,0.3217
24.0086,7.2887,0.6567,0.4734
25.8516,3.6201,0.4887,0.1598
26.6541,5.6049,0.7042,0.3793
29.7737,4.5163,0.0364,0.0153
22.4037,7.9559,0.3,0.2383
24.2745,6.0425,0.5051,0.2968
23.512,7.8167,0.2454,0.1909
25.2016,2.1229,0.3771,0.0619
24.5794,2.5091,0.9265,0.1918
24.6601,4.2589,0.7579,0.3003
26.9135,5.5362,0.6878,0.3653
22.3713,6.2687,0.0778,0.0477
25.0417,7.2264,0.7458,0.5318
26.113,5.7369,0.6795,0.3759
25.1597,5.1077,0.0122,0.0059
27.303,1.6099,0.2445,0.0257
22.7004,4.2943,0.2974,0.1194
27.9935,4.7637,0.1692,0.0758
21.6224,5.4497,0.1063,0.0559
28.1332,5.1992,0.5695,0.2814
27.1048,3.8453,0.7433,0.2604
28.0111,2.4532,0.244,0.0487
20.272,2.7493,0.8851,0.208
21.4396,2.6381,0.6168,0.1371
29.9586,1.6831,0.0987,0.0112
26.9629,2.219,0.7437,0.1296
24.7317,1.2639,0.9228,0.0567
26.0673,6.3155,0.667,0.4101
27.3295,7.4714,0.4566,0.3362
20.7201,4.6403,0.239,0.1052
24.18,6.3505,0.7371,0.4574
28.3107,5.7691,0.4632,0.2569
21.5722,2.6835,0.623,0.1416
23.1841,2.4404,0.1231,0.0246
24.9794,2.4788,0.4285,0.0872
23.415,6.5928,0.7693,0.4979
28.0862,5.3446,0.6096,0.3106
23.0479,7.4836,0.8477,0.6298
21.2542,7.902,0.1713,0.1353
20.4953,3.913,0.9726,0.3518
29.9307,3.8487,0.6604,0.2306
25.7886,1.3945,0.6674,0.0526
20.4147,5.7416,0.8453,0.4725
23.0234,7.1656,0.3135,0.2223
23.7838,6.1993,0.3798,0.2297
23.8084,6.7038,0.6101,0.4019
20.3029,4.9646,0.9607,0.4567
25.0048,4.3342,0.1202,0.0486
22.6598,7.939,0.7805,0.6183
20.4843,4.9367,0.2377,0.1122
26.6536,6.3947,0.7253,0.4516
23.2062,1.9387,0.6149,0.0885
26.4831,3.3728,0.6171,0.1851
21.446,5.6262,0.8021,0.4376
21.8342,4.6525,0.4702,0.2071
21.8096,5.1574,0.015,0.0074
20.3398,1.6297,0.3945,0.0428
22.6307,6.1852,0.9421,0.5695
25.2465,7.8644,0.0871,0.068
20.8799,1.2224,0.7705,0.043
26.6358,3.4224,0.9501,0.29
29.5745,4.218,0.4449,0.1729
29.4063,2.1315,0.6442,0.1056
29.0364,5.4048,0.2214,0.1141
25.5277,6.1801,0.0931,0.0559
20.0884,7.9503,0.5508,0.4389
24.7278,1.97,0.8945,0.1315
22.5838,2.788,0.59,0.1406
21.5445,7.0829,0.4215,0.2958
28.8475,4.592,0.3259,0.1398
20.7327,7.2471,0.8206,0.5912
22.545,1.6166,0.4597,0.049
28.7603,4.9745,0.0371,0.0174
22.2114,2.9998,0.4341,0.1136
20.4565,2.7261,0.6162,0.1432
28.3858,1.776,0.9067,0.1125
26.4426,7.5078,0.4759,0.3528
25.5323,1.9432,0.3642,0.0524
20.9743,2.559,0.5562,0.1189
28.5805,4.7934,0.5866,0.2643
27.1105,2.5791,0.6543,0.1399
23.1919,6.1052,0.2008,0.1196
21.4315,5.5443,0.7604,0.4082
27.9581,4.8389,0.8927,0.407
23.462,2.0373,0.9368,0.1452
23.6104,2.2342,0.1547,0.0274
20.938,7.2395,0.6226,0.4479
24.4676,6.5463,0.842,0.5399
24.4268,1.5019,0.7739,0.0715
24.9712,5.1614,0.6707,0.3305
21.2127,3.015,0.4999,0.1318
25.4332,1.4104,0.7874,0.0636
23.7663,1.6778,0.7482,0.085
22.8125,7.2171,0.635,0.4538
27.7856,4.4023,0.7153,0.2929
22.5468,7.4357,0.8726,0.6444
29.4577,4.8114,0.5696,0.2574
26.1046,3.0081,0.5825,0.1519
25.7995,5.0175,0.707,0.337
20.8493,3.5727,0.4041,0.1312
21.4019,3.9584,0.1041,0.0381
28.6993,2.5961,0.4833,0.1039
26.0451,1.4478,0.0474,0.004
28.3978,5.8024,0.3026,0.1689
25.0926,6.3112,0.3637,0.2238
24.4864,7.6814,0.8936,0.6811
26.8549,1.6472,0.4168,0.0456
27.1818,4.8187,0.7162,0.3254
20.1906,3.5424,0.5248,0.1688
25.3139,2.6175,0.6749,0.1475
20.7939,3.7491,0.6772,0.2328
29.3034,6.0277,0.9606,0.5582
21.2997,6.7096,0.2614,0.1731
22.5426,2.0633,0.2963,0.0468
23.6947,1.3917,0.23,0.0181
21.4369,1.691,0.5877,0.0679
23.5234,7.5313,0.8657,0.6471
22.8843,2.1601,0.6491,0.1096
21.8205,3.214,0.8987,0.2562
28.3301,6.3457,0.8298,0.5109
23.1659,7.6983,0.0897,0.0687
21.1102,3.218,0.6463,0.1848
27.9558,4.1843,0.7266,0.2805
21.8481,3.9219,0.8748,0.3165
24.286,7.7593,0.7632,0.5883
24.8581,3.3474,0.0375,0.0112
27.6395,4.3192,0.483,0.1935
21.3209,6.5291,0.4221,0.2713
27.1517,6.3081,0.699,0.4285
22.6105,5.2249,0.8558,0.4291
26.4138,6.5052,0.1671,0.1061
26.2138,7.8618,0.7012,0.5464
22.6722,7.3437,0.4326,0.3151
25.7478,7.1509,0.2698,0.19
25.0549,1.6365,0.9368,0.1016
24.8217,5.0911,0.9274,0.4501
26.3554,1.2332,0.8806,0.0501
26.3683,1.7161,0.8429,0.0991
24.6361,4.5861,0.9268,0.3998
21.9812,6.1794,0.3308,0.2
26.111,4.7709,0.9746,0.4386
26.5274,7.9459,0.6951,0.5476
26.9866,5.5898,0.0143,0.0077
23.1549,3.2406,0.1542,0.0443
28.6441,1.7649,0.6971,0.0856
22.3218,3.5174,0.5003,0.159
25.8897,7.5276,0.5247,0.3904
24.2937,6.4255,0.1811,0.1138
22.9823,4.7774,0.9812,0.4446
21.2346,2.8157,0.2954,0.0715
27.3364,5.2726,0.6606,0.332
23.1959,7.4844,0.4964,0.3688
21.1201,2.4652,0.8257,0.1679
22.935,1.4662,0.4919,0.0434
20.2262,7.9255,0.476,0.3779
28.8508,5.1785,0.5612,0.2757
29.5829,2.5695,0.6344,0.1344
27.5494,1.468,0.5451,0.0478
28.4377,3.3221,0.7596,0.223
20.6188,3.2582,0.1186,0.0345
28.5371,1.8923,0.8385,0.1151
25.7748,2.7476,0.1866,0.0434
27.8219,6.227,0.3772,0.2277
24.3513,4.4214,0.3226,0.1335
22.4353,5.2174,0.2151,0.1077
25.388,2.8187,0.2547,0.0613
21.1827,5.9107,0.2347,0.1353
20.6265,1.8322,0.6115,0.0809
29.4682,6.1259,0.6265,0.3704
22.0549,1.765,0.2769,0.0344
21.6759,3.4679,0.8529,0.2668
24.0879,4.0172,0.1852,0.0687
23.8148,1.881,0.9772,0.134
26.1576,6.0985,0.3461,0.2048
28.6507,7.3656,0.7049,0.51
23.373,3.5276,0.35,0.1114
24.368,7.0446,0.8354,0.5802
22.3909,3.7509,0.7222,0.2477
28.8656,7.198,0.9671,0.6823
23.0245,4.0187,0.3166,0.1176
27.6418,5.4037,0.3046,0.1572
22.835,4.0272,0.4971,0.1852
26.1426,1.8957,0.9709,0.1342
28.4405,1.2922,0.7057,0.0458
24.1803,4.0973,0.1927,0.0731
26.7485,3.8553,0.5286,0.1859
28.7614,2.7152,0.8598,0.196
29.8418,1.37,0.3771,0.0283
25.0876,3.7203,0.2499,0.0845
27.8825,3.6656,0.1837,0.0608
28.8974,5.7346,0.9361,0.5152
23.4655,5.7634,0.7551,0.4217
25.1421,4.4292,0.7319,0.3032
20.1648,2.1872,0.9903,0.171
21.7241,5.3885,0.8546,0.4442
25.3812,1.3049,0.3019,0.0202
29.8787,6.9045,0.6247,0.4206
25.9999,4.2314,0.8656,0.3397
24.2618,7.8008,0.5365,0.4159
25.5202,1.3364,0.3009,0.0214
26.8073,7.9854,0.8681,0.6872
29.891,3.0893,0.024,0.0064
23.954,1.7732,0.9812,0.1224
27.2808,7.4029,0.4955,0.3613
21.5779,2.6072,0.7975,0.1745
24.0386,5.0261,0.1417,0.0679
23.6497,6.5974,0.2844,0.1841
20.3574,5.763,0.8476,0.4758
26.1906,6.2658,0.9503,0.5792
22.0892,3.7311,0.0637,0.0217
26.3824,2.2208,0.6158,0.1075
27.8453,4.2214,0.8511,0.3321
21.9015,6.81,0.7743,0.5205
22.1469,7.8461,0.1355,0.1061
22.7421,2.1807,0.6419,0.1099
23.9574,3.9783,0.7917,0.2902
21.1048,5.2063,0.6522,0.3266
24.1367,2.2282,0.0744,0.0131
23.742,6.2848,0.4609,0.283
28.6631,2.8542,0.968,0.2353
24.3968,4.2663,0.3613,0.1435
24.0513,1.8847,0.1722,0.0237
28.596,6.2671,0.0631,0.0383
20.7277,5.7593,0.7839,0.4395
25.402,6.7511,0.9775,0.6471
29.5681,3.7339,0.2759,0.093
22.5999,5.1416,0.3984,0.1963
26.4071,7.5156,0.9552,0.7089
22.3409,4.3302,0.0439,0.0178
24.3218,7.4207,0.1876,0.1379
22.8779,2.6934,0.04,0.0091
23.1739,2.1048,0.627,0.102
20.9482,4.2516,0.4412,0.1756
25.5723,5.8468,0.3674,0.2077
28.9652,3.2628,0.4346,0.1247
22.2794,2.4279,0.0739,0.0147
28.7835,5.1157,0.3725,0.1806
28.3975,3.0933,0.7528,0.2025
26.3343,3.9518,0.0718,0.026
22.2786,5.2214,0.0098,0.0049
21.8429,3.0155,0.3261,0.0859
23.118,7.086,0.2194,0.1536
28.4533,7.6843,0.1887,0.1429
21.3514,3.3854,0.6174,0.1877
27.6456,1.3128,0.7042,0.0478
24.6949,6.1161,0.8762,0.5213
24.9217,1.3981,0.5657,0.0449
22.5416,2.0899,0.4905,0.079
25.2034,3.0043,0.1551,0.0404
21.7244,5.2213,0.9096,0.4565
21.7343,1.8821,0.7915,0.109
29.4376,3.3209,0.1643,0.0481
29.5051,3.4839,0.1612,0.05
24.5227,4.84,0.141,0.0647
29.6897,3.2269,0.8889,0.2514
29.7527,5.8435,0.3973,0.2229
28.9327,2.6274,0.1675,0.0366
24.0529,4.5829,0.6256,0.2699
24.52,1.252,0.1668,0.01
27.2148,1.4747,0.0424,0.0038
29.8896,5.1223,0.9343,0.4527
24.7153,1.6879,0.9008,0.1032
24.743,6.0975,0.8179,0.4849
29.9792,2.9732,0.6817,0.1741
26.3931,6.8693,0.853,0.5745
29.3255,2.1128,0.0656,0.0106
26.2112,1.8627,0.2762,0.0371
20.1305,4.4557,0.4821,0.2028
22.66,3.2568,0.8631,0.2497
29.1132,3.0653,0.4964,0.1319
28.0604,4.5747,0.2414,0.1033
23.4035,7.737,0.747,0.5749
23.0791,6.7478,0.6813,0.4525
26.7172,4.507,0.5031,0.212
29.4163,6.6735,0.3959,0.2571
24.729,1.7949,0.494,0.0628
24.7137,2.2496,0.7567,0.1349
25.8735,6.5076,0.7726,0.491
23.1426,5.0564,0.7223,0.3488
22.5378,4.8158,0.0793,0.0363
20.6107,4.8566,0.3804,0.1763
25.5613,5.2699,0.5721,0.2882
29.248,4.0813,0.5285,0.1978
28.2311,6.7092,0.5841,0.3822
27.2717,6.7461,0.2661,0.1755
28.7212,2.4945,0.05,0.0102
20.894,4.3034,0.3751,0.1514
20.587,4.739,0.1158,0.0522
21.367,4.4259,0.0684,0.0285
22.5045,1.2937,0.5388,0.0355
25.6767,4.9292,0.8936,0.4176
21.9307,2.9356,0.648,0.1651
20.2198,4.0776,0.4444,0.1687
24.6652,6.5489,0.1534,0.0983
24.3546,6.6966,0.9925,0.6524
26.1591,3.0436,0.0644,0.017
29.6196,1.8626,0.9762,0.1305
20.6734,3.072,0.8718,0.2355
25.4348,2.3757,0.6466,0.1242
20.9338,6.0844,0.4032,0.2401
27.3191,3.7474,0.0652,0.0222
20.4332,7.7859,0.5812,0.4526
27.9184,5.9243,0.1992,0.1138
25.1395,2.142,0.4101,0.0682
23.2722,4.5025,0.4568,0.1934
25.2203,7.986,0.6237,0.4951
29.5539,4.408,0.2523,0.1032
26.4054,2.7537,0.9099,0.2121
21.6103,2.2885,0.9716,0.1784
27.7739,3.1569,0.833,0.23
25.6733,3.7334,0.1375,0.0466
21.4041,2.65,0.3637,0.0813
28.7142,3.1188,0.3755,0.102
26.964,7.0375,0.1566,0.1082
20.2219,5.5635,0.9223,0.498
20.6831,3.6838,0.3685,0.1241
21.0288,6.7625,0.2044,0.1366
22.4807,3.4555,0.6128,0.1906
21.496,3.8215,0.3459,0.1215
29.5362,2.2914,0.6464,0.1173
23.5934,7.9289,0.5713,0.4512
20.7308,6.1338,0.5102,0.3066
28.1916,2.94,0.9502,0.24
28.3156,2.7502,0.1135,0.0263
24.2567,7.3808,0.8617,0.6294
25.1687,1.3104,0.8296,0.0562
28.9817,1.5995,0.569,0.0588
23.8761,3.8411,0.7644,0.269
24.5375,6.0313,0.2173,0.1274
20.8078,6.2295,0.3623,0.2214
27.9584,4.8969,0.2337,0.108
29.9591,3.7089,0.0389,0.013
23.4012,2.6727,0.6401,0.1443
27.8891,5.8137,0.0314,0.0176
28.994,4.7591,0.3065,0.1369
29.4239,1.2478,0.6521,0.0383
29.705,4.3044,0.3364,0.1338
27.8054,4.0142,0.3095,0.1139
25.9229,3.2811,0.1118,0.0325
28.1948,5.1858,0.7843,0.3864
27.7689,3.6686,0.3182,0.1053
28.8267,1.5182,0.1393,0.0131
29.1633,4.5163,0.9442,0.3972
24.824,6.2862,0.3892,0.2386
24.7512,3.9286,0.9353,0.3374
22.6595,2.2163,0.4735,0.083
22.878,5.0515,0.5767,0.2783
21.3505,5.355,0.8008,0.4137
20.136,5.886,0.5453,0.3135
24.5857,5.8645,0.9829,0.5585
20.4225,7.2377,0.2961,0.2131
24.8239,4.2468,0.7503,0.2963
29.9423,3.0004,0.6005,0.1551
22.5076,6.3102,0.979,0.605
26.1063,4.2333,0.999,0.3922
23.4302,2.4361,0.0319,0.0064
28.6012,1.3928,0.0872,0.0068
23.8969,5.9773,0.1425,0.0828
22.8471,1.8417,0.8176,0.1086
27.0492,2.1119,0.4243,0.0689
20.8327,6.0495,0.8886,0.5258
20.7625,5.4025,0.8775,0.4582
20.8599,2.2866,0.3282,0.0603
21.9737,4.2154,0.4658,0.1832
27.0012,5.0701,0.9074,0.4367
24.7332,2.8313,0.1904,0.0461
26.6999,7.9706,0.6958,0.5498
28.428,1.4454,0.9894,0.0839
27.0689,7.9036,0.4405,0.3447
22.2547,5.2987,0.3393,0.1729
28.7769,2.8892,0.4221,0.1042
20.2502,7.1806,0.2963,0.2115
27.5482,2.467,0.4254,0.0857
21.0371,6.4111,0.1717,0.1083
25.8153,5.5283,0.8361,0.4441
26.6589,6.3689,0.6944,0.4305
29.6289,1.6573,0.0489,0.0054
22.9836,6.0438,0.1806,0.1064
25.742,6.9563,0.3802,0.2598
24.0755,3.3286,0.4165,0.1235
26.8612,6.6801,0.7375,0.4814
26.873,5.7935,0.1413,0.0789
22.5751,3.0408,0.9012,0.2396
28.1189,7.6509,0.1499,0.1131
26.1951,5.729,0.7841,0.433
25.6375,7.1653,0.095,0.0671
24.2362,4.4297,0.3609,0.1497
23.1114,7.9263,0.3145,0.2485
21.4286,7.0514,0.9485,0.6627
26.4311,5.5292,0.6587,0.3496
27.225,5.2554,0.1749,0.0876
28.0532,7.4093,0.2022,0.1474
20.9461,7.5105,0.4141,0.31
23.2595,5.9908,0.4849,0.2827
25.3682,4.8989,0.017,0.0079
27.4525,7.6993,0.7048,0.5359
26.9765,4.3201,0.3731,0.1497
22.549,2.9142,0.6032,0.1521
21.8813,7.1278,0.4948,0.3495
26.6509,3.0449,0.1584,0.0419
29.8579,7.9218,0.0868,0.0678
26.567,3.2815,0.4331,0.1257
23.9849,5.2099,0.743,0.3705
25.5765,7.9356,0.1687,0.1329
20.6073,5.361,0.3645,0.1887
27.5914,6.2737,0.3735,0.2274
24.249,7.6613,0.3766,0.2864
26.9953,7.4394,0.6694,0.4909
29.5983,4.7837,0.1806,0.0811
24.1773,1.7994,0.5556,0.0709
27.4271,7.8048,0.8024,0.6191
21.1013,2.2989,0.4105,0.0759
25.736,4.6665,0.8467,0.3719
27.2995,4.5546,0.4175,0.1779
25.4194,4.4044,0.7442,0.3061
22.6748,6.5965,0.6522,0.4229
26.847,2.8588,0.8607,0.2103
22.6684,3.9349,0.8025,0.2911
20.9967,4.7375,0.8224,0.3704
23.3382,2.9944,0.1923,0.0501
28.195,3.3416,0.788,0.2331
20.0401,2.7199,0.3265,0.0757
24.8616,4.0007,0.315,0.116
20.2199,3.7848,0.8633,0.3004
21.8499,1.3385,0.3198,0.023
27.5285,4.7005,0.6516,0.2877
24.5123,6.5565,0.9803,0.6295
24.9271,7.5228,0.0282,0.021
27.4559,7.809,0.759,0.586
28.5789,7.2202,0.8948,0.6337
23.6648,5.1481,0.3042,0.1498
23.287,3.6581,0.1312,0.0436
27.4199,5.8004,0.6293,0.3516
25.5725,7.1381,0.8217,0.5776
24.2129,3.5629,0.1826,0.0587
24.7319,5.1604,0.5237,0.2581
25.7405,2.7505,0.9539,0.2222
26.4135,1.971,0.1172,0.0172
24.4367,2.9892,0.8272,0.2146
29.9866,6.6458,0.2428,0.1568
20.2043,7.0042,0.7012,0.4874
24.6517,3.4009,0.2945,0.0895
27.005,4.2834,0.8808,0.35
23.9987,7.5956,0.7469,0.5629
29.0187,1.3243,0.7644,0.0529
20.6124,1.9973,0.6134,0.0927
20.5334,5.9229,0.1256,0.0726
20.3356,6.237,0.7984,0.4889
23.2112,2.5476,0.8249,0.1746
29.4551,6.9554,0.9523,0.6467
27.2381,7.4733,0.1836,0.1353
25.3762,6.3414,0.1719,0.1063
21.42,7.8345,0.6838,0.5351
26.4483,7.0111,0.6345,0.4368
21.9947,6.1679,0.8881,0.5357
23.5077,1.4107,0.1083,0.0088
23.0951,6.1639,0.4385,0.2638
21.5229,4.0033,0.849,0.3148
29.7753,3.1243,0.2636,0.0716
24.7167,3.1527,0.0164,0.0045
29.1315,2.222,0.7444,0.1295
22.8005,5.0137,0.2773,0.1327
28.3043,2.5075,0.0898,0.0185
21.8322,5.761,0.3095,0.1733
24.1543,3.1235,0.6617,0.1814
28.7186,3.99,0.9199,0.3357
21.2481,6.9601,0.6199,0.4271
27.6393,4.367,0.9905,0.402
21.3158,2.7696,0.1807,0.0428
22.6852,6.5572,0.6028,0.3884
24.5409,3.6873,0.6246,0.2092
24.1499,2.9153,0.8457,0.2128
25.9345,6.6279,0.7017,0.4549
28.3042,4.2616,0.7899,0.3114
20.7023,5.4397,0.6518,0.343
22.8752,4.9046,0.7356,0.3434
21.9018,4.2409,0.8071,0.3197
20.4646,7.5634,0.6913,0.5218
27.0,7.4935,0.9994,0.7386
28.0244,3.1177,0.2584,0.0702
22.4742,1.2798,0.6442,0.0412
22.6106,5.0677,0.5162,0.2501
25.0008,3.9236,0.3971,0.143
25.6371,6.5676,0.2192,0.1408
22.3299,7.2729,0.7651,0.5518
22.1711,6.3747,0.0115,0.0072
23.2983,6.0457,0.0716,0.0421
22.5563,5.1278,0.2541,0.1248
21.7025,7.483,0.0935,0.0696
20.8121,5.5298,0.5298,0.2839
29.6642,7.128,0.9785,0.6821
27.2729,6.774,0.5323,0.3525
28.8619,1.6661,0.0933,0.0104
20.3811,3.4012,0.5883,0.1801
21.9533,5.8411,0.8591,0.4882
26.6237,7.0586,0.873,0.6053
23.0863,3.6643,0.7144,0.238
28.3681,5.2184,0.7635,0.3787
26.5474,4.3065,0.5891,0.2357
23.2153,7.8439,0.0074,0.0058
27.4467,3.1577,0.0434,0.012
27.1683,3.2062,0.1828,0.0515
27.168,6.95,0.2755,0.1876
28.1911,2.8012,0.7765,0.1844
28.5076,2.8442,0.3949,0.0956
26.809,6.9449,0.3021,0.2057
21.8818,6.1421,0.1114,0.0669
22.5656,1.268,0.0262,0.0016
22.8361,4.4319,0.724,0.3012
25.8936,5.376,0.5796,0.2984
28.8867,5.9673,0.44,0.253
26.1726,2.2775,0.9789,0.1771
29.1499,2.7305,0.5849,0.1342
24.7943,1.588,0.2272,0.0233
25.4697,7.1327,0.466,0.3274
25.0553,7.0354,0.9807,0.6793
26.1253,7.4722,0.66,0.487
26.9757,4.7075,0.3623,0.1604
20.1494,3.6261,0.2816,0.0931
27.5773,4.5116,0.2541,0.1071
26.0026,6.2649,0.8632,0.5261
24.7412,6.127,0.6881,0.4102
25.267,5.5498,0.5028,0.2685
25.6443,3.8123,0.0325,0.0113
27.3008,1.2996,0.301,0.0199
24.0158,3.122,0.2451,0.0672
25.6072,1.9167,0.5677,0.0799
26.3993,3.7919,0.648,0.2236
21.0925,4.1104,0.2086,0.0798
22.4666,5.3417,0.6901,0.3548
21.0335,6.1441,0.3301,0.1986
26.9395,2.2627,0.8543,0.153
28.9139,3.295,0.7881,0.2289
24.4993,5.4239,0.8084,0.4213
25.1255,7.5609,0.9711,0.727
28.6318,7.6642,0.7779,0.5874
20.2912,3.0228,0.8828,0.2339
23.2982,2.0406,0.4164,0.0647
20.3894,2.1871,0.9362,0.1616
27.9235,5.6634,0.5247,0.2853
23.8381,7.2515,0.2162,0.155
27.0168,3.5699,0.6089,0.1954
25.2304,5.477,0.2594,0.1365
28.9278,1.423,0.9351,0.0766
26.929,3.1017,0.1738,0.047
20.2459,3.0643,0.2118,0.0571
20.9204,3.8241,0.5343,0.188
24.1455,4.9479,0.8061,0.3793
25.0006,3.6173,0.7646,0.2501
28.7309,6.0598,0.0558,0.0326
26.8396,7.7705,0.4786,0.3679
21.4186,6.6135,0.3615,0.2356
21.2205,2.1588,0.9821,0.1662
23.9188,5.61,0.919,0.4978
21.8079,4.7447,0.2669,0.1202
29.3432,2.0771,0.7514,0.1186
20.6742,3.0153,0.1741,0.046
21.7721,6.984,0.7197,0.4973
24.6463,1.9683,0.1974,0.029
23.3453,1.3624,0.4251,0.0318
23.8262,1.4002,0.6097,0.0486
29.4717,5.5911,0.5654,0.3023
20.7273,1.4201,0.2474,0.0205
23.4418,6.4717,0.1703,0.108
29.1441,2.5838,0.6676,0.1426
29.8309,2.5029,0.0477,0.0097
28.3852,5.0329,0.1366,0.065
22.0197,2.957,0.6073,0.1561
21.4342,4.0369,0.8114,0.3038
20.1322,6.378,0.2254,0.1415
28.1424,2.9732,0.5958,0.1526
20.5644,3.8911,0.542,0.1947
25.3536,1.8033,0.9284,0.1187
20.9919,7.8215,0.1403,0.1097
28.3001,2.7797,0.8879,0.2088
26.1943,2.9426,0.0848,0.0215
22.1194,3.1976,0.4018,0.1138
24.2958,1.9011,0.6471,0.0901
27.5912,4.4997,0.8976,0.377
23.343,7.0475,0.5473,0.3809
26.8957,5.7623,0.6065,0.3367
28.6665,5.2011,0.6612,0.3266
24.3321,7.1756,0.1676,0.1187
28.3204,3.7545,0.9506,0.3232
20.3741,3.0313,0.1829,0.0486
21.3841,3.3512,0.6884,0.2067
23.5516,5.0541,0.2954,0.1425
21.1486,4.3619,0.0535,0.0219
27.4793,6.4555,0.2863,0.1799
29.742,4.9337,0.4263,0.1981
22.9215,3.8689,0.1059,0.0376
21.1953,3.0344,0.8005,0.2128
20.0477,6.8281,0.6867,0.4644
22.2657,7.7818,0.7772,0.603
29.1281,5.1414,0.5146,0.2507
26.5644,2.6949,0.772,0.1749
25.3763,6.5563,0.6731,0.4316
24.7871,5.3347,0.8142,0.4164
24.2205,1.7597,0.1617,0.0199
28.3048,3.288,0.5097,0.1478
26.2397,5.6775,0.1272,0.0695
28.8356,1.4558,0.2564,0.0221
24.0452,2.7812,0.5644,0.1337
25.747,3.9924,0.9723,0.3568
21.8317,3.0655,0.9771,0.2628
22.5414,3.5534,0.6185,0.1989
23.8457,4.1503,0.0932,0.0359
21.5278,5.7855,0.8596,0.4836
21.7602,5.4833,0.9393,0.4978
24.016,1.2778,0.2434,0.0154
23.1684,7.4268,0.396,0.2918
22.3635,2.4701,0.2925,0.0595
20.6079,4.5974,0.4223,0.1839
25.1786,5.4617,0.2386,0.1252
21.3657,7.2149,0.5064,0.3627
29.9748,5.9196,0.2715,0.1544
22.1519,5.1081,0.4063,0.1988
22.9788,7.2882,0.8047,0.5811
21.6303,7.6423,0.9028,0.6877
22.2806,7.0857,0.1276,0.0895
21.126,7.1891,0.4147,0.296
20.6629,4.3859,0.7585,0.313
25.0732,6.0015,0.3492,0.2034
21.6003,4.8478,0.8214,0.3793
27.381,6.763,0.5153,0.3406
20.7419,5.2322,0.4789,0.2413
22.8395,2.1675,0.5426,0.0921
29.9323,3.6991,0.8003,0.2666
22.9604,3.4013,0.896,0.2731
26.1505,5.3958,0.1765,0.0912
21.0227,1.3358,0.8872,0.0636
27.0611,4.6772,0.2322,0.102
21.0441,1.373,0.1836,0.0141
27.2654,4.4841,0.5357,0.2242
26.2512,3.8138,0.2755,0.0958
24.8684,1.4996,0.9007,0.0829
24.7881,3.6655,0.3624,0.1205
24.7329,3.0626,0.6972,0.1864
21.0596,7.4448,0.7242,0.5368
24.8705,4.8167,0.5283,0.2409
24.1015,7.4006,0.1446,0.106
26.9276,6.821,0.4672,0.312
25.3003,3.1052,0.0568,0.0154
29.1013,5.2515,0.7931,0.3957
20.9516,6.7432,0.0151,0.0101
21.9574,7.4824,0.9417,0.7008
24.6589,6.4093,0.3851,0.2412
24.2289,1.9504,0.0193,0.0028
20.4117,6.3717,0.9518,0.5965
22.5622,4.1296,0.5199,0.1995
27.077,4.888,0.5957,0.2751
21.1637,1.4742,0.0625,0.0056
27.901,6.5074,0.4253,0.2694
27.2866,2.5803,0.9836,0.2103
23.4064,6.5184,0.2324,0.1486
24.7132,5.9686,0.9887,0.5726
24.5852,1.6876,0.6482,0.0743
29.8851,7.6968,0.7015,0.531
21.3286,5.1909,0.9588,0.4783
24.1155,6.4404,0.0612,0.0386
28.6888,7.2796,0.0568,0.0406
24.4818,3.4133,0.47,0.1435
25.117,7.0362,0.4903,0.3396
28.5249,7.0776,0.837,0.5802
22.8591,2.32,0.7775,0.1452
20.6688,4.2187,0.5123,0.2021
20.2181,6.5812,0.8644,0.5614
20.0847,4.483,0.6213,0.2632
22.086,7.763,0.7847,0.6074
21.0352,1.6228,0.9223,0.0992
23.7265,2.9224,0.5584,0.141
23.744,7.2617,0.2424,0.1741
22.6207,6.1519,0.4498,0.2703
23.8242,5.6333,0.1822,0.0992
22.1053,3.7239,0.4932,0.1678
21.611,4.1666,0.5021,0.195
23.969,1.237,0.7937,0.0458
29.5512,5.737,0.722,0.3971
21.7766,4.1986,0.9177,0.3595
20.416,2.9393,0.4355,0.1114
27.1615,1.7791,0.0068,0.0008
25.6568,4.76,0.2059,0.0925
20.3337,6.8294,0.7344,0.4965
20.1209,1.7241,0.6086,0.0729
23.4454,4.8715,0.7563,0.3501
25.4838,7.8057,0.9499,0.7354
27.6648,2.3432,0.2382,0.0447
20.3434,3.5869,0.2593,0.0846
25.6122,6.0528,0.6943,0.4078
29.7651,5.3441,0.0191,0.0097
27.2968,6.3395,0.3223,0.1986
25.1251,2.9156,0.1239,0.0311
26.3847,1.6418,0.0298,0.0032
29.0396,1.9809,0.5845,0.086
28.1619,6.3552,0.5276,0.3255
27.2283,4.553,0.205,0.0873
25.0596,2.5775,0.7442,0.1595
20.4755,5.9526,0.5412,0.3148
22.0755,3.8225,0.3883,0.1362
22.4479,3.1206,0.0262,0.0072
27.2923,4.8211,0.6858,0.3117
24.4372,1.4297,0.7906,0.0659
23.2291,1.4645,0.4295,0.0378
27.9455,6.7114,0.5469,0.3582
24.8636,3.7674,0.6338,0.2176
20.2799,2.7762,0.7794,0.1855
26.0024,7.6394,0.3503,0.2648
22.5213,6.5099,0.8876,0.5675
20.4547,1.6592,0.4407,0.0494
27.9773,2.841,0.5859,0.1418
28.1385,7.4771,0.2864,0.2108
29.2414,4.4665,0.2015,0.0837
23.8541,2.3533,0.1102,0.0209
22.1259,2.3978,0.7246,0.1417
24.9875,2.5644,0.2564,0.0546
23.5117,7.0553,0.7143,0.4975
27.2632,4.652,0.109,0.0476
27.0626,3.7704,0.3639,0.1246
26.7536,2.5296,0.4352,0.0907
21.9163,5.0104,0.6279,0.3008
27.6164,5.7371,0.4279,0.2361
28.3317,4.2554,0.8607,0.3387
24.5753,3.3844,0.9231,0.279
24.1551,6.1989,0.0131,0.0079
25.3433,6.6061,0.2871,0.1856
26.4545,5.5522,0.8351,0.4452
29.5801,1.2817,0.501,0.0318
27.326,4.6438,0.1111,0.0484
25.3525,1.551,0.5365,0.0527
25.7877,5.728,0.3644,0.2013
24.8173,6.8311,0.6232,0.4182
21.3908,2.7949,0.3783,0.0906
26.3572,7.0465,0.2814,0.1948
21.5336,3.5448,0.4321,0.1388
24.7904,3.2269,0.8831,0.2517
24.3236,4.3771,0.6388,0.2614
22.2212,6.6092,0.8611,0.56
21.8295,3.8214,0.6288,0.2207
21.3982,3.66,0.6875,0.2294
26.2479,5.8946,0.6037,0.344
20.2067,2.2193,0.8462,0.1492
20.6256,6.1066,0.8672,0.5186
21.5402,2.32,0.2204,0.0412
22.4044,3.0377,0.1421,0.0378
28.0571,5.5004,0.1098,0.0578
26.6807,2.4455,0.8432,0.1681
24.1357,1.5935,0.8671,0.0898
26.0927,1.8738,0.8955,0.1216
20.9851,7.5384,0.3103,0.2332
22.4867,6.1276,0.509,0.3046
20.5506,3.3333,0.2104,0.0628
26.4574,4.475,0.8303,0.3472
22.0412,7.5403,0.1682,0.1262
21.4649,5.1523,0.314,0.1553
29.3375,7.8334,0.7782,0.6009
25.4783,2.5145,0.2693,0.0558
24.3428,2.2261,0.8119,0.1427
27.6092,7.7368,0.4146,0.3168
22.7466,7.2163,0.7031,0.5025
29.1978,7.4873,0.7616,0.5604
20.1262,6.2144,0.0346,0.0211
29.9561,6.3963,0.1031,0.0639
25.312,2.5613,0.4267,0.0907
26.5734,3.381,0.3963,0.1192
24.9317,7.7757,0.1518,0.1171
24.9567,3.7749,0.7128,0.2453
28.1894,6.3393,0.8652,0.5323
22.3562,7.701,0.6314,0.4843
24.2889,5.6128,0.2317,0.1255
22.6514,3.5591,0.5842,0.1882
28.6525,3.7918,0.4746,0.1632
27.7563,4.9199,0.0402,0.0187
26.3489,4.1321,0.1958,0.0747
21.0703,5.9219,0.2091,0.1208
25.4013,7.5064,0.4788,0.3554
27.3515,4.1543,0.4303,0.1649
20.9123,6.1543,0.4,0.2412
28.1417,2.5352,0.8409,0.1754
29.1191,4.8664,0.0373,0.0171
27.7873,4.2363,0.465,0.1822
26.6769,2.7997,0.9238,0.2198
20.0476,6.3325,0.8201,0.5109
27.8468,1.3498,0.2715,0.0197
27.3856,3.7794,0.685,0.2351
20.9801,7.1998,0.2365,0.1691
23.3678,5.076,0.3443,0.167
25.3481,5.2081,0.5924,0.2946
21.8456,2.6379,0.4472,0.0993
26.1918,4.7309,0.7623,0.3398
25.0042,5.4295,0.8117,0.4232
20.139,7.4032,0.0947,0.0699
28.3039,1.5846,0.1619,0.0165
21.9548,7.4115,0.9325,0.6869
23.4228,2.1345,0.5057,0.0839
23.0356,2.6202,0.8955,0.1968
24.5413,4.2907,0.9317,0.3725
23.8248,2.9291,0.1717,0.0435
21.6512,7.4431,0.3853,0.2853
22.5806,7.5651,0.1595,0.12
20.5263,5.4759,0.2429,0.1288
25.4565,2.8301,0.6551,0.1584
26.2804,6.9947,0.817,0.5612
26.0672,7.7225,0.3266,0.2497
27.3965,5.8076,0.1917,0.1073
21.7945,1.775,0.6685,0.0838
22.0007,5.6364,0.0808,0.0441
25.43,1.6979,0.5775,0.0668
26.2454,4.0485,0.7466,0.2782
21.1933,4.0595,0.9646,0.3637
24.6069,5.1116,0.576,0.2809
24.4774,5.3522,0.6806,0.3495
20.2315,1.8063,0.8553,0.1106
25.497,6.2546,0.7192,0.4379
29.0816,5.3531,0.5314,0.2708
20.7161,3.9089,0.391,0.1412
25.8996,2.4886,0.9696,0.1981
20.072,4.9594,0.4325,0.2054
20.3404,6.9687,0.2367,0.1636
22.1106,3.9293,0.8275,0.2999
20.3046,7.324,0.2529,0.1844
23.4205,5.5651,0.1308,0.0703
26.1031,6.6169,0.6931,0.4484
23.2988,3.6373,0.1997,0.0659
29.3293,5.6787,0.1176,0.064
28.9704,2.722,0.8073,0.1846
25.6599,5.2778,0.3199,0.1614
20.491,6.4483,0.811,0.5149
24.9279,7.2181,0.9636,0.6864
20.8124,6.5658,0.4103,0.2655
27.9296,4.9526,0.02,0.0094
21.4013,2.7038,0.9204,0.2113
26.1719,5.5599,0.6567,0.3508
24.7467,3.7946,0.997,0.3453
23.8342,3.6214,0.9802,0.3217
27.6605,6.5149,0.8427,0.5346
28.8098,5.1718,0.5557,0.2727
23.0342,3.7699,0.3174,0.1094
27.4871,7.8239,0.2699,0.2087
24.3646,6.8997,0.2893,0.1964
22.7437,7.624,0.4643,0.3521
27.7066,6.4875,0.6615,0.4177
28.2805,5.3493,0.7438,0.3793
28.6942,4.4075,0.3303,0.1352
26.8906,5.6634,0.7586,0.4131
24.8825,5.7323,0.4533,0.251
27.7251,1.7674,0.8836,0.1089
27.744,1.5494,0.909,0.0887
26.9063,5.3452,0.0365,0.0187
27.9566,4.1839,0.9262,0.3576
23.3098,3.6986,0.8952,0.3015
28.7171,1.761,0.0927,0.0113
22.2623,2.2904,0.1201,0.0221
26.9838,7.4455,0.8008,0.5878
26.8018,5.4698,0.8133,0.4262
24.3872,5.4698,0.5104,0.2686
20.756,6.9831,0.3332,0.2306
29.8422,7.5725,0.9719,0.723
29.1838,6.7413,0.8445,0.5547
29.2895,4.1653,0.4741,0.1817
26.2085,3.3497,0.3538,0.1053
23.1748,4.561,0.828,0.3558
20.1206,4.391,0.9015,0.3729
24.1356,1.4132,0.0485,0.0039
28.4081,7.8662,0.6947,0.5397
26.6277,5.7898,0.179,0.0999
26.3132,5.7333,0.3016,0.1667
25.8303,6.6193,0.6135,0.3972
23.1051,6.5603,0.3778,0.2434
24.6197,6.2035,0.9644,0.5828
27.4637,3.8727,0.4068,0.1437
26.165,3.3254,0.2076,0.0613
20.4733,4.6215,0.5669,0.2484
28.379,6.0533,0.166,0.097
25.4155,5.8835,0.3492,0.1988
28.5626,5.3012,0.1972,0.0995
25.7687,7.697,0.8969,0.6837
26.5148,2.3434,0.3249,0.0611
29.7818,4.2729,0.729,0.2875
26.3108,4.629,0.2374,0.1032
23.3109,6.502,0.3151,0.201
21.9729,4.7373,0.3471,0.1561
29.28,1.5384,0.6799,0.0653
29.5825,2.5197,0.616,0.1272
23.7583,5.2989,0.5725,0.2911
29.1586,2.9328,0.3001,0.0754
23.1384,2.4211,0.5877,0.1162
27.1127,5.1926,0.1279,0.0632
23.3756,4.9318,0.1258,0.0591
26.88,6.7483,0.7926,0.5231
26.4152,1.2805,0.1254,0.008
28.2138,3.3692,0.9987,0.2983
29.8725,3.3224,0.5531,0.162
25.3412,1.9496,0.0352,0.0051
27.1862,7.5098,0.2368,0.1754
20.2998,3.3769,0.059,0.0179
29.8464,4.383,0.1358,0.0551
20.3748,4.0716,0.2196,0.0832
21.363,1.2365,0.8692,0.0503
27.2758,4.9456,0.1142,0.0534
25.8806,3.0136,0.2574,0.0673
27.4797,3.3215,0.7429,0.2184
26.0135,7.4124,0.2396,0.1753
21.0625,7.4903,0.417,0.3111
25.0858,7.1061,0.8078,0.5656
27.5705,2.3833,0.7353,0.1413
29.2394,2.4968,0.8339,0.1702
26.9425,4.7479,0.4019,0.1796
24.9117,6.9112,0.2753,0.1871
21.8725,2.2083,0.9323,0.1628
23.6917,2.2192,0.2257,0.0395
23.7934,6.0476,0.2472,0.1455
24.4627,7.8288,0.7508,0.5841
23.6291,7.8312,0.4096,0.3192
25.4995,4.4321,0.4128,0.171
24.5521,6.317,0.9787,0.6034
21.613,4.7263,0.69,0.3096
25.2,5.4008,0.9046,0.4687
23.6549,2.6435,0.0877,0.0195
25.2287,7.345,0.2317,0.1681
26.7575,6.3374,0.4998,0.3081
20.5455,5.6352,0.31,0.1697
28.407,2.0943,0.1185,0.019
24.6725,4.545,0.2512,0.1073
24.5008,5.272,0.9068,0.4579
24.1081,5.2275,0.8943,0.4476
22.3275,6.3172,0.9622,0.5955
29.3844,6.6812,0.0137,0.0089
26.3943,5.3539,0.4771,0.2443
21.3893,3.6168,0.2482,0.0817
24.9379,7.5488,0.2299,0.1719
22.0871,2.3997,0.7687,0.1505
27.5998,6.0342,0.5248,0.3062
21.4414,1.2236,0.7111,0.0398
29.607,7.6784,0.2866,0.2165
24.8153,5.0433,0.8182,0.3929
27.7569,6.1668,0.3588,0.2143
25.4759,3.6145,0.2394,0.0782
27.442,4.7014,0.1479,0.0653
25.8409,7.6885,0.2497,0.1901
21.0577,3.6779,0.8832,0.2966
21.386,3.5664,0.3165,0.1024
22.3676,6.1999,0.9546,0.5788
22.3614,7.5818,0.1249,0.0942
28.7611,4.7664,0.7213,0.3229
23.4043,3.9806,0.5086,0.1867
29.3721,6.935,0.1359,0.092
29.6409,1.2157,0.2592,0.014
21.4409,2.4548,0.2886,0.0583
21.5335,5.2666,0.63,0.3194
24.609,5.4347,0.6628,0.3461
25.2082,3.0181,0.5601,0.1469
26.7425,5.5533,0.9689,0.5164
24.3479,4.9139,0.8155,0.3806
20.9758,4.7457,0.3767,0.17
24.8031,4.1007,0.9494,0.36
22.9461,7.9151,0.2015,0.159
28.7438,2.7008,0.7946,0.1799
29.7917,7.9077,0.0873,0.068
23.6362,1.4704,0.6059,0.0537
22.4684,1.5424,0.3571,0.0349
26.8652,2.8329,0.6068,0.1465
28.7541,4.1589,0.4285,0.1641
25.3284,4.9694,0.5728,0.2703
26.5759,6.6032,0.4264,0.275
28.8165,6.091,0.1591,0.0936
26.109,2.646,0.5044,0.1117
28.7545,3.5342,0.4111,0.13
29.2639,4.9945,0.3827,0.1804
24.1012,7.5263,0.539,0.4021
23.0888,3.8353,0.2979,0.1048
22.2066,3.4921,0.0154,0.0048
25.4799,2.6863,0.1127,0.0255
23.3607,7.0426,0.524,0.3644
27.2243,3.9794,0.8296,0.3026
27.3504,7.278,0.5364,0.3839
20.8101,6.189,0.684,0.415
25.1979,6.2981,0.0441,0.0271
29.4398,5.0493,0.3006,0.1435
25.7338,7.3163,0.416,0.3003
20.5793,6.755,0.1476,0.0986
21.8026,1.424,0.6448,0.0536
22.1863,6.5809,0.6924,0.4482
27.0875,7.5828,0.7506,0.5618
25.8869,3.123,0.7139,0.1951
22.0419,4.5876,0.9291,0.4027
23.3689,6.0894,0.5254,0.3118
22.0605,7.7138,0.2761,0.2123
27.7308,1.9412,0.2615,0.0374
25.1446,1.3494,0.0032,0.0002
20.6129,2.3004,0.8701,0.1612
25.9771,3.846,0.8311,0.2918
21.6187,2.6798,0.8685,0.197
27.3914,5.3846,0.7251,0.3731
20.6347,1.2003,0.0504,0.0026
20.7635,6.4078,0.0526,0.0331
22.8813,1.9151,0.3539,0.05
26.4504,7.2352,0.7152,0.5094
21.6017,4.9481,0.0118,0.0056
24.6668,4.1625,0.2652,0.1024
28.9003,4.1385,0.5878,0.2238
26.2776,4.9923,0.7966,0.3773
22.5126,2.5998,0.0007,0.0002
28.2607,2.5098,0.7769,0.1599
23.2623,1.8268,0.0557,0.0073
29.5458,5.4441,0.1769,0.0918
28.1943,4.8504,0.4285,0.1958
28.8514,5.9674,0.5683,0.3268
22.9116,2.5536,0.2487,0.0528
22.9053,6.6039,0.9279,0.6022
24.2033,3.6814,0.49,0.1639
28.4136,4.3047,0.6805,0.2713
22.6755,1.8546,0.9887,0.1328
26.5858,7.2648,0.569,0.407
25.2056,5.1482,0.2368,0.1163
29.9154,1.563,0.5986,0.0592
27.3683,6.5296,0.9143,0.5817
26.4038,5.6803,0.5881,0.3216
26.4956,7.7605,0.0351,0.027
21.5195,5.8527,0.4384,0.2498
21.3173,3.5488,0.7343,0.2362
27.4192,7.0988,0.3999,0.2786
26.6615,1.346,0.929,0.0672
23.3722,5.8847,0.0158,0.009
27.1559,7.3952,0.0867,0.0631
24.5172,4.1088,0.1046,0.0398
21.2121,1.8171,0.9997,0.1303
27.4196,1.6452,0.8364,0.0912
26.8044,1.4059,0.2336,0.0187
24.4157,2.1045,0.312,0.0506
21.5923,3.9316,0.0173,0.0063
21.0897,7.1151,0.1257,0.0887
27.443,4.427,0.229,0.0944
23.074,3.9475,0.3391,0.1234
29.5023,2.9308,0.5381,0.1351
26.9922,6.3626,0.9122,0.5646
26.6718,6.7228,0.5519,0.3629
21.6078,1.9479,0.9784,0.1421
26.9965,1.5691,0.7913,0.0792
25.1186,5.3078,0.8959,0.4553
24.6189,5.4397,0.2997,0.1567
28.4057,1.8487,0.4069,0.0539
21.4148,5.8563,0.6731,0.3839
28.0117,3.8909,0.1893,0.0672
27.7094,7.9151,0.834,0.653
28.1417,5.7638,0.6035,0.3344
23.9145,5.0748,0.9737,0.4716
27.9824,3.7886,0.8625,0.2966
29.2913,5.3874,0.0957,0.0491
23.0457,5.4533,0.4445,0.2336
24.3761,6.1642,0.5143,0.3088
27.4123,2.8573,0.7904,0.1928
24.0324,5.6227,0.2302,0.125
22.7933,6.5523,0.0892,0.0574
25.2989,7.9378,0.8291,0.6538
29.0329,6.2738,0.6003,0.3646
27.2763,5.0075,0.6762,0.3208
23.2884,1.4464,0.2413,0.0207
20.453,2.2297,0.6944,0.1232
20.9094,7.5637,0.697,0.5257
21.9948,7.784,0.2152,0.1671
22.3598,3.6573,0.1517,0.0505
22.2206,6.7882,0.3521,0.2357
21.3614,5.1281,0.8351,0.411
26.3944,7.5722,0.0237,0.0177
26.1164,4.7462,0.5612,0.2511
27.3501,2.948,0.5941,0.1508
28.2147,7.1513,0.5414,0.3797
27.4632,3.9341,0.632,0.2273
29.839,4.095,0.7006,0.263
20.9414,2.8235,0.8669,0.2106
29.7896,1.7118,0.138,0.0161
29.6959,3.9405,0.5467,0.1963
20.4595,6.0775,0.3119,0.1856
25.2659,7.1257,0.657,0.4612
20.6238,3.9023,0.2325,0.0838
21.2164,3.8605,0.7854,0.2792
23.5774,6.1929,0.9889,0.5976
20.7877,4.3213,0.7338,0.2976
29.3021,3.8225,0.8936,0.3098
22.4003,2.4734,0.6714,0.1368
20.988,3.9236,0.5082,0.1842
20.9152,1.6533,0.0255,0.0028
28.3843,4.8812,0.8893,0.4092
25.9392,5.4063,0.3854,0.1996
28.7297,3.8421,0.4651,0.1624
25.5136,5.8204,0.445,0.2503
23.0838,1.4596,0.1786,0.0156
28.1773,5.9777,0.7255,0.4185
20.2134,2.2497,0.511,0.0918
26.7183,3.1568,0.8614,0.2383
21.923,2.6867,0.5881,0.1338
29.4107,1.8191,0.8798,0.1133
23.2351,3.417,0.3233,0.0991
29.1134,6.5657,0.27,0.1723
27.5669,4.0894,0.8797,0.331
26.3646,1.6553,0.0731,0.0081
20.5845,1.5771,0.0204,0.0021
22.0558,2.526,0.2611,0.0548
22.9636,6.4344,0.7597,0.4792
29.8442,6.4666,0.9376,0.5878
27.6561,4.3758,0.8833,0.3593
20.3965,1.9799,0.1256,0.0187
23.9623,3.8854,0.9719,0.3465
25.2954,1.3781,0.4322,0.0332
26.8555,4.915,0.7373,0.3427
29.3916,7.7777,0.8059,0.6175
28.1898,2.2277,0.7127,0.1246
26.105,3.6851,0.309,0.1031
29.6724,3.5402,0.5539,0.1752
27.6097,3.6881,0.4939,0.1646
21.0178,6.3496,0.8843,0.5516
26.6821,3.8731,0.133,0.047
20.9075,3.3667,0.9492,0.2868
20.5403,2.0164,0.9855,0.1511
25.7545,4.0746,0.9497,0.3569
26.6463,3.2009,0.0005,0.0001
26.8171,2.6392,0.27,0.0595
22.0002,2.5177,0.1287,0.0269
25.3474,4.3707,0.3198,0.1304
29.1585,3.5085,0.4616,0.1446
25.1835,1.6199,0.698,0.0743
20.2142,4.997,0.9955,0.4768
25.5606,2.3806,0.3752,0.0722
29.661,2.9745,0.9543,0.244
23.8368,5.6253,0.3751,0.2038
23.1843,3.987,0.199,0.0732
25.0415,1.997,0.6393,0.0959
25.4923,7.8583,0.3296,0.257
22.7723,6.5802,0.2842,0.1837
28.717,6.8813,0.532,0.3576
27.1283,7.8262,0.1081,0.0837
24.4944,3.6036,0.8586,0.2798
26.8517,4.7491,0.7326,0.3276
26.3575,2.4274,0.5703,0.1126
23.696,5.6971,0.0508,0.028
24.5727,7.4547,0.6837,0.5046
27.4403,3.0195,0.6776,0.1772
23.5996,2.9424,0.149,0.038
27.9693,4.9658,0.471,0.2211
25.6926,4.7673,0.4412,0.1985
26.0773,2.4691,0.9113,0.1842
25.5217,5.0627,0.2611,0.1258
24.187,4.3402,0.5631,0.2282
21.2581,7.1262,0.0367,0.026
20.6981,1.4608,0.8587,0.0754
27.3019,1.3196,0.8695,0.0598
24.8678,4.9786,0.5282,0.25
24.3312,6.8432,0.2998,0.2017
28.3658,7.0594,0.5048,0.349
20.8242,3.3094,0.6605,0.1955
23.007,7.7121,0.6978,0.5355
20.557,1.2074,0.5641,0.0302
27.0056,1.8159,0.345,0.0445
20.2376,3.6719,0.1276,0.0428
24.2031,1.3203,0.3817,0.0264
26.46,6.2927,0.3413,0.2089
23.4044,6.2073,0.2541,0.154
21.3841,6.5952,0.1794,0.1165
20.8254,7.3954,0.3726,0.2743
21.703,5.504,0.4507,0.2399
25.6533,7.9694,0.2197,0.1739
23.1867,2.4602,0.6383,0.129
27.6654,3.0389,0.4039,0.1064
24.2116,1.7383,0.5285,0.0637
28.5483,7.0384,0.7791,0.5367
20.0993,5.338,0.8038,0.4146
29.4853,6.8599,0.1045,0.0699
23.7291,3.2975,0.1787,0.0524
26.9202,3.6431,0.6686,0.2199
29.949,3.5711,0.3176,0.1015
26.672,5.3463,0.3438,0.1757
24.1796,3.7583,0.891,0.3054
22.2678,7.9618,0.7649,0.6082
24.6087,4.4397,0.7407,0.3079
25.9432,5.6885,0.7036,0.3857
28.4104,2.5939,0.3737,0.0803
25.0594,6.2269,0.4616,0.2799
25.6141,6.6325,0.6636,0.4307
21.9521,4.6928,0.165,0.0734
25.6626,7.7654,0.991,0.7627
28.4307,5.3985,0.8472,0.4363
20.0969,3.9944,0.7906,0.2931
26.0122,3.0354,0.8079,0.2131
22.2512,4.8195,0.5229,0.2396
22.5207,4.2846,0.7006,0.2806
21.7222,4.4818,0.3669,0.1549
21.472,5.0371,0.9789,0.4721
21.5366,6.4383,0.0722,0.0457
27.6621,3.1588,0.4665,0.1289
25.362,6.0767,0.4704,0.2776
26.6866,3.5359,0.8121,0.2578
26.1705,4.2725,0.7381,0.2928
20.0676,2.5605,0.2236,0.0479
25.4319,6.3112,0.1501,0.0923
26.4887,4.1028,0.4952,0.1874
26.088,6.5605,0.6729,0.4312
23.7342,6.0927,0.4755,0.2822
25.6103,3.9934,0.4351,0.1598
23.374,7.5912,0.9034,0.6812
28.674,5.7473,0.0911,0.0503
20.0487,7.3798,0.7537,0.5544
22.0098,2.4792,0.8813,0.1803
20.4651,2.7599,0.459,0.1084
26.5254,7.5962,0.0373,0.028
25.3259,4.1079,0.0652,0.0248
20.8491,1.7198,0.9662,0.1151
23.9023,4.0501,0.1681,0.0629
28.0524,5.3006,0.4765,0.2406
23.7243,2.6245,0.1083,0.0238
20.7757,1.4614,0.5486,0.0482
23.402,4.4757,0.1411,0.0593
23.3766,1.9073,0.2605,0.0365
27.1115,6.1436,0.7952,0.4735
20.344,4.8409,0.2111,0.0975
24.606,1.378,0.9422,0.0723
23.2059,6.272,0.2258,0.1384
22.0204,3.5315,0.1067,0.0341
23.951,1.7468,0.9906,0.1205
20.3677,2.2462,0.1141,0.0205
27.6089,3.7136,0.753,0.253
29.0246,1.2968,0.0814,0.0053
28.7641,6.5381,0.3086,0.1962
26.551,7.1205,0.7701,0.539
21.5194,6.3335,0.9217,0.5728
29.2944,3.9209,0.691,0.2468
23.0836,1.5342,0.3897,0.0376
22.3069,1.8801,0.3893,0.0535
23.1318,1.7243,0.9581,0.1142
26.1195,4.656,0.7942,0.3477
25.9986,7.439,0.3651,0.2682
25.7313,3.979,0.8164,0.2984
26.3867,4.5389,0.1113,0.0473
24.9858,7.9573,0.424,0.3354
23.5508,7.4355,0.1224,0.0902
21.4182,6.8248,0.8673,0.5849
28.1671,2.6952,0.5584,0.1262
23.3028,7.492,0.7584,0.5639
23.7403,4.5379,0.9814,0.4189
20.5515,1.8899,0.1436,0.0199
23.8232,4.6319,0.7058,0.3084
26.3578,3.6786,0.8905,0.2965
25.2911,7.3941,0.2278,0.1664
23.9711,5.3611,0.6892,0.3549
24.7173,7.4388,0.6277,0.4621
23.8541,5.1553,0.648,0.3195
22.7658,7.9623,0.5208,0.4138
27.4987,4.9996,0.3395,0.1607
22.4299,3.3748,0.64,0.1934
24.6707,7.2387,0.3407,0.2435
21.3717,4.3657,0.5808,0.2381
28.4105,6.3669,0.5182,0.3202
24.3903,4.6058,0.0327,0.0142
20.791,2.0305,0.8682,0.1345
29.2525,7.849,0.3325,0.2573
27.1946,4.7595,0.84,0.3764
22.3534,6.1527,0.8116,0.4879
22.4638,4.0141,0.245,0.091
26.2808,1.6495,0.9129,0.1002
28.1467,3.5181,0.2378,0.0749
22.8191,2.0056,0.4313,0.0654
21.8321,2.2471,0.26,0.0465
26.4786,5.1328,0.8661,0.423
25.4687,2.8973,0.2423,0.0603
25.8512,4.2254,0.3542,0.1388
26.9988,3.481,0.0285,0.0089
21.978,5.8196,0.738,0.4176
24.8619,4.1568,0.4261,0.1641
26.9348,7.4766,0.4427,0.3264
21.2498,7.0732,0.3549,0.2489
25.1694,2.5093,0.2003,0.0414
26.801,7.8081,0.1553,0.12
27.09,5.3566,0.5484,0.2807
29.0468,5.8951,0.197,0.1118
29.3423,1.4861,0.2995,0.0269
28.7234,1.9443,0.9191,0.1316
27.9822,7.2161,0.0043,0.0031
20.9428,2.3142,0.3925,0.0733
22.3685,6.4347,0.4949,0.3125
23.2332,4.2411,0.525,0.2075
26.8654,1.3271,0.1447,0.0101
22.8676,5.8822,0.924,0.5283
26.7278,3.3217,0.8308,0.2446
26.2106,1.2446,0.5284,0.0309
26.4818,2.9445,0.1367,0.0347
20.6385,3.9302,0.6434,0.2338
27.5158,4.3178,0.1774,0.0711
29.4433,7.4965,0.8933,0.6578
21.018,4.6045,0.9432,0.4112
29.674,3.5584,0.6536,0.208
22.3057,1.2006,0.7498,0.0393
23.2066,6.3203,0.1293,0.08
26.1783,6.4126,0.9753,0.6096
22.2924,3.2617,0.6838,0.1983
22.9663,3.9595,0.6762,0.2469
24.7316,1.2127,0.9662,0.0522
24.0679,2.7374,0.6576,0.1527
21.1041,5.1243,0.4197,0.2065
28.9932,6.8186,0.0555,0.0369
22.7581,5.8285,0.2096,0.1186
27.9859,2.5868,0.346,0.0742
21.2081,2.9654,0.617,0.1594
25.2572,2.9978,0.5433,0.1413
25.5431,6.7391,0.5196,0.3432
26.9131,7.0222,0.7891,0.5437
23.1312,5.2284,0.6414,0.3216
21.9616,6.4081,0.517,0.3252
25.9037,5.7607,0.2072,0.1152
22.2179,4.1541,0.7719,0.2984
26.7861,4.7171,0.8062,0.3578
28.8636,6.4713,0.0348,0.0219
21.0848,5.8548,0.6048,0.3451
27.7883,3.0963,0.9084,0.2449
28.2621,2.8257,0.8661,0.208
23.8366,5.2004,0.7671,0.3819
24.6994,4.8894,0.5569,0.2583
26.3633,3.3857,0.8802,0.2653
24.9868,5.2475,0.2128,0.1068
26.2594,1.7802,0.5547,0.0693
20.3387,7.4538,0.6113,0.4543
29.2788,5.8152,0.0888,0.0496
27.3297,4.0738,0.8803,0.3299
25.5448,2.9664,0.2494,0.064
29.8836,2.9863,0.9008,0.2313
26.2769,3.5994,0.6252,0.2029
24.5192,7.504,0.5228,0.3886
22.9826,2.2642,0.5615,0.1013
21.7007,6.065,0.8435,0.4997
23.553,3.4431,0.7882,0.2436
22.1872,1.2523,0.4906,0.0295
24.0208,1.3372,0.1099,0.0079
27.5418,1.9973,0.6069,0.0907
20.9491,5.5864,0.0039,0.0021
24.7055,6.9448,0.4547,0.3108
23.5677,5.5378,0.2074,0.1108
24.3054,3.301,0.9176,0.2691
22.2346,5.3252,0.0944,0.0484
26.9119,3.9857,0.0992,0.0363
29.3451,2.2492,0.7712,0.1364
28.2316,3.4253,0.1593,0.0485
23.6033,5.9634,0.8876,0.5146
28.8462,3.6384,0.4738,0.1551
24.8526,1.2523,0.1418,0.0085
26.9596,5.2246,0.5646,0.2811
27.1173,5.151,0.4421,0.2165
24.8704,4.088,0.6903,0.2608
24.4833,4.9066,0.1046,0.0487
22.8374,6.8364,0.2943,0.1983
26.2868,7.393,0.8268,0.6029
20.5892,5.5985,0.9354,0.5083
25.1458,2.7803,0.1983,0.0469
20.5744,3.6788,0.0439,0.0148
28.6579,4.1431,0.8429,0.3214
26.2046,3.8143,0.595,0.2068
20.7666,5.6318,0.5825,0.3186
25.2964,6.7142,0.5237,0.3447
21.2349,4.4973,0.7061,0.2996
25.7235,4.1544,0.7292,0.2803
22.6438,6.7962,0.5113,0.3425
27.1706,7.2815,0.8076,0.5785
28.2736,4.2332,0.2562,0.1002
29.5801,4.5019,0.876,0.3669
29.8293,2.3065,0.6076,0.1112
27.7303,3.7317,0.6797,0.2297
27.1354,5.0823,0.5969,0.288
27.2615,6.7962,0.835,0.555
20.5547,7.8472,0.0257,0.0202
28.3856,6.3634,0.4587,0.2833
20.3549,4.0778,0.5391,0.2046
24.3281,4.7756,0.8837,0.3994
25.8319,5.3939,0.883,0.4563
26.1104,5.329,0.6286,0.3204
21.681,2.2278,0.3874,0.0685
20.8812,4.2381,0.4558,0.1807
21.0035,6.673,0.4044,0.2663
28.7136,1.7914,0.7717,0.0971
26.7602,4.5118,0.5275,0.2226
21.5307,4.1254,0.2072,0.0795
23.3044,7.0712,0.5733,0.4005
22.026,7.964,0.3642,0.2898
20.6852,5.7862,0.4587,0.2585
25.5346,1.2016,0.4093,0.0214
22.4843,5.3412,0.6251,0.3213
20.253,7.6911,0.1008,0.0775
29.5671,5.3764,0.4237,0.2168
22.2657,3.8994,0.2188,0.0786
27.4449,5.328,0.1191,0.0606
24.6133,7.2073,0.3233,0.2301
21.61,3.5457,0.3506,0.1126
24.5667,4.3297,0.137,0.0553
23.1931,5.9044,0.4701,0.2697
27.3507,6.4815,0.1361,0.0859
22.3537,3.3984,0.4625,0.141
21.3825,2.5241,0.7969,0.1672
28.1781,3.8174,0.3052,0.1058
23.3254,5.735,0.5943,0.3302
29.6141,7.7738,0.864,0.6614
28.3125,5.5114,0.8712,0.4593
25.4012,2.9429,0.0295,0.0075
21.5034,1.7611,0.2249,0.0278
21.5562,6.1266,0.7806,0.4678
25.5393,5.1498,0.6864,0.337
27.1789,4.9848,0.0867,0.0409
27.7896,7.1157,0.8922,0.6228
22.3259,1.7108,0.5505,0.0648
27.6242,5.8493,0.3265,0.1841
27.4567,6.2846,0.3088,0.1884
24.1541,6.4483,0.0675,0.0426
25.5135,4.2759,0.8103,0.3221
28.5813,3.9235,0.4151,0.1485
27.3682,1.6676,0.162,0.0181
21.7964,4.7331,0.1048,0.0471
25.0442,3.6166,0.0363,0.0119
25.3647,1.4015,0.7679,0.0612
24.999,4.3812,0.4716,0.193
28.0818,6.2838,0.3249,0.198
26.1036,4.5336,0.8822,0.3747
25.5666,1.5647,0.2395,0.0239
25.3879,6.0791,0.6416,0.3788
25.3197,2.548,0.673,0.142
25.0217,1.6198,0.9614,0.1024
26.7075,5.8462,0.5485,0.3095
21.0366,3.0073,0.1882,0.0495
28.277,7.4705,0.5896,0.4334
28.0954,3.4445,0.7317,0.2245
24.3282,7.8183,0.9171,0.7126
20.6814,5.0662,0.7372,0.3583
23.0445,5.2554,0.7918,0.3994
28.5243,7.6865,0.9959,0.7545
24.9393,3.4176,0.8231,0.2515
29.0611,1.485,0.9365,0.0839
27.715,6.1188,0.3909,0.2315
27.2214,1.7469,0.3828,0.0463
23.5329,4.1733,0.6822,0.2646
28.7588,2.0657,0.5879,0.0922
22.4376,4.0297,0.0001,0.0
23.8647,4.0432,0.9152,0.3419
29.6844,2.0968,0.2265,0.0362
25.0234,4.514,0.8903,0.3769
22.6116,3.8938,0.016,0.0057
20.4579,6.5289,0.0921,0.0592
21.597,6.6314,0.677,0.4423
28.1276,7.2099,0.7709,0.5455
28.4268,7.2914,0.4791,0.343
29.3609,2.4526,0.6462,0.1287
22.4538,4.261,0.0014,0.0005
21.1869,7.6687,0.8948,0.6846
24.0456,6.0927,0.6853,0.4065
21.7581,4.672,0.9269,0.4104
24.6287,6.4676,0.8344,0.5278
24.3429,4.4144,0.7454,0.308
22.1137,1.6878,0.4171,0.048
24.0351,2.9511,0.7321,0.1871
27.5259,6.1102,0.0728,0.0431
27.8802,2.64,0.4802,0.1057
25.3809,4.7507,0.2563,0.1149
23.142,4.1761,0.0208,0.0081
25.0812,5.7567,0.5391,0.2999
25.2816,5.0465,0.1614,0.0775
27.8277,6.212,0.1763,0.1061
23.3003,7.9799,0.5276,0.4198
22.4052,3.8425,0.9717,0.3429
21.8373,2.2109,0.7802,0.1364
25.9922,2.7894,0.708,0.1679
25.486,3.3694,0.5237,0.1572
22.0295,3.6736,0.488,0.1634
24.5085,1.5421,0.7559,0.0735
22.6289,7.6784,0.5568,0.4256
27.2903,7.2677,0.4281,0.306
23.2398,3.0097,0.0975,0.0256
24.9603,5.2989,0.6685,0.3392
24.5608,6.1637,0.018,0.0108
29.828,3.4234,0.9698,0.2946
29.0711,1.2576,0.6009,0.0361
28.3128,7.4663,0.7489,0.5502
29.313,7.5524,0.0874,0.0649
24.5917,3.3618,0.5313,0.1593
28.9468,3.9313,0.9795,0.3512
22.5466,7.2762,0.882,0.6362
22.1388,3.4894,0.6805,0.2142
21.7514,4.4605,0.6051,0.2541
22.5128,6.0933,0.6347,0.3775
27.0283,4.5768,0.7219,0.3094
29.5324,1.2275,0.698,0.0389
24.4243,2.851,0.2155,0.0527
23.738,5.7394,0.1387,0.077
27.5222,7.4388,0.8733,0.6398
22.0152,7.7951,0.2925,0.2274
25.5888,7.4755,0.4083,0.3017
25.9761,7.5425,0.8171,0.6092
22.4012,6.0834,0.8053,0.4782
28.8676,1.2865,0.0487,0.0031
29.6178,5.7341,0.3992,0.2194
22.3992,3.3491,0.5241,0.157
22.775,1.9823,0.6685,0.0995
20.8948,3.5781,0.7853,0.2553
27.5249,5.2196,0.2591,0.1287
20.3224,7.2415,0.0251,0.0181
26.4115,7.7272,0.1316,0.1006
24.9404,1.4692,0.5178,0.0457
23.5788,6.9948,0.2866,0.1978
25.9033,5.3998,0.2623,0.1357
26.1489,5.3812,0.8496,0.4377
27.4456,3.591,0.203,0.0656
26.6005,4.8377,0.2203,0.1006
28.0213,3.0492,0.8065,0.2132
25.3484,2.4308,0.6807,0.1349
25.3352,1.3528,0.5802,0.0426
22.6666,6.3703,0.4084,0.2549
20.308,3.0233,0.3037,0.0805
29.2397,7.0204,0.7644,0.5246
24.3684,5.201,0.7947,0.3953
22.4949,6.8446,0.3168,0.2139
28.6234,7.9852,0.0269,0.0212
24.2535,6.9875,0.1067,0.0735
24.3055,7.3364,0.269,0.1952
28.568,1.9146,0.2199,0.0307
22.8305,7.0177,0.9515,0.6597
25.2431,4.3119,0.6508,0.2614
27.1957,3.0007,0.6999,0.1816
23.0387,1.9084,0.7061,0.0992
29.4807,3.1906,0.5787,0.1614
22.0903,1.9573,0.9013,0.1318
25.353,5.2374,0.6165,0.3086
29.8228,4.8009,0.828,0.373
27.209,6.0166,0.4878,0.2839
20.1606,3.3598,0.579,0.1747
22.682,2.4844,0.5264,0.1079
25.7027,2.6758,0.9757,0.2194
27.498,1.9839,0.8981,0.1328
24.9749,5.2595,0.2128,0.1071
26.5194,1.3972,0.7295,0.0576
21.6855,5.251,0.8101,0.4091
26.5023,1.2344,0.1116,0.0064
21.5781,1.5062,0.9485,0.0886
20.172,6.8668,0.6846,0.4657
21.3837,4.3431,0.5822,0.2373
29.124,7.1026,0.6707,0.4662
23.9602,7.5308,0.6558,0.4897
28.8854,3.0469,0.1762,0.0465
22.5405,1.7121,0.2021,0.0238
27.123,1.6953,0.2648,0.0305
29.343,3.824,0.2296,0.0796
29.6775,7.365,0.1245,0.0899
22.7625,2.7767,0.5034,0.1193
26.6428,7.9534,0.6495,0.512
27.4634,5.3431,0.7549,0.385
23.9419,3.4287,0.7144,0.2196
27.1703,6.2132,0.348,0.2098
25.4012,3.5798,0.138,0.0446
24.8139,4.5763,0.8023,0.3452
24.5134,5.4234,0.2514,0.131
25.0554,5.2089,0.6009,0.2991
24.4026,2.5964,0.5538,0.12
25.2887,5.7062,0.6059,0.3336
23.6958,4.8423,0.2409,0.1107
24.0798,2.274,0.063,0.0114
26.0206,3.7729,0.5503,0.1889
25.3094,1.7309,0.4169,0.0498
22.2559,1.9974,0.7602,0.1146
28.5742,4.1258,0.0188,0.0071
24.689,5.7749,0.5259,0.2937
22.1495,6.4621,0.8961,0.5687
23.766,4.3875,0.1451,0.0596
27.4168,4.3423,0.5835,0.2354
24.417,5.7001,0.5727,0.3154
23.903,1.8263,0.1287,0.0168
23.2016,6.4746,0.9272,0.5886
26.4061,5.3231,0.7714,0.3925
23.5615,6.5901,0.1434,0.0927
23.9917,5.8341,0.8409,0.4756
29.7196,2.7259,0.3651,0.0835
28.8197,5.8242,0.4793,0.2684
25.19,6.9269,0.9969,0.6788
22.8132,7.5801,0.335,0.2524
21.416,7.8991,0.8508,0.6717
24.6612,5.1099,0.208,0.1014
22.3843,6.9929,0.7728,0.5342
24.6675,6.9649,0.8978,0.6155
22.3641,4.8071,0.1317,0.0601
20.8312,6.8462,0.1983,0.1343
24.0206,5.5767,0.0734,0.0395
28.728,7.8335,0.4865,0.3761
28.4634,6.962,0.8849,0.6026
22.0993,7.1654,0.1861,0.1322
21.7092,2.6986,0.576,0.1318
26.0464,1.2522,0.0099,0.0006
26.4098,5.2132,0.2324,0.1155
21.3292,2.9508,0.1546,0.0397
29.6981,3.901,0.0146,0.0052
20.2485,1.9374,0.284,0.041
21.6172,5.5079,0.3299,0.1757
23.6702,5.3847,0.239,0.1237
21.9395,2.5745,0.266,0.0572
26.316,3.1815,0.9842,0.275
24.0853,3.6082,0.4258,0.1391
25.9023,3.3676,0.3628,0.1087
23.865,6.0052,0.5556,0.3244
22.8297,3.1473,0.6179,0.1714
26.5323,1.7612,0.5912,0.0726
29.3822,6.6316,0.7411,0.478
25.8084,5.3606,0.1634,0.0839
25.0441,4.6093,0.3028,0.1313
21.3362,3.8215,0.1976,0.0694
27.7377,6.0695,0.6724,0.3947
26.1082,5.3476,0.3816,0.1953
29.7797,5.166,0.1989,0.0973
25.8794,7.358,0.9394,0.682
21.0001,1.9638,0.9218,0.1357
22.0763,5.7616,0.598,0.3346
20.6397,4.1445,0.1061,0.041
24.5427,2.1011,0.6955,0.1125
27.2519,1.8277,0.5514,0.0718
22.5596,3.0338,0.63,0.1671
21.7596,2.7622,0.255,0.0601
24.2871,3.7387,0.7314,0.2491
28.2405,2.3989,0.7711,0.1493
23.2993,4.3375,0.2561,0.1039
25.8347,5.2906,0.1299,0.0657
25.0044,5.0619,0.3918,0.1888
24.2202,1.2142,0.6824,0.037
27.3191,5.7318,0.1011,0.0558
25.3526,2.1954,0.7819,0.1346
23.3057,3.3211,0.074,0.0219
23.8079,3.2411,0.6784,0.1948
22.0006,1.883,0.1643,0.0226
21.9086,6.7746,0.0026,0.0017
22.6948,2.4919,0.2612,0.0537
22.531,4.8056,0.4865,0.2221
23.3701,5.2798,0.597,0.3025
23.674,3.8251,0.7972,0.2792
29.524,6.1191,0.5947,0.3512
28.3458,5.8421,0.341,0.1917
22.4605,7.4323,0.3065,0.2263
21.3939,2.4078,0.3862,0.076
21.7693,4.2793,0.8361,0.3348
27.7638,7.1051,0.5023,0.3501
23.9531,5.1131,0.8295,0.4051
20.8494,1.8401,0.9243,0.123
27.146,1.6463,0.9263,0.1012
26.5368,2.0679,0.6745,0.1063
21.8825,4.879,0.1485,0.069
24.8873,4.4663,0.2752,0.1151
24.7802,7.8253,0.9789,0.7608
24.824,7.6354,0.1379,0.1044
21.0732,4.5126,0.4801,0.2046
28.1061,1.8925,0.638,0.0877
21.5603,6.7011,0.6366,0.4207
24.1943,6.5905,0.4685,0.3027
26.7058,3.3464,0.173,0.0514
24.8198,6.3302,0.3966,0.245
27.4957,2.3028,0.0375,0.0069
26.5907,2.8689,0.5253,0.129
25.9513,5.3576,0.726,0.3723
23.095,4.317,0.8522,0.3439
27.9898,5.0864,0.9719,0.4687
20.2751,7.3128,0.9677,0.7046
28.5379,1.9028,0.2885,0.04
20.3421,7.2652,0.2258,0.1632
22.8761,3.6087,0.5527,0.1809
26.9529,7.1083,0.8618,0.6017
20.5266,3.4677,0.5075,0.159
28.1867,4.8625,0.607,0.2782
26.2577,1.6306,0.7782,0.0837
21.0594,1.9822,0.5258,0.0785
28.7478,4.955,0.3431,0.1605
22.6492,7.9177,0.0391,0.0308
26.0036,5.8525,0.2263,0.128
24.0643,6.4825,0.5657,0.3591
25.0415,7.5996,0.0778,0.0586
24.3572,7.1671,0.3172,0.2244
24.3684,1.2165,0.1737,0.0095
26.2613,2.3843,0.187,0.036
23.6118,6.509,0.857,0.5468
21.4373,6.5364,0.4223,0.2717
21.8353,6.5035,0.2866,0.1832
27.1322,7.0596,0.8764,0.6072
23.3396,4.2882,0.371,0.1485
23.1033,1.7957,0.0072,0.0009
23.187,5.8735,0.0661,0.0377
28.145,4.5861,0.2228,0.0956
28.8012,4.5302,0.3091,0.1306
21.3736,4.1625,0.7903,0.3067
22.0252,5.7466,0.5896,0.329
23.82,5.9975,0.8283,0.483
23.5046,4.9979,0.0916,0.0437
22.5052,7.5402,0.935,0.701
28.8647,4.3629,0.4018,0.1626
28.6794,4.9196,0.525,0.2436
25.5645,7.1577,0.0455,0.0321
23.7535,5.1031,0.063,0.0307
28.4378,7.443,0.0536,0.0392
26.0882,2.1806,0.2604,0.0443
29.6485,1.5285,0.6338,0.0601
27.7818,1.8177,0.5181,0.0668
20.5566,7.8014,0.2712,0.2116
23.246,3.3163,0.9751,0.2881
28.2235,7.914,0.5274,0.4125
27.3144,2.5171,0.693,0.1434
24.5082,5.5934,0.1094,0.059
22.2793,5.4441,0.862,0.4528
24.9996,5.3825,0.3777,0.195
26.5494,2.0031,0.5763,0.0866
28.4476,5.7628,0.4105,0.2273
29.9598,5.3171,0.1968,0.0994
26.7837,1.7299,0.1175,0.014
21.6344,6.8531,0.6569,0.4448
23.7909,4.3581,0.3258,0.1328
20.4558,2.6834,0.5662,0.1289
29.881,4.9241,0.9944,0.4609
29.5039,2.9438,0.3496,0.0882
24.6154,5.2222,0.1037,0.0518
23.5679,4.2516,0.8407,0.3331
29.5957,6.2055,0.2724,0.1633
24.3443,4.5454,0.0133,0.0057
24.7668,6.0766,0.8587,0.5072
25.4442,4.8127,0.1654,0.0753
23.654,4.2339,0.3668,0.1446
26.9982,3.0085,0.0691,0.018
23.3369,7.2733,0.5164,0.3718
26.603,3.9785,0.7256,0.2648
25.7263,1.4865,0.2827,0.0255
28.9852,2.488,0.8673,0.1762
21.9478,1.278,0.1291,0.0082
20.7951,7.1193,0.956,0.6756
25.0553,6.3096,0.8408,0.5173
29.9577,2.3773,0.8521,0.1626
28.4989,6.2639,0.7686,0.4664
29.4417,6.2892,0.1856,0.113
23.2245,6.3144,0.552,0.341
29.3959,7.6358,0.9498,0.7135
23.6353,7.6557,0.9667,0.7352
24.022,2.3003,0.9232,0.17
28.6671,7.7119,0.1617,0.1229
23.7094,3.139,0.7592,0.2096
21.952,7.2356,0.845,0.6065
21.0005,6.5855,0.2133,0.1384
29.9328,3.8508,0.8966,0.3132
25.7194,5.5521,0.1317,0.0703
24.5049,7.4984,0.2374,0.1763
25.7192,2.8515,0.063,0.0154
25.5805,5.7219,0.8344,0.4606
24.6643,6.2278,0.0824,0.05
25.5968,6.6958,0.339,0.2223
21.5895,5.0165,0.9939,0.477
20.1122,3.2848,0.8461,0.2485
29.0799,4.0566,0.6958,0.2587
29.3447,7.5695,0.2422,0.1803
20.3036,2.1852,0.3978,0.0686
24.2957,4.5157,0.5,0.212
25.659,1.2783,0.0005,0.0
25.2053,1.5573,0.2307,0.0228
24.3228,2.3437,0.032,0.006
22.7132,5.4675,0.0916,0.0483
29.9274,1.3335,0.689,0.0484
21.8109,2.2394,0.2238,0.0398
26.2423,4.9826,0.801,0.3785
23.5959,7.0749,0.8169,0.5707
22.1694,3.6818,0.8828,0.2963
25.4616,1.7655,0.0815,0.0101
22.879,3.0865,0.5864,0.1587
28.5998,7.4994,0.7235,0.5337
27.3632,6.7931,0.3355,0.2229
28.8195,1.8076,0.4598,0.0587
29.9156,6.6525,0.7901,0.5109
28.5146,3.1482,0.011,0.003
29.075,5.1338,0.3327,0.1618
26.7442,7.8233,0.3469,0.2687
26.1545,3.2443,0.6345,0.1817
25.7731,6.3107,0.8294,0.5098
25.5808,2.1036,0.1437,0.0233
22.6469,6.5682,0.0087,0.0056
23.6248,1.7778,0.1373,0.0172
22.7994,5.8218,0.8236,0.4656
25.6301,6.2774,0.4928,0.3012
27.1793,2.0605,0.6437,0.1008
20.2994,7.5305,0.3736,0.2807
25.8453,4.1861,0.8684,0.3367
26.7934,3.73,0.8462,0.2862
29.1039,2.4727,0.9814,0.1977
29.4139,3.6535,0.1223,0.0402
27.9844,4.7726,0.2252,0.1011
23.7557,2.129,0.1846,0.0305
20.3148,7.715,0.2231,0.1721
24.2005,4.8678,0.6275,0.2898
26.1748,5.6531,0.0973,0.053
21.6312,2.7278,0.9611,0.2231
22.0402,1.2258,0.6691,0.0376
24.8706,5.6208,0.8419,0.4562
24.373,1.9613,0.3996,0.0584
22.0647,7.1441,0.5478,0.3878
28.4292,6.2864,0.684,0.4168
28.2093,3.2001,0.2285,0.0641
25.9783,3.1109,0.3697,0.1005
27.0175,4.6358,0.6235,0.2712
21.2616,2.784,0.1117,0.0266
24.4009,1.6558,0.7596,0.0842
20.1285,1.9871,0.7322,0.1099
25.3158,6.2485,0.1789,0.1088
23.4038,6.2712,0.6143,0.3764
20.4711,4.2463,0.5898,0.2346
27.6952,5.054,0.8979,0.4301
21.0304,1.7062,0.7416,0.0871
22.9554,3.1444,0.144,0.0399
26.0547,6.0906,0.1706,0.1008
28.9153,7.6526,0.7791,0.5871
26.3506,3.1719,0.5353,0.149
21.3762,2.7973,0.3254,0.078
27.6538,2.4166,0.6336,0.1241
25.5701,4.4074,0.0893,0.0368
27.0676,2.5043,0.4117,0.0846
20.4687,4.0092,0.7646,0.2845
24.4473,7.8949,0.2671,0.2097
20.7698,3.8567,0.6517,0.2316
24.4993,7.5654,0.2904,0.2178
24.2215,7.117,0.6915,0.4857
23.6049,1.8106,0.094,0.0121
22.5957,3.4964,0.5019,0.1583
22.0565,7.7473,0.5035,0.3889
26.9484,5.7158,0.8693,0.4782
20.2548,1.3434,0.5308,0.0386
26.9465,5.5753,0.7364,0.3941
22.7982,7.4652,0.4558,0.3378
26.6409,2.0395,0.3716,0.0574
20.5619,3.3669,0.316,0.0955
25.2624,2.6212,0.1322,0.029
25.5142,2.6572,0.7789,0.1736
26.1681,5.7069,0.8131,0.4471
21.2319,1.6239,0.1005,0.0108
27.8899,2.2666,0.5419,0.0971
22.9233,1.6458,0.3835,0.0422
20.0828,7.322,0.3749,0.2734
21.9536,4.0441,0.6192,0.2322
25.7983,3.2586,0.7609,0.2191
23.1845,3.7196,0.7682,0.2605
26.3291,4.7389,0.2319,0.1035
26.9025,5.8632,0.2991,0.1693
28.5576,1.3006,0.5778,0.0382
22.1236,5.9747,0.6168,0.3592
20.199,5.2168,0.1968,0.0989
21.8654,4.9247,0.5502,0.2585
20.5857,1.7136,0.8635,0.1023
28.1127,2.293,0.2637,0.048
21.0863,4.927,0.4876,0.2295
22.5843,3.4768,0.228,0.0714
28.9231,6.2018,0.9433,0.5658
29.2134,4.2017,0.0246,0.0095
24.1968,7.2068,0.863,0.6144
21.3216,5.7631,0.6955,0.3898
20.4985,7.3728,0.9575,0.7031
26.3416,2.074,0.6976,0.1104
29.5147,3.2681,0.104,0.0299
27.3403,3.6886,0.5681,0.1894
26.8524,5.2699,0.6958,0.3498
23.4073,4.5906,0.5122,0.2216
27.6511,5.6295,0.6569,0.3549
29.7564,6.982,0.5828,0.3973
25.7367,2.1697,0.0753,0.0127
21.7615,2.99,0.0661,0.0172
21.8155,3.5902,0.9257,0.3017
20.1341,3.4127,0.7661,0.2356
25.2413,3.9799,0.9374,0.343
27.5713,6.6948,0.0948,0.062
29.1945,5.1835,0.3545,0.1743
25.7388,6.088,0.8849,0.5229
28.2702,4.8117,0.863,0.3908
25.7491,3.7808,0.4677,0.161
22.9392,7.9077,0.9197,0.7251
26.2563,5.4683,0.3033,0.159
21.3744,3.0485,0.1381,0.0369
26.4443,1.7742,0.2889,0.0359
21.2472,5.2494,0.3073,0.1553
20.9916,3.2026,0.1704,0.0484
22.2146,2.521,0.365,0.0763
28.5895,1.9526,0.1592,0.0229
20.6557,5.4601,0.4338,0.2292
23.4915,4.9408,0.7852,0.3693
25.8704,4.5542,0.3563,0.1522
28.9854,4.4881,0.9906,0.4139
26.09,2.3632,0.2586,0.0492
28.469,6.4038,0.4962,0.3085
23.8998,5.9535,0.5613,0.3247
20.2177,2.6488,0.2715,0.0608
29.4098,7.9595,0.9411,0.7391
29.8404,2.5943,0.8602,0.1845
20.4869,4.0072,0.3987,0.1483
24.3933,3.9498,0.9598,0.3486
29.2988,2.7496,0.8215,0.1902
28.4869,5.351,0.1993,0.1016
24.8917,1.9626,0.9397,0.1373
22.2358,2.615,0.2259,0.0496
26.3428,5.6873,0.9397,0.5146
22.0853,6.7459,0.5515,0.3668
25.4737,1.8667,0.8121,0.1097
24.1168,2.1369,0.9375,0.1556
29.9103,7.6067,0.4987,0.3728
20.6575,7.6206,0.2248,0.171
20.7054,3.8378,0.8062,0.2849
27.7937,3.8319,0.5813,0.2026
25.0401,3.1657,0.8351,0.2324
27.1834,6.5246,0.2058,0.1309
21.5524,4.2901,0.082,0.0329
21.0742,2.902,0.7008,0.1762
28.6515,7.9885,0.8234,0.6501
20.0387,3.283,0.8871,0.2604
20.387,6.8812,0.5955,0.4058
27.6939,3.91,0.8099,0.2891
27.6157,1.6552,0.9971,0.1099
26.9505,6.2081,0.7813,0.4707
29.0532,3.1509,0.7597,0.2088
22.88,7.9365,0.5397,0.4272
27.9676,3.26,0.4967,0.1426
27.7036,2.3151,0.8365,0.1545
27.2561,7.2468,0.521,0.3712
22.0235,7.7701,0.12,0.093
29.2815,4.8087,0.1341,0.0606
26.9082,5.4053,0.6683,0.3456
28.5755,5.1058,0.8127,0.3932
29.6595,7.1308,0.4742,0.3307
26.6661,7.331,0.423,0.3055
21.6872,6.8422,0.107,0.0723
28.1854,6.779,0.529,0.3501
24.746,3.2017,0.5288,0.1493
26.1058,5.5512,0.1994,0.1064
24.0804,3.6021,0.248,0.0808
22.0043,7.5054,0.2555,0.1907
20.5663,2.029,0.863,0.1335
29.0416,4.7592,0.1578,0.0705
20.1532,6.5223,0.252,0.1621
27.1523,4.1575,0.8001,0.307
22.1571,1.3365,0.0514,0.0037
27.7433,3.189,0.8523,0.2383
20.537,2.2277,0.4419,0.0783
29.7132,4.0296,0.9094,0.3351
21.7762,6.9453,0.0545,0.0374
28.5209,5.9133,0.0737,0.042
21.2708,7.5332,0.1432,0.1074
23.3871,1.9203,0.1545,0.0219
25.4155,4.9077,0.7193,0.3346
27.3109,1.6897,0.5875,0.0672
20.8281,6.6545,0.717,0.4709
22.5132,1.3443,0.3815,0.0277
29.268,4.4036,0.1261,0.0515
22.3935,1.4721,0.972,0.0865
21.8392,3.1042,0.093,0.0254
20.2458,7.4657,0.315,0.2346
21.4547,5.422,0.9514,0.4982
23.8096,6.4209,0.8068,0.507
21.6631,7.7513,0.7109,0.5498
21.8011,5.7672,0.1018,0.057
23.3462,3.7913,0.7531,0.2612
28.0088,6.5508,0.1582,0.1009
23.6875,1.8543,0.6633,0.0889
21.4663,7.6351,0.5038,0.3835
28.9706,4.4482,0.9252,0.3827
25.6869,6.8543,0.5373,0.3614
26.9853,7.4874,0.4729,0.3492
27.3532,3.6186,0.6193,0.2019
24.2346,1.4688,0.2603,0.023
24.4305,2.8415,0.7363,0.1792
29.9064,2.9017,0.0732,0.0181
22.3701,7.6432,0.4563,0.3472
29.0232,7.6174,0.686,0.5143
20.2159,6.7223,0.9871,0.6561
28.7663,2.2375,0.6526,0.1147
26.3515,7.3446,0.5796,0.4197
21.354,3.9242,0.2766,0.1002
20.7014,6.4056,0.333,0.2098
29.7076,7.5164,0.5288,0.3904
27.917,1.4127,0.8722,0.0705
20.2714,4.2034,0.1678,0.066
20.8148,4.3677,0.7343,0.3015
29.3994,6.4257,0.268,0.167
20.6983,1.7326,0.8686,0.1048
23.4421,5.696,0.0638,0.0351
22.5398,5.2925,0.2026,0.1031
27.9621,5.2074,0.9072,0.4492
28.8892,1.4751,0.8582,0.0759
29.9986,4.3421,0.1263,0.0507
26.4202,2.9642,0.6408,0.164
22.1617,4.5339,0.4009,0.1714
28.3289,6.8062,0.2751,0.1828
27.8442,1.6155,0.2615,0.0276
29.5553,1.8428,0.1366,0.018
27.5748,2.0736,0.6477,0.1023
21.7402,4.9941,0.5068,0.2419
22.672,5.182,0.2444,0.1214
29.6372,6.531,0.9298,0.5895
20.7571,7.9407,0.5309,0.422
27.2741,1.8112,0.6718,0.0862
22.7942,7.8183,0.6238,0.486
21.4468,7.7482,0.1694,0.131
23.3054,1.2902,0.7363,0.048
22.5746,6.8071,0.3352,0.225
22.9018,2.8426,0.196,0.0478
23.5531,1.2961,0.7852,0.0518
23.6213,3.1991,0.591,0.167
22.7313,2.7991,0.5838,0.1398
23.4182,7.2076,0.7477,0.5331
22.8315,1.4012,0.1781,0.0142
20.7309,7.8348,0.402,0.315
20.7921,3.398,0.7031,0.2149
25.4989,6.5164,0.3888,0.2476
23.7942,6.8167,0.8036,0.539
22.6437,5.9422,0.3129,0.181
28.6559,6.2434,0.2448,0.148
26.6184,6.8924,0.915,0.6182
28.81,7.6851,0.2654,0.2009
23.9574,4.7073,0.4769,0.2122
23.8077,7.5159,0.9394,0.7002
27.2543,5.3903,0.477,0.2457
23.2816,4.3426,0.684,0.2778
27.5679,1.328,0.9081,0.0634
29.7141,7.4984,0.9079,0.6685
24.979,3.9348,0.2033,0.0734
28.5671,1.4214,0.7837,0.0641
25.7506,1.4243,0.902,0.0744
23.2611,6.3402,0.4494,0.2788
27.7896,6.2053,0.0491,0.0295
26.1827,3.0466,0.4965,0.1315
20.1736,6.6448,0.6774,0.4446
27.5833,7.4533,0.6693,0.4914
29.5143,1.7535,0.0868,0.0105
28.6831,3.0161,0.3107,0.081
22.4147,2.8048,0.7169,0.1722
29.3577,5.8812,0.9737,0.5506
24.7879,2.7606,0.7699,0.1805
24.292,6.7584,0.5693,0.378
20.0233,6.6439,0.1463,0.0961
28.4896,6.4426,0.9956,0.6231
20.6658,5.7248,0.2829,0.1576
23.3494,3.4701,0.8797,0.2746
21.9812,5.428,0.4853,0.2542
21.9203,2.5581,0.5906,0.126
23.4421,5.9134,0.1853,0.1065
25.8893,3.1338,0.1641,0.045
28.8774,1.51,0.0072,0.0007
26.2886,4.42,0.6023,0.2484
25.6512,4.339,0.737,0.2979
20.0424,7.6288,0.205,0.1563
23.7028,4.4197,0.8839,0.3661
20.4028,6.5751,0.762,0.4943
26.0295,6.6806,0.2573,0.1682
25.5781,4.7748,0.9529,0.4296
23.5916,7.9091,0.7847,0.6181
21.747,6.5625,0.4265,0.2754
22.4302,4.0919,0.4643,0.1763
27.3726,6.9798,0.734,0.5021
28.4809,3.7322,0.3429,0.1157
22.5551,1.2671,0.4638,0.0288
25.1447,2.0711,0.2446,0.0387
27.9943,3.3552,0.332,0.0987
23.6998,2.968,0.2075,0.0534
24.1307,6.8833,0.5213,0.3532
25.5245,2.1533,0.1897,0.0318
29.3001,4.7635,0.0813,0.0363
28.2628,1.9467,0.3822,0.0549
24.4966,3.2563,0.5694,0.1642
26.1658,1.8631,0.8791,0.1183
23.527,4.7328,0.0976,0.0437
24.1079,4.843,0.4633,0.2128
20.7047,5.2109,0.6878,0.345
24.9693,7.4153,0.1326,0.0972
22.4034,6.8641,0.8918,0.6041
25.4996,3.3894,0.0972,0.0294
22.6848,7.2054,0.0663,0.0473
21.0075,6.0219,0.9855,0.58
20.1974,6.6423,0.6415,0.4209
25.0181,6.3082,0.9653,0.5938
26.0517,7.9665,0.5344,0.4225
28.9121,3.9857,0.9233,0.3364
20.5473,7.0315,0.8649,0.6033
28.5894,4.6782,0.982,0.4305
20.3227,4.2631,0.6725,0.2688
21.7005,5.4095,0.2295,0.1198
29.2315,2.383,0.3993,0.0765
20.1149,7.5583,0.8955,0.6758
25.6729,1.3826,0.7585,0.0586
21.1493,4.4027,0.5281,0.2187
25.1302,3.5516,0.3714,0.1188
21.2883,5.9333,0.7479,0.4329
27.7928,7.6136,0.4339,0.3258
23.999,2.4808,0.867,0.1769
28.8894,5.6814,0.0834,0.0454
27.2295,5.7271,0.3896,0.2147
29.8147,5.1238,0.3883,0.1882
26.2746,7.1617,0.3374,0.2377
26.4019,6.1733,0.5758,0.3451
23.0815,3.3735,0.1414,0.0427
21.5576,2.3189,0.5613,0.105
28.6485,7.6429,0.4268,0.3213
24.0986,7.2809,0.6543,0.4711
24.4607,6.3295,0.4403,0.2721
29.351,5.0997,0.1596,0.077
28.1524,7.4116,0.9358,0.6822
26.3769,2.8245,0.1605,0.0386
22.6103,5.7854,0.0993,0.0558
24.4512,6.1436,0.3381,0.2023
24.8095,4.0429,0.9697,0.3617
20.9288,7.3628,0.7776,0.5697
27.9998,5.5806,0.931,0.4979
27.0935,1.9152,0.0999,0.014
20.6386,2.6618,0.0036,0.0008
25.3035,3.7083,0.6547,0.2204
28.001,4.1987,0.1308,0.0507
20.1025,7.1491,0.0697,0.0495
22.8991,7.1754,0.5867,0.4166
28.4413,3.0581,0.5449,0.1445
21.9181,4.1477,0.7142,0.2758
25.9172,1.9114,0.497,0.0696
20.2522,7.3184,0.9503,0.6925
22.6548,3.1278,0.1614,0.0444
22.0274,6.7652,0.8358,0.5576
20.9861,2.2421,0.4815,0.086
28.2581,1.2565,0.6855,0.0411
29.2905,1.251,0.1841,0.0109
24.9367,5.1551,0.1447,0.0712
28.5293,3.5468,0.484,0.1537
26.2967,4.7919,0.5646,0.2553
21.2555,2.5716,0.4393,0.0945
29.5297,4.1914,0.7232,0.2791
28.5243,6.6861,0.7532,0.4908
28.8468,4.9,0.9752,0.4503
22.5435,2.3701,0.9825,0.189
21.9834,4.4398,0.9835,0.4107
29.4941,3.8746,0.9133,0.3216
29.4512,3.9212,0.4801,0.1715
25.9718,4.2091,0.0964,0.0376
25.6066,4.4574,0.9662,0.4028
26.94,6.7465,0.703,0.4638
27.8595,4.4235,0.447,0.184
28.1337,1.3549,0.7595,0.0557
24.2882,1.3865,0.8855,0.069
25.9043,1.4321,0.7978,0.0666
25.1276,3.8438,0.9076,0.3189
21.8478,6.2945,0.7743,0.4777
27.6771,2.4934,0.8576,0.1751
25.5283,2.0815,0.9913,0.158
29.5102,6.2029,0.0592,0.0355
29.3527,4.723,0.1927,0.0853
22.4963,7.4575,0.7958,0.5895
29.3201,6.3443,0.855,0.5255
27.9694,6.0267,0.561,0.3266
24.1916,1.4747,0.1981,0.0176
27.8896,5.7849,0.5796,0.3226
23.6931,6.2314,0.3075,0.187
25.7254,3.4531,0.9668,0.2988
21.1204,1.5848,0.512,0.0527
26.6233,7.0446,0.5233,0.362
27.0869,6.7685,0.8546,0.5657
27.3508,2.4399,0.8132,0.1614
21.762,7.3563,0.1951,0.1426
24.3227,4.2333,0.127,0.05
25.0529,7.5007,0.1157,0.0859
29.3194,1.305,0.1267,0.0084
23.6536,2.9069,0.443,0.1111
29.2821,6.7754,0.4621,0.3051
23.2344,1.5009,0.1393,0.0129
29.6897,6.0062,0.7078,0.4094
22.5425,2.6411,0.8893,0.1976
28.7698,3.961,0.4527,0.1638
29.5831,5.5435,0.7578,0.4012
28.1888,7.6211,0.4645,0.3489
22.5299,5.5754,0.3979,0.2145
23.1567,1.3209,0.1191,0.0083
22.2607,3.1471,0.6559,0.1821
29.5316,1.5395,0.3301,0.0317
25.1218,3.8887,0.9828,0.3501
20.3748,6.6321,0.6409,0.4196
21.1116,7.8933,0.2381,0.188
26.8059,7.0868,0.7214,0.5021
23.4175,2.2423,0.5812,0.1034
27.4261,3.1193,0.3473,0.0945
24.0578,4.5182,0.4219,0.1791
21.2533,2.4609,0.8197,0.1663
27.2116,6.0965,0.5972,0.3526
27.0783,5.2422,0.9966,0.4979
26.4507,4.5152,0.6338,0.2678
28.6636,2.3143,0.872,0.1607
24.0285,1.9158,0.4068,0.0574
23.1416,4.6597,0.8604,0.3789
24.9452,7.3215,0.9708,0.7022
28.9467,7.0583,0.0842,0.0582
22.6451,6.6025,0.6992,0.4539
27.172,6.1794,0.1207,0.0724
23.7091,2.8231,0.0397,0.0096
27.9214,7.9199,0.4007,0.3138
20.1745,7.9124,0.3318,0.263
25.9852,2.5918,0.0662,0.0143
29.8563,4.4754,0.0118,0.0049
26.2449,5.044,0.4486,0.215
23.426,3.369,0.9012,0.2714
23.7263,2.9157,0.1144,0.0288
27.4719,2.7389,0.3187,0.0736
23.7895,6.1291,0.9152,0.5466
25.9054,4.4005,0.1938,0.0796
26.2532,2.6131,0.9659,0.2104
20.3821,7.5302,0.5748,0.4318
24.0866,7.2917,0.4431,0.3195
21.6091,5.1828,0.8525,0.4244
26.7336,6.026,0.2347,0.1369
25.7372,3.134,0.4349,0.1194
24.8057,4.7465,0.378,0.1695
24.2756,3.1492,0.113,0.0313
24.9732,5.7534,0.6183,0.3437
25.4617,3.7314,0.2317,0.0786
24.2346,1.5751,0.6424,0.0651
28.027,3.2945,0.4888,0.1421
24.4843,2.4492,0.2073,0.0415
27.1987,4.9361,0.0898,0.0419
27.3045,4.3778,0.6964,0.2836
21.3065,4.3027,0.0834,0.0336
21.402,3.5208,0.3974,0.1266
26.069,2.1213,0.6363,0.1041
28.6165,1.4019,0.6569,0.0521
28.8728,6.9238,0.3501,0.2368
27.6702,3.6903,0.0187,0.0063
26.9026,2.8909,0.7329,0.1816
23.7835,5.4637,0.3873,0.2037
29.6623,5.3459,0.1045,0.0531
26.4351,4.8246,0.9772,0.4452
21.861,5.1494,0.7692,0.38
23.5167,6.4222,0.4008,0.2521
20.1644,1.8774,0.8073,0.1111
27.361,3.4326,0.7914,0.2421
25.181,2.1737,0.4912,0.0834
21.2354,1.7648,0.2849,0.0354
21.9135,7.8498,0.7532,0.5902
25.2057,5.7124,0.9381,0.5173
28.2007,5.6613,0.0932,0.0506
26.6636,7.21,0.4221,0.2994
23.7953,6.0354,0.2334,0.137
27.2367,7.6507,0.4662,0.3522
21.6574,7.2861,0.305,0.2207
28.1737,7.9279,0.6165,0.4831
28.5712,7.9857,0.5054,0.3989
23.1213,4.0688,0.5786,0.2181
23.566,1.8392,0.6039,0.08
26.3667,6.5489,0.9279,0.5933
26.7308,6.0578,0.3263,0.1914
26.4138,5.4108,0.5446,0.2821
22.3527,3.0146,0.673,0.1771
24.2422,6.3242,0.0345,0.0213
28.1708,2.6586,0.8222,0.1826
20.304,5.846,0.2082,0.1188
25.1923,2.9997,0.4843,0.126
23.7922,6.708,0.9296,0.6127
29.2027,3.1094,0.272,0.0735
23.6869,4.5303,0.0476,0.0203
26.8504,3.3905,0.4347,0.1312
29.7855,3.0338,0.2984,0.0782
23.3858,7.6447,0.3875,0.2944
21.7444,5.5119,0.7272,0.3877
22.7806,5.9029,0.4284,0.2459
21.1286,6.5767,0.0382,0.0248
22.2902,3.032,0.7456,0.1977
28.139,7.3,0.8931,0.6405
26.8474,7.2229,0.2342,0.1664
27.4595,7.2764,0.9187,0.6573
25.7063,1.7769,0.6276,0.0783
27.7769,6.0647,0.5317,0.3118
27.7207,7.7002,0.5465,0.4154
28.742,5.493,0.1785,0.0937
27.8063,6.8389,0.4036,0.2698
28.6259,1.4946,0.9467,0.086
24.2405,7.9472,0.0882,0.0697
24.7243,2.8506,0.7289,0.1781
25.6257,4.1069,0.0358,0.0136
23.2234,3.8385,0.9533,0.3355
27.7993,3.2316,0.6762,0.1921
24.4204,5.2675,0.3549,0.179
24.4954,2.1569,0.9212,0.1548
29.5603,6.4224,0.8877,0.5527
27.1037,2.3289,0.5792,0.1079
26.8463,2.8473,0.0496,0.012
28.8763,5.6826,0.6057,0.33
24.5132,6.3498,0.9936,0.6161
29.3373,3.8812,0.0598,0.0211
27.984,6.377,0.3209,0.1988
26.2757,2.3961,0.2397,0.0465
29.2511,6.5759,0.9293,0.594
25.8577,1.5756,0.8815,0.0891
22.3533,4.8342,0.1573,0.0723
20.4492,5.2701,0.7458,0.379
20.7803,1.8877,0.5365,0.0744
20.3318,3.1157,0.2168,0.0596
22.9519,7.7531,0.8257,0.6373
26.0707,1.8271,0.9968,0.13
22.0483,7.0641,0.4933,0.3449
25.6756,2.075,0.8494,0.1347
20.1219,5.0586,0.6258,0.3039
24.3207,4.8449,0.0752,0.0345
26.0519,3.7673,0.6884,0.2359
20.8314,4.442,0.7974,0.3338
27.4567,7.3184,0.0497,0.0358
23.0792,6.0885,0.9901,0.5877
21.8311,5.5763,0.7824,0.4224
24.8115,6.6316,0.8347,0.5424
28.2278,7.5268,0.5708,0.423
26.6925,4.2299,0.1462,0.0573
24.7372,5.8479,0.856,0.4847
28.0226,5.6677,0.373,0.2029
21.0034,2.6644,0.3723,0.0839
22.0389,7.8058,0.6594,0.5135
25.3157,2.8589,0.6481,0.1587
27.5352,7.3631,0.0684,0.0496
28.1461,4.299,0.2512,0.1
27.3727,7.6759,0.589,0.4464
21.9619,5.9464,0.1019,0.0591
28.0931,7.7312,0.7709,0.5882
22.6384,2.1582,0.3923,0.0662
27.6573,5.4556,0.9549,0.4983
23.1572,2.2264,0.4804,0.0846
28.3435,4.2604,0.8473,0.3338
24.5071,1.73,0.5408,0.0647
25.4513,2.2874,0.3363,0.0613
29.6859,3.4679,0.5925,0.1828
22.739,7.3789,0.4523,0.3311
22.5428,6.3354,0.3707,0.2301
20.4592,6.4482,0.1675,0.1063
23.3092,2.2867,0.4659,0.0852
22.7993,1.3059,0.3143,0.0212
26.1766,7.1712,0.228,0.1609
22.361,1.4132,0.7403,0.0604
21.1601,5.6331,0.3065,0.1676
21.5929,7.7339,0.5723,0.4415
27.6039,4.0585,0.9252,0.345
20.1675,4.8318,0.2818,0.1299
25.7539,2.2734,0.8085,0.1461
20.0157,6.4867,0.2487,0.1591
25.5382,4.7734,0.6507,0.2933
25.6356,7.4501,0.5662,0.4168
20.6706,4.2685,0.4959,0.1984
29.5932,4.2972,0.5609,0.2228
23.0569,4.5438,0.698,0.2987
22.4079,4.5651,0.4821,0.2076
22.4155,2.8562,0.8834,0.2172
23.7447,6.8659,0.9321,0.6302
29.4299,5.9232,0.7547,0.4301
21.3637,3.2947,0.1645,0.0484
24.8287,1.4283,0.9368,0.0779
21.4888,3.6359,0.9988,0.3307
20.5845,4.8491,0.7152,0.3309
22.7952,7.321,0.5334,0.3871
21.2852,7.6419,0.2319,0.1768
24.2625,2.513,0.852,0.1768
21.812,6.7849,0.6953,0.4656
22.8141,4.9487,0.5099,0.2405
21.6675,4.8021,0.1499,0.0685
20.3394,5.2928,0.1686,0.0861
24.6852,4.4157,0.813,0.3358
22.8289,5.4449,0.1855,0.0974
24.4261,6.0665,0.0088,0.0052
25.6418,5.4361,0.7825,0.4081
20.3237,1.2156,0.1486,0.0082
21.1456,5.7284,0.3485,0.1941
27.7061,4.01,0.97,0.3566
20.945,3.3955,0.7816,0.2386
28.5107,7.7183,0.2569,0.1955
28.1154,6.1995,0.6554,0.3936
25.9313,5.6703,0.0455,0.0248
24.0385,6.8574,0.7529,0.5081
20.7677,3.609,0.1649,0.0542
21.0291,7.5982,0.2312,0.1752
26.0175,2.4395,0.8662,0.1723
22.8208,3.4907,0.6405,0.2015
25.4646,4.2356,0.6342,0.2494
23.8297,4.4,0.7473,0.3079
28.3994,5.4229,0.2626,0.136
23.7447,2.0668,0.9155,0.1448
24.8232,5.4176,0.4242,0.2207
29.6542,5.5218,0.1416,0.0746
25.4486,2.1077,0.387,0.0628
28.8124,5.087,0.1347,0.0649
27.3155,7.7057,0.6747,0.5136
26.8851,7.3676,0.0185,0.0135
25.322,5.341,0.7118,0.3642
25.369,3.5063,0.982,0.3093
24.3823,5.2295,0.1905,0.0954
27.5031,7.8286,0.8623,0.6675
21.4382,4.0173,0.3981,0.1482
24.1074,7.6206,0.6242,0.4721
23.4538,4.7677,0.5537,0.2501
25.0748,6.146,0.6516,0.3895
22.1303,1.7699,0.6879,0.0858
23.7813,6.7118,0.5767,0.3803
22.9136,7.7625,0.4727,0.3654
26.376,7.2382,0.0985,0.0702
24.8539,6.3307,0.8218,0.5076
20.4027,7.828,0.9282,0.727
26.5737,3.0474,0.5907,0.1564
24.6906,4.687,0.6494,0.2871
29.7402,7.1566,0.2303,0.1612
28.568,7.725,0.98,0.7465
29.2238,4.6362,0.103,0.0446
28.132,2.1521,0.3853,0.0642
26.1652,7.235,0.785,0.5594
20.9804,4.3957,0.0293,0.0121
23.3175,2.3009,0.9495,0.1751
24.4243,3.5671,0.4652,0.1498
23.9514,4.3347,0.6204,0.2512
23.3369,4.8585,0.4511,0.2082
22.8289,3.0721,0.0985,0.0265
27.2649,1.5293,0.4934,0.047
27.3627,5.6697,0.6913,0.3766
22.7457,7.6835,0.0612,0.0468
26.8739,5.6546,0.9443,0.5134
25.3964,6.4952,0.7018,0.4454
24.5563,3.9074,0.2483,0.089
27.6804,4.3745,0.2794,0.1136
22.7257,5.0019,0.182,0.0869
29.9494,5.8327,0.6473,0.3623
27.9321,4.8189,0.2386,0.1083
20.3498,7.2995,0.041,0.0298
21.9856,6.2245,0.067,0.0408
21.251,6.5282,0.9513,0.6114
25.8408,5.6378,0.6005,0.3259
26.1679,3.6878,0.0288,0.0096
22.1439,4.3303,0.2262,0.0918
26.6586,5.7191,0.6159,0.3392
25.5631,5.9472,0.4532,0.2611
23.4713,6.2079,0.4793,0.2904
21.8956,3.1021,0.5972,0.163
29.7468,3.2119,0.1738,0.0489
26.8281,6.8655,0.4758,0.32
27.1693,2.5872,0.5824,0.125
28.252,4.2738,0.9908,0.3919
26.1241,6.7225,0.386,0.254
24.513,4.9973,0.4824,0.2294
22.0606,7.6482,0.694,0.5287
22.8015,1.6203,0.5378,0.0575
23.381,7.6481,0.348,0.2645
22.7171,7.9302,0.6,0.4747
25.7885,6.2336,0.3582,0.2172
21.6942,1.2394,0.5828,0.0339
23.6674,7.4113,0.5661,0.4158
29.1067,2.4999,0.4764,0.0974
27.1755,3.3775,0.8017,0.2406
26.2793,1.37,0.0384,0.0029
25.5804,5.078,0.062,0.03
26.0774,4.2827,0.8481,0.3374
26.7889,6.6812,0.5682,0.371
20.6637,1.9693,0.6564,0.0971
22.5231,6.3121,0.7986,0.4937
22.4781,4.7495,0.9044,0.4074
25.7367,5.694,0.8221,0.4513
21.0882,1.6398,0.1864,0.0204
22.8373,3.2238,0.5978,0.1708
26.188,6.9845,0.9593,0.658
28.013,7.029,0.4807,0.331
29.4702,2.5116,0.5592,0.115
26.7861,2.9504,0.745,0.1894
24.7736,7.0282,0.4708,0.3259
25.6174,2.9136,0.1777,0.0445
25.9013,1.8922,0.3516,0.0485
20.237,2.6896,0.1626,0.0371
25.6103,4.7158,0.3213,0.1428
27.4395,2.6151,0.9727,0.2116
26.5413,7.8138,0.3289,0.2545
20.309,6.5749,0.3049,0.1978
24.1082,2.2803,0.7131,0.1297
20.3093,7.2272,0.0407,0.0292
22.161,6.6876,0.3655,0.2408
28.9167,1.6271,0.3791,0.0404
27.2816,5.7784,0.8975,0.4995
25.3632,1.8855,0.231,0.0317
22.5476,6.2562,0.667,0.4083
22.3404,5.0572,0.1423,0.0688
26.1781,2.111,0.5172,0.084
28.3534,1.754,0.4543,0.0552
21.7388,4.4982,0.0997,0.0423
27.9365,2.9271,0.7015,0.1763
22.2002,3.948,0.3586,0.1307
29.4484,3.1636,0.7351,0.2029
22.1132,1.6288,0.0134,0.0014
28.5348,7.189,0.6996,0.4931
23.2901,1.7101,0.8632,0.1014
21.4188,4.4181,0.703,0.2922
28.5584,4.1383,0.7913,0.3014
26.2386,3.7654,0.2849,0.0975
25.3034,2.5569,0.6435,0.1364
21.1663,6.6794,0.0926,0.061
25.1723,6.3227,0.6904,0.4257
27.7341,1.6234,0.7169,0.0763
28.0674,6.5516,0.6675,0.4258
26.5296,4.8954,0.4042,0.1872
28.3272,7.9642,0.8853,0.6971
29.2582,6.9034,0.9042,0.6093
25.3785,7.6377,0.45,0.3404
24.6863,4.7509,0.8407,0.3775
25.5149,1.516,0.4069,0.0382
26.4773,3.1505,0.8987,0.2481
23.593,2.7875,0.1054,0.0251
24.1651,6.1916,0.498,0.3006
27.2395,4.471,0.4932,0.2058
24.4348,6.7932,0.7659,0.5113
28.9581,4.9065,0.1204,0.0557
23.4513,4.8701,0.7224,0.3343
28.8175,1.7475,0.5407,0.0653
23.062,7.8021,0.1191,0.0925
23.9302,6.0077,0.4922,0.2875
23.2737,3.4351,0.8017,0.2472
27.093,7.264,0.0506,0.0362
25.575,7.7781,0.7612,0.587
26.4846,5.9487,0.7843,0.4513
27.3882,3.5199,0.7135,0.225
23.8262,7.3237,0.8837,0.6406
28.6788,2.8369,0.5092,0.1228
27.2466,4.2493,0.9849,0.3876
24.1672,5.438,0.1181,0.0618
26.3387,4.8692,0.6546,0.3014
27.3585,3.337,0.7911,0.2339
28.6722,4.8417,0.6007,0.2737
23.5549,2.6312,0.7491,0.1654
27.0515,5.2022,0.3301,0.1635
27.6602,1.6345,0.4299,0.0463
20.5904,6.1311,0.0841,0.0505
29.8903,7.8379,0.7779,0.6005
21.0909,5.2979,0.8729,0.4457
25.6669,7.9637,0.5492,0.4343
28.2587,6.9284,0.1027,0.0696
24.1955,6.5183,0.8514,0.5435
27.5021,3.3119,0.0254,0.0075
20.1811,3.1288,0.5192,0.1436
28.6864,6.2878,0.0837,0.051
25.9601,1.7168,0.805,0.0948
21.2001,2.8361,0.4295,0.1049
27.7187,6.7286,0.1545,0.1015
24.4909,6.3505,0.8446,0.5238
23.6181,1.2927,0.7649,0.0501
28.9005,7.0022,0.1216,0.0832
21.5471,4.8012,0.7517,0.3434
25.1797,5.6049,0.6911,0.3731
20.6261,6.119,0.7444,0.4462
29.6547,7.8462,0.8144,0.6297
29.5207,7.3721,0.1477,0.1068
20.3933,6.3953,0.6691,0.4211
27.2187,2.0455,0.0463,0.0072
21.5605,3.3503,0.4842,0.1453
26.2599,2.6749,0.0228,0.0051
23.1384,3.6743,0.8899,0.2975
20.8591,4.0073,0.3914,0.1455
27.7736,1.9877,0.3151,0.0467
28.9704,4.0374,0.583,0.2156
28.9437,2.5691,0.6901,0.1463
21.0678,7.3579,0.2438,0.1784
25.0238,3.0107,0.5554,0.1453
22.4011,5.7859,0.3508,0.1971
20.9731,1.8565,0.7556,0.102
24.5023,2.1372,0.5487,0.091
21.2325,7.8975,0.102,0.0805
29.4103,7.1813,0.7474,0.5255
24.8282,6.6277,0.8871,0.5761
26.6262,2.8422,0.1956,0.0474
22.6823,7.5511,0.9426,0.7076
29.8817,2.019,0.5643,0.0854
29.056,7.5982,0.714,0.5338
21.0055,2.9233,0.7743,0.1965
28.3887,3.0139,0.1819,0.0474
24.3885,4.3665,0.2109,0.0861
27.5381,6.3126,0.2102,0.1289
27.6644,6.0796,0.1222,0.0719
24.2262,5.0667,0.574,0.2774
25.8451,6.6217,0.1749,0.1133
27.2119,1.5615,0.6178,0.0613
20.7844,2.3248,0.1315,0.0247
21.9752,5.9249,0.1647,0.0951
29.3843,4.1318,0.4826,0.1832
21.4976,3.1397,0.0487,0.0135
28.2213,5.3082,0.5957,0.3012
26.0852,5.6939,0.1174,0.0644
23.6244,4.2309,0.6824,0.2689
27.9544,7.9549,0.4194,0.33
22.4074,3.7663,0.1038,0.0358
25.4558,2.6828,0.3497,0.0789
25.5848,4.0235,0.3011,0.1115
26.41,3.4109,0.1459,0.0444
20.808,5.8293,0.4592,0.2608
26.6167,7.5061,0.9939,0.7364
27.0011,2.1346,0.6338,0.1045
23.788,5.4359,0.6233,0.3261
29.1541,3.0415,0.163,0.0429
29.2981,3.5307,0.4851,0.1531
27.8331,2.1547,0.6029,0.1006
23.4837,3.3807,0.3437,0.1039
27.2135,2.7356,0.0237,0.0055
23.3575,2.0098,0.5091,0.0773
22.0723,1.9132,0.7816,0.1104
26.7504,3.535,0.7486,0.2375
27.612,7.6078,0.9345,0.7013
22.6534,4.1891,0.7202,0.281
24.7346,4.9916,0.7292,0.3462
23.4794,2.0248,0.1937,0.0297
29.6168,1.713,0.9819,0.1145
23.391,7.355,0.5246,0.3823
28.2795,6.2421,0.7854,0.475
26.9386,5.6195,0.9952,0.5373
24.5091,3.8768,0.9241,0.3283
20.4817,1.8783,0.5271,0.0725
20.7873,7.3987,0.5246,0.3865
27.426,2.1229,0.7161,0.1171
29.2514,5.4108,0.1157,0.0597
21.4283,6.0973,0.78,0.465
24.8799,7.1461,0.9419,0.6638
22.6774,6.8064,0.6957,0.4668
26.6373,3.6616,0.8597,0.2845
25.2601,1.7372,0.3099,0.0373
23.88,5.3173,0.5672,0.2894
21.2157,2.9126,0.1686,0.0426
21.3118,4.5894,0.1366,0.0593
28.5556,6.4401,0.7281,0.4554
28.2229,4.4266,0.3304,0.1361
24.2403,7.3897,0.9339,0.6831
27.4559,6.7277,0.4182,0.2748
26.6298,7.0627,0.8159,0.566
27.4417,6.8516,0.9238,0.6193
23.6187,1.5426,0.6431,0.0627
24.888,1.9076,0.5773,0.0808
24.194,5.3933,0.9361,0.4851
24.1992,4.742,0.946,0.4242
26.014,7.3996,0.6583,0.4807
26.9479,3.2972,0.358,0.1044
27.9908,4.6619,0.0936,0.0409
25.6659,7.8335,0.3904,0.3033
23.4131,3.7761,0.6676,0.2304
20.5561,7.5737,0.809,0.6114
29.7613,6.3382,0.6226,0.382
23.9025,7.2183,0.5095,0.3635
29.1481,1.6845,0.96,0.1088
27.9636,4.4345,0.8192,0.3382
26.5455,6.8326,0.5872,0.393
29.9432,5.6997,0.784,0.4278
24.0871,4.0021,0.2284,0.0843
20.3537,6.0106,0.9407,0.5532
25.2927,6.8027,0.2468,0.1648
28.5537,5.1088,0.2339,0.1132
21.9396,2.5407,0.0888,0.0188
23.3131,2.2232,0.7351,0.1292
27.7411,1.4305,0.4172,0.0346
21.1182,4.2713,0.1387,0.0555
26.7771,3.6503,0.3055,0.1007
28.8806,7.0753,0.8976,0.6216
28.0987,4.5156,0.2015,0.0849
25.9283,7.8781,0.013,0.0101
21.3715,1.7186,0.3535,0.042
29.0843,4.7454,0.0988,0.044
28.9453,1.8307,0.1356,0.0177
22.0669,1.6041,0.5834,0.0614
26.7452,3.771,0.3407,0.1167
29.1167,6.0551,0.9884,0.5773
26.1807,5.2159,0.2727,0.1357
22.9837,3.2079,0.0933,0.0265
29.6697,6.3258,0.3089,0.1891
23.35,1.8668,0.1118,0.0152
26.0366,5.4897,0.2825,0.1488
24.9872,3.1814,0.5592,0.1566
21.4009,4.7279,0.3637,0.1633
28.2154,5.0094,0.8957,0.4245
23.8821,2.0766,0.0217,0.0035
26.1341,1.3098,0.728,0.0492
23.803,5.49,0.8844,0.4677
25.8511,5.7684,0.7151,0.3981
28.3677,7.3588,0.8944,0.6467
26.4588,7.8782,0.7655,0.5976
20.3621,5.4723,0.2195,0.1164
24.7828,6.3472,0.9173,0.5683
20.7927,1.7197,0.306,0.0364
26.03,5.9173,0.6752,0.3865
20.4442,3.5428,0.5636,0.1812
24.2086,4.5784,0.1643,0.0708
22.7937,3.2862,0.5893,0.1723
27.4556,2.1763,0.4886,0.0828
27.0108,5.8028,0.0205,0.0115
21.6697,6.7865,0.48,0.3216
23.5851,4.3523,0.8426,0.343
27.9412,4.5713,0.5501,0.2351
26.3443,7.1946,0.6293,0.4456
21.1056,7.7509,0.4877,0.3775
20.6222,1.5612,0.1206,0.0121
20.3096,4.6232,0.9493,0.4163
22.8711,4.0206,0.646,0.2402
26.3718,4.7058,0.8548,0.3786
28.7221,2.6211,0.5591,0.1218
22.365,2.1353,0.63,0.1047
24.7165,3.3685,0.947,0.2845
25.181,2.7348,0.9741,0.2255
24.8745,1.5704,0.8341,0.0839
28.674,5.9764,0.5176,0.2983
23.0512,3.4409,0.733,0.2266
29.9468,4.5312,0.8165,0.3444
24.6116,3.2888,0.6775,0.1977
23.9,2.6845,0.5668,0.1284
22.0893,2.6591,0.6574,0.1475
22.4549,5.8949,0.532,0.3051
27.8819,3.4173,0.4188,0.1274
25.9583,1.324,0.1464,0.0102
28.9979,5.7016,0.8765,0.4792
24.586,3.4303,0.0891,0.0274
25.1663,3.9414,0.7779,0.2815
24.6392,4.8182,0.5222,0.2382
21.1223,7.7921,0.019,0.0148
26.3307,3.3766,0.725,0.2179
29.1003,5.8695,0.5306,0.2995
24.9412,2.4744,0.5834,0.1185
28.7309,3.2739,0.3962,0.1142
27.5134,4.2277,0.3514,0.1374
23.8599,5.5046,0.3746,0.1987
22.2853,6.2619,0.042,0.0257
20.4119,6.9381,0.9272,0.6376
29.5543,6.755,0.2618,0.1722
20.4735,6.1746,0.2303,0.1394
23.4126,3.965,0.2322,0.0849
27.8006,4.5948,0.6961,0.2993
20.6404,7.4937,0.4821,0.3602
27.7608,5.306,0.5138,0.2599
20.1157,5.8666,0.348,0.1993
26.9483,4.4164,0.2531,0.1042
28.3089,5.4543,0.3125,0.1629
22.4847,4.8578,0.1171,0.0541
21.639,4.7962,0.441,0.2012
23.3946,7.5343,0.2799,0.2094
20.6439,3.2849,0.998,0.2928
24.8526,7.1353,0.0939,0.0661
25.9438,7.9557,0.6977,0.5509
24.7079,5.9112,0.2458,0.1409
28.0434,1.3967,0.2272,0.0179
20.9631,7.3726,0.4996,0.3665
